####
#
# OBJ File Generated by Meshlab
#
####
# Object coil.obj
#
# Vertices: 2012
# Faces: 4000
#
####
vn -0.9812628624865298 -0.1753963466025225 0.0797453215131105
v 6.0000000000000000 0.0000000000000000 0.0000000000000000
vn -0.8588163253898452 -0.1284415192945498 -0.4959206543038830
v 5.8660254037844384 0.0000000000000000 0.4999999999999999
vn -0.6074715641052969 -0.0924162794479833 -0.7889471022169080
v 5.5000000000000000 0.0000000000000000 0.8660254037844386
vn -0.0836007726160837 -0.0045724144746624 -0.9964888377919071
v 5.0000000000000000 0.0000000000000000 1.0000000000000000
vn 0.5015680650714875 0.1141772652610678 -0.8575505980395255
v 4.5000000000000000 0.0000000000000000 0.8660254037844387
vn 0.8579075115254504 0.1402450730745386 -0.4942934565078992
v 4.1339745962155616 0.0000000000000000 0.4999999999999999
vn 0.9900487888806877 0.1238204096641055 -0.0668722796567954
v 4.0000000000000000 0.0000000000000000 0.0000000000000001
vn 0.8610555014137468 0.0964139555200487 0.4992872646744548
v 4.1339745962155616 0.0000000000000000 -0.5000000000000001
vn 0.5956122911286235 0.0358207461051656 0.8024729732551628
v 4.5000000000000000 0.0000000000000000 -0.8660254037844385
vn 0.1036838413806889 -0.0043368027018765 0.9946008511854739
v 5.0000000000000000 0.0000000000000000 -1.0000000000000000
vn -0.4425398969575113 -0.0846125620647893 0.8927480909762100
v 5.5000000000000000 0.0000000000000000 -0.8660254037844386
vn -0.8554560357879512 -0.1491559274848575 0.4959309227403506
v 5.8660254037844384 0.0000000000000000 -0.5000000000000004
vn 0.4703097697915188 0.1169361522326138 0.8747197589740839
v 4.3669377197374644 1.1724361661122900 -0.8440380168974544
vn -0.4980433198814920 -0.1647182875168580 -0.8513640450940687
v 5.2488927478719170 2.1941783800738279 0.8321130136603139
vn 0.8899097280115099 0.2552255723968948 0.3780483873595518
v 3.8456081453636353 1.2525286273706353 -0.2445593176796421
vn -0.0021524017828955 0.0036092821480129 0.9999911700854868
v 4.6357765577821040 2.1600812452715812 -0.9652184660139426
vn -0.8590510954385557 -0.3366914695784009 -0.3855775794038784
v 5.5758178308440636 2.4932694505974085 0.3568232352570023
vn 0.4365685824396764 0.3591659547088788 0.8248682863370802
v 3.4627149130808919 2.9379591507681422 -0.8081971298263370
vn 0.7795209143417203 0.2821131602032635 -0.5592488792514262
v 4.0058723812702466 1.7111444089114138 0.7631629419964959
vn 0.6521230393301455 0.7338556722135003 0.1902403583230566
v 2.7665218384598660 2.9502350562954724 -0.2045593176796418
vn -0.6786568597399081 -0.3272245378467938 0.6575324847936557
v 5.3278878879626506 2.4361262161434047 -0.6955722386067404
vn -0.1051367477404099 -0.1000790084024327 -0.9894091450718226
v 4.1695975419118643 3.3367784049967968 1.0472356309950692
vn 0.3955018712779256 0.6622858228727904 -0.6363613428213329
v 2.4678875134098885 3.5291286259994532 0.8028008700187954
vn -0.3753397520635872 -0.6813240965003731 0.6284246542337397
v 2.8487370650359103 5.0374147646229535 -0.6412835901407434
vn -0.6283443189191729 -0.7483178857479219 -0.2126117559114752
v 3.7686522553494397 4.7090308782840316 0.2944920067125426
vn -0.2123720581182710 -0.5328832628616595 -0.8191053272275314
v 1.9658138245797987 5.1897332293267233 0.9648648909806158
vn -0.0084565494132098 -0.0465966325996450 0.9988779908489304
v 1.9006583093372857 4.7480388868461505 -0.9052184660139428
vn 0.1515029513886512 0.5818424398083161 0.7990658489501564
v 1.0814903733409675 4.4660516522276144 -0.7547756026840647
vn -0.2780450645159258 -0.9523865008317483 -0.1251035376469954
v 1.5765256062602924 5.8444176073077614 0.3336178083668838
vn 0.0882187107912793 -0.8608736373271489 -0.5011128012947277
v -0.6860178358725593 5.9055767053044734 0.6751872762333756
vn 0.0286289531684576 0.2309415598105468 -0.9725463377098028
v -0.0033844253402969 4.8530482640820720 1.1222962195952157
vn 0.0918399973611850 0.9884479401479963 -0.1205656854245039
v 0.4699548185540585 3.9780883458812770 0.1102348556680808
vn -0.0245384244861741 -0.7781394984468513 0.6276119714286997
v 0.4386754114445210 5.7447922499279196 -0.6056485419585712
vn -0.4503042416409647 0.6381460472204410 -0.6244963669846947
v -2.4916849906268883 3.5751810332072171 0.9159461744934337
vn -0.3780021388148528 0.7174558163735492 0.5851252298467062
v -1.8836299918114199 3.6576232460457088 -0.3850105605488728
vn 0.0988462704437576 -0.1198223466950998 0.9878623487368262
v -2.2548010629315045 4.8880650135900998 -0.8280303757600594
vn 0.3122089258191318 -0.8488681799476308 0.4265540993956811
v -2.1452805704350606 5.5180254868459953 -0.3511642506678426
vn 0.4929542017996084 -0.8535664449309935 -0.1685837448153764
v -2.7986271326586101 5.3432724848073772 0.4699370141513000
vn 0.2076581131177814 -0.2738978095861923 -0.9390729992712220
v -3.6104465474196883 4.2028442605461329 1.1787126954896263
vn -0.0787324894460368 0.0066338276056322 0.9968737068640784
v -4.3838797208108211 2.8061188200449472 -0.7952728395466011
vn 0.7438650810869455 -0.6183165641459394 -0.2536717714730441
v -4.5983013121582772 3.9092900589071662 0.4902973402710638
vn -0.9124895754954746 0.4069241402657502 -0.0421369040280413
v -3.6866217346524790 1.7732819866084224 0.3837495910689205
vn -0.6193952545773578 0.3351354194235593 0.7099533570980880
v -3.7598216191834939 2.1997204629436320 -0.5231629419964959
vn 0.5690256724350740 -0.5631546507182500 0.5992216814203385
v -4.1587257922824090 4.0142618246714257 -0.5128584333268751
vn -0.4456432432003256 0.1099817230683440 -0.8884290182005614
v -4.4231129672352907 0.9285722688929741 1.1330963781831309
vn 0.5234233633327721 -0.1461401962949563 0.8394468570101865
v -5.2518150708365638 1.7933748760983690 -0.6448648909806239
vn 0.6395440819757600 -0.1663481939358866 -0.7505409020060473
v -5.6833558813350153 0.9637448704260129 0.9947390100503145
vn 0.8898380482508661 -0.4053947113667081 0.2093880987090540
v -5.4169363403594568 2.6576248564734617 -0.0619070713673656
vn 0.8221515182818107 0.2895882630818895 -0.4901076604911702
v -5.6534162354887103 -1.9580784106173241 0.9076997642474107
vn 0.9741496485720502 -0.0612127682984755 0.2174521997685659
v -6.0148769963127595 0.4768898326449212 -0.0319070713673539
vn -0.0934757750753877 -0.0756496642263932 0.9927433745820163
v -4.7017714841604192 -2.1144293832508052 -0.7152330901282338
vn 0.7234914024479436 0.1929732891077128 0.6628133223426176
v -5.5002271928851352 -1.6803084515523405 -0.4982820931229587
vn -0.7755066618828210 -0.0628009258556079 0.6282081351646460
v -4.2707256753330318 -0.9815393005995579 -0.4551787773787300
vn -0.1389437877979074 -0.0895876220119589 -0.9862396675324981
v -4.5140675422766829 -1.8291894101842621 1.2902995592876512
vn -0.8478222816831393 -0.3054890416295180 -0.4334441418751375
v -3.8620844949627364 -1.3380468868203319 0.5516753421585598
vn -0.6144910513579066 -0.7825604505516589 0.0999994451656578
v -2.1787488413032938 -3.3625758467738289 0.4114412496091340
vn -0.3383569919957976 -0.5626835222499472 -0.7542557919936371
v -2.4973295433245988 -3.8223226482360686 1.1918937090263761
vn 0.6281209663748162 0.7267408029902481 -0.2780500977691904
v -4.3543355569546307 -4.2248723395070567 0.6065542011632256
vn 0.7000634354630429 0.5087623987886412 0.5010708611628795
v -4.8137969321137817 -3.5635451706539238 -0.1987855202424683
vn -0.2566615845740748 -0.8598643431451797 0.4413141085343110
v -1.2757031661755480 -3.9963814082912434 -0.1429111480477427
vn 0.1396804302354109 0.1006835947483938 -0.9850645619236293
v -2.3873050171571188 -4.7583021977501474 1.3343929824849607
vn -0.0502277624696111 -0.1856973720067512 0.9813224026318172
v -1.5120423159090912 -4.5763050522407767 -0.6479075858546991
vn 0.3309643610048770 0.6567731570089466 0.6775777534550077
v -2.6290079694696282 -5.1134426458310882 -0.4126077247577481
vn 0.1885450097118316 0.8529997183993738 -0.4866644220850281
v -1.2308421531018381 -5.9304873326761145 0.8516874591793765
vn -0.0380132934899736 -0.9896781405213468 -0.1381744104103745
v -0.1737663086166861 -4.0449295945953878 0.5543526968168231
vn -0.0629912046911942 0.8073188885182548 0.5867438285770050
v 0.5460923072089457 -5.9767486947633994 -0.1572399621984157
vn 0.0282992916450281 -0.6663029286089573 -0.7451439843543772
v 0.3353473743728063 -4.2713347261681420 1.0545026483603532
vn -0.3978711022811972 0.6463982390137788 0.6510513824341601
v 2.6276724179586370 -5.3658845391122787 -0.2188315437085542
vn -0.3919599270770716 0.7304213924335338 -0.5593317486440356
v 2.8619681126724292 -5.1461279006553386 1.1087515773489645
vn 0.0666913753501372 -0.1478901263784519 -0.9867526392027907
v 1.2490403220877961 -4.6268769685827307 1.3935738308087362
vn 0.3718043751526276 -0.8336047738533159 0.4084906212219886
v 1.8322197788359036 -3.8372531718431406 -0.0698241764751718
vn 0.1033434395159417 -0.1349779405844934 0.9854446149148028
v 2.0068846829271330 -4.4428262547647028 -0.5840467425993954
vn 0.3998632020262466 -0.7750946684607016 -0.4892214984944059
v 2.1848260586195423 -3.4128973988586737 0.6861013990901644
vn 0.1375864774139024 -0.1064664269433230 -0.9847511671314515
v 3.5109933593039622 -3.6250311821659693 1.4948153148059846
vn 0.0838568399806688 -0.0044241302360429 0.9964679911869277
v 4.4598404865187398 -2.5207197085642425 -0.5961536767306383
vn -0.6608520123030969 0.3581308811855419 -0.6595581018956667
v 5.0855425625720994 -2.7078277189853730 1.1856485419585707
vn 0.7780404226687440 -0.4503628787666179 -0.4379798832395010
v 3.5519063971312326 -1.9764888295062992 0.7595324866843433
vn 0.8020905247666669 -0.4259780533455351 0.4185612119481228
v 3.6390041443240331 -1.7948648012468345 0.1402472477058637
vn 0.0445487143573290 0.0149623733653181 -0.9988951593797949
v 4.8813283690035716 -0.8142516160836742 1.5459132657200536
vn -0.7863443687960682 0.4614574945518112 0.4107548105435632
v 5.3458255793100395 -2.8060638853568101 -0.0750257560422017
vn -0.1120240992844133 0.0118887130960040 0.9936343692125573
v 5.1516510936775584 0.1098087281337567 -0.5523348502280572
vn -0.0852292110769943 -0.0368899004252427 -0.9956782195196442
v 4.8580130393802738 1.5987759658774390 1.5252184660139425
vn -0.7126367641383623 -0.1575147627939180 -0.6836211976675239
v 5.6275970159328983 1.1532801725777626 1.2905944397448286
vn -0.9957375462982533 0.0307665012299005 -0.0869491880008343
v 6.1608988478533169 -0.2746672724066984 0.4595969549387896
vn 0.5019319078496999 0.2297129485000007 -0.8338443027171180
v 4.3893315770563719 1.3597820026202725 1.3847756026840639
vn 0.8863637306722623 0.0409773593506780 -0.4611726281658472
v 4.1654138229758946 0.2419534616494358 1.0009277551429308
vn 0.8501699481445906 0.0473763295732124 0.5243725228003413
v 4.0651890826837764 0.5456766988308762 0.2472407257149784
vn 0.8128406916620101 0.5737506631365153 0.1004996842225590
v 2.9438806152177652 2.6958777192801380 0.5798411714136023
vn -0.5506315518311016 -0.4165769996877788 -0.7233730002282373
v 4.6154344830713034 3.4485995192127268 1.2756485419585699
vn -0.8231764404343289 -0.5393069854764918 0.1775627306901049
v 4.9898276662231984 3.4870225478648962 0.3237895703285112
vn 0.2570113565984326 0.3857773119232698 0.8860705548570551
v 3.3246072840045473 3.5354031333058469 -0.4322962195952152
vn 0.4000181865859612 0.6689229402242298 -0.6265201915678780
v 2.4921754965094132 3.5284484320822398 1.3174275737581829
vn -0.3249734688514007 -0.3493423133194030 0.8788357028861173
v 3.9107181758280158 4.0295964938797617 -0.3093413511393989
vn -0.3828507349444551 -0.8124341691208338 0.4397454213490244
v 2.7156436703936926 5.3530089436045056 0.1490070541605045
vn -0.4514522358316723 -0.7845615795311272 -0.4250341241432352
v 2.8199563695295824 5.2056392569325904 1.0911642506678443
vn -0.0648047944526414 -0.2204017758280336 -0.9732540243059876
v 2.3626970890971148 4.7992214621891174 1.5741984295500056
vn 0.3518271412200105 0.9197701486214517 0.1738980632607146
v 1.2149836337984183 3.9232013403809876 0.3252871421449089
vn -0.0369933431994777 -0.1183826273824498 0.9922787139170899
v 0.3374272016424541 5.0672590066227610 -0.3802007403427524
vn 0.0049284562197035 -0.6969186896810149 0.7171332165592302
v 0.3301704058787953 5.7366045515447253 -0.1319252762729767
vn -0.0126724031753575 -0.9377244133513618 -0.3471488654779181
v -0.4020203913757653 6.0748706401255506 0.8974688721581566
vn -0.0077751530853711 0.1020627336750977 -0.9947475787300338
v -0.3551858702356271 5.1010137689316100 1.7006171341755900
vn 0.0835299705850950 0.9820533244997657 -0.1690976399983478
v 0.1828833348605765 4.0541213770398628 0.8877596090752881
vn -0.0201096016814294 0.7537497994039031 0.6568537461404861
v -0.3905080932318729 4.4481161632712496 -0.1429597333553296
vn 0.3600356058328754 -0.8859546262734584 0.2923333075740958
v -2.0272505936160909 5.6409112640058439 0.3035530443745070
vn 0.3557138540509194 -0.6525239609798548 -0.6690890332260737
v -3.1519889667736876 4.8228663328745549 1.3956485419585707
vn -0.4990269883893848 0.8216042003057440 -0.2755695971963883
v -2.1748847097751312 3.4374296178500776 0.9384829757061199
vn 0.1616857726538612 -0.2076623195106256 0.9647455996151476
v -3.1931433827839055 4.4486142942016675 -0.2872969643380186
vn -0.1631425751113225 0.1566374137114924 -0.9740889183292363
v -2.7709190610090562 3.9251992633130333 1.6626934906855972
vn -0.4615033415902601 0.4651841378702545 0.7553928670400137
v -2.7286355693525071 3.3246032830846306 -0.0557764608372249
vn 0.7400538036868493 -0.6615238937856244 0.1212703822016427
v -4.4245108345355026 4.1820303160569372 0.4225311278418435
vn 0.3304235765726801 -0.2544343296325944 -0.9088913202079391
v -4.5449907929238762 3.1847304466409150 1.6598089904003681
vn -0.7863438229365735 0.2633307013959522 -0.5588562729645351
v -4.0255393708804919 1.1726672055513847 1.3039868204666767
vn -0.8150725481614519 0.1792599519509468 0.5509288618870335
v -4.2456580912263560 1.0127104041079416 0.0563432735058874
vn 0.9173972075827630 -0.2583852830449938 -0.3026869819220957
v -5.7968306245377290 1.4169300275475389 1.2603563073157296
vn 0.5350649679855023 -0.1110257426555328 0.8374835905869802
v -5.4549031686254583 1.4359240447888386 -0.2092558108244667
vn -0.2386738007307313 0.0642386377262693 0.9689727623972825
v -4.7605444175594389 1.0382673943470671 -0.2540375980810060
vn 0.9849402619342438 0.1396052056378616 -0.1019954262686014
v -5.9707827212688533 -0.8529157811766510 0.9844920067125457
vn 0.3484829783243044 0.0221529511071900 -0.9370532858783779
v -5.5016253895601217 -0.2378154544778342 1.6939487490974880
vn -0.9341548315000905 -0.3215341372888130 0.1548242530838638
v -3.8811965964927828 -1.1453773677625279 0.7904531574057349
vn 0.5909077893395569 0.1549988999198644 0.7917091167350985
v -5.6177100713219410 -1.3603792732092637 0.0671415666731246
vn 0.6893009926298590 0.4231214786058513 -0.5880751277701595
v -5.0112645326200358 -2.8429389538895151 1.5156485419585719
vn -0.3098233420010845 -0.0856050210643772 0.9469325620760154
v -4.5303573473273557 -1.4330273405594878 -0.2140374704486499
vn 0.0865401012244268 0.2710876319899624 0.9586565113022186
v -2.0068414468935187 -5.0794072105069805 -0.1566690476817991
vn 0.7792569650399204 0.4440854554280004 0.4422066154119335
v -5.1327445343791043 -3.0371972927281869 0.1984360966093733
vn -0.2401969609214570 -0.1143902242921126 -0.9639607339256596
v -4.0957507073906427 -2.6032508620480557 1.7922962195952152
vn 0.3924431416019281 0.6625333694783592 -0.6379952311242312
v -2.9109707445988167 -5.2168238163297698 1.4199502626543730
vn -0.4301584517238478 -0.6285932867296130 0.6479461291565870
v -2.5526511322617820 -3.5501078069067971 0.0941903169341918
vn 0.5768202948122461 0.7736610875514134 0.2621580994390177
v -3.7436933938779169 -4.6725025397964171 0.3000803696085735
vn 0.0786240802268509 0.6234415746124858 -0.7779067148785810
v -0.7920025413751050 -5.7301047231251987 1.6032104310723589
vn -0.0274641708699143 -0.1390295192510700 -0.9899073250033280
v -1.7091151990760385 -4.4773895793073217 1.8435738308087368
vn -0.3377809368380172 -0.8610030077257331 -0.3802339535024093
v -1.7751818921103144 -3.6976011936851676 1.1027592742850250
vn 0.1408370705123572 0.9766461025473764 0.1622569257335929
v -0.7137300768255428 -5.9953476362331433 0.5953584254627545
vn -0.2417351594665644 0.8085961059853585 -0.5364107102426179
v 1.9528406373003599 -5.5468035513041976 1.6051568936538489
vn -0.0534054780230407 -0.9533712049297074 0.2970373722749515
v 0.0034922891361744 -4.0336412463273286 0.6041492223626530
vn 0.0412406090622131 -0.3467829963623048 0.9370382946273644
v 0.6891603109078722 -4.7077233363454276 -0.0739795576742980
vn -0.1698668216523115 0.7221366038529893 0.6705698981295035
v 1.0049559415193152 -5.6920437250617075 0.1871415666731249
vn 0.2758839633634916 -0.8674300839370774 -0.4140689414092374
v 1.5328381824352080 -3.9337580200403552 1.3928492066646059
vn 0.4364092147305875 -0.8550099950095843 0.2801872690397306
v 1.4881294278154626 -3.7490991859680256 0.6341492223626570
vn -0.2522622933463232 0.2466861978846122 0.9356867291614687
v 3.6068349250774570 -4.0135128295157552 -0.0592293522555454
vn -0.6213479047338923 0.7702652511957729 0.1435904735110064
v 3.6832583148836622 -4.9461893773645675 0.8527312810441696
vn -0.5499856849588836 0.3831009357728472 -0.7421249351357739
v 4.8909416792737117 -3.0104753915068621 1.7411093859773770
vn 0.1067493655741418 -0.2063032886871188 -0.9726476885421552
v 1.8004783424568431 -4.5974240455244777 1.9006331364401570
vn -0.8917968848746358 0.2683204320204278 -0.3642834911003608
v 5.4926065495756546 -2.1402634706923576 1.4736658699545080
vn 0.4837571368908228 -0.4519392103960784 0.7494864792734843
v 3.3828201893230578 -2.7705271719306870 0.2141903169341930
vn 0.2819113746083448 -0.0699118355775113 -0.9568899164024128
v 4.6165690203964820 -1.4964556083493965 1.9722962195952156
vn -0.2260361536199577 0.0150373866215590 0.9740028409918980
v 5.2031110564547776 -1.1498534780697680 -0.0089652877376291
vn 0.7296635461600003 -0.0796512787460075 0.6791515171148035
v 4.1444001390766578 -0.4840854475377406 0.3880869892609382
vn 0.8284707205502672 -0.5101624674029198 -0.2310206095660859
v 3.6489804762499025 -1.9124566543113619 1.2410403931852352
vn -0.8686123287852934 0.3992584141192960 0.2934371159842160
v 5.6765529092665066 -2.0348767965913805 0.6659066986682592
vn -0.6101225831313363 0.0155940956772196 -0.7921535569150439
v 5.7610008716849901 0.0770912957649330 1.7256485419585692
vn -0.9934659495221205 -0.0610748542026514 0.0964119770787647
v 6.0433691527855409 0.3736724488068602 0.8268605880476950
vn -0.6339268621834699 -0.3815285038414466 -0.6727352630557784
v 4.9117144853518795 3.1931428251903871 1.7755722386067381
vn 0.9435990855299449 0.3072922725651053 -0.1232567442731839
v 3.6826238792837862 1.5087099276785263 0.9960609018085678
vn 0.2901139545578070 0.1453858740995795 0.9458841583318393
v 4.3926103744884504 2.0632651322070368 0.0377037804047851
vn -0.6022258964223038 -0.1516869390474983 0.7837825222603226
v 5.5419890662203599 1.3254567833319155 0.2558316635787209
vn -0.3910826865258001 -0.3172781121180048 0.8639380370550874
v 4.7294520071701278 2.9034528920513707 0.1751351090193829
vn 0.2358821986266397 0.1826286988073051 -0.9544665246843459
v 4.3897283380409720 2.0693897714169123 2.0322962195952154
vn -0.8501886845787930 -0.4559312064896848 0.2632602050501409
v 5.2908851504873171 2.8844835223728142 0.7745639297472643
vn -0.5644503465483538 -0.8139403602233855 0.1374659822678645
v 3.3760280355699268 5.0842100665555865 0.8848123014299306
vn -0.2884761229743464 -0.6749588096144696 -0.6791260058321341
v 2.3831605799340205 5.2455333152775303 1.8156485419585702
vn 0.5310263723831797 0.6396154849066431 -0.5557904490913823
v 2.9395567160365239 3.0703858208267301 1.6595538991018666
vn 0.6205224889470226 0.7051985552207085 0.3429968490024619
v 2.1848260586195454 3.4128973988586710 0.8138986009098375
vn 0.0634622102277255 0.1180570555949432 -0.9909768309588597
v 2.1166895460130131 4.4113043638716611 2.0800359385194311
vn 0.1770965870771200 0.3928656111043163 0.9023820756515879
v 2.2405951925368974 4.0987946193250560 0.1187656819649229
vn 0.2074182222949180 0.9409417782637814 -0.2675934434507112
v 0.8030138505664076 3.9653825587895706 1.4398341661429972
vn -0.0411814731458722 0.1545294203103724 0.9871295479966528
v 0.0033844253402996 4.8530482640820720 0.1277037804047848
vn -0.2024707079524661 -0.5584842348033815 0.8044258647615136
v 2.3149805247097648 5.2941875597934116 0.3414753402472125
vn -0.1481529274623407 -0.9881756424830757 0.0394918939467199
v 0.3787126078324753 6.0194645281303725 1.1199999999999997
vn 0.1331520183578153 -0.8116496327703171 -0.5687665721814614
v -0.7834846755960855 5.8872129223298808 1.7729013417274442
vn -0.0005162316363624 0.1056220290492358 -0.9944062150270481
v -1.4507081024171686 4.8399309352863682 2.1968810271644306
vn 0.1061414913507678 -0.7389258973466682 0.6653739565419252
v -0.3914202845134692 5.7327510358110949 0.3780747237270208
vn -0.1951191161838014 0.9102363317467037 0.3652373897452956
v -0.7497521889539768 3.9819613680265169 0.8727804811463147
vn -0.3231412454380536 0.8416531474660017 -0.4326658235374231
v -1.1824719588003698 3.9226336408530296 1.4970886336098543
vn -0.4418830404668720 0.4504295478922449 0.7757915963281252
v -3.0870289613000326 3.2474356133504418 0.3844554443925465
vn 0.5486352544273889 -0.6018200507353942 -0.5803550500618065
v -4.0794426952070513 4.2905688778867050 1.6911642506678428
vn 0.1237141078661887 -0.1652964307070233 -0.9784538361672416
v -3.6590947198321659 3.8329926193937216 2.1848463449052096
vn -0.6727199275591745 0.7344971563633905 0.0892290667824782
v -2.9763374502210644 2.7410002715379433 0.9535450945931965
vn 0.4742943687538783 -0.8439062299937603 0.2507331783910514
v -2.8985010614697648 5.3142554071052235 0.8988846845416899
vn 0.7912699554356770 -0.5796190548958865 0.1947655226841263
v -4.8627080545620567 3.5591826649646383 0.9345639297472660
vn 0.2569436006577702 -0.2531909821759472 0.9326705273706248
v -3.6228342118303494 4.0048154658517756 0.1919876617035473
vn 0.8200563947720972 -0.2456374131585155 -0.5168846782892514
v -5.7038802872365482 1.3666411023476259 1.9065334527399791
vn 0.1386707825951610 -0.1068580622783586 -0.9845566355373164
v -4.9052633944726844 2.2235396320831544 2.1954827457177086
vn -0.5662111620352070 0.3964669652155587 -0.7226471237606259
v -3.4485829322873438 2.6701518621212692 1.9202724172470806
vn -0.9774431518366525 0.2111258283162614 -0.0055470303228897
v -4.0194471586630147 0.5760452277183369 1.5086531947941499
vn -0.7225678084313452 -0.1374899225456065 -0.6774896924803548
v -4.2873814675501141 -0.7664356905645140 2.0049441618751898
vn 0.8204851367638166 -0.1841848548579048 0.5411839609510187
v -5.7624126460813265 1.5509792032217340 0.6996436926842693
vn -0.7384905591694395 0.0753384024663774 0.6700416547733602
v -4.2148673606588654 0.8832387954261319 0.5071991299812036
vn 0.0145564231799419 0.0229912341851954 0.9996296882820398
v -5.1133723940693114 0.6659776332940212 0.2397587823097307
vn 0.7250370144984924 0.2788159765726614 0.6297483456230321
v -5.4420139625303294 -2.0414279964550639 0.5200469787998846
vn 0.9800100502872250 0.1601212073664078 -0.1180741304755396
v -6.0249598285183659 -1.0375252754498769 1.3099712337741667
vn -0.1118681885497517 -0.0900962815842160 -0.9896303190764189
v -4.6193263939982820 -2.1950396227783511 2.2852184660139425
vn -0.8742543818377806 -0.4816175906871868 0.0610227185407989
v -3.3317328491026497 -2.3236937117002419 1.3883827516538390
vn -0.4930281010569067 -0.2297038160526383 0.8391420907445154
v -4.0441305849799951 -2.0479032230132868 0.5022761151848883
vn 0.8210967688152391 0.5286376430829280 -0.2152727074129474
v -5.1208612437224774 -3.1984971509120985 1.5646415745372459
vn 0.5159267412360551 0.1847450539616051 -0.8364740657750653
v -5.0408523800863092 -2.4741002074325755 2.1593413511393975
vn 0.1005339106618527 0.1244388805546152 0.9871210147764806
v -4.4113699539769229 -3.0428006142224291 0.3060756693805545
vn -0.5083455164769911 -0.7378745340468096 -0.4439887474733394
v -2.2241183716016248 -3.5530556435180012 1.9111132402874442
vn 0.6338615623174864 0.6795334331501849 0.3693965796370599
v -4.1290072319177407 -4.3623506525813465 1.0497886727575048
vn 0.3961593379437240 0.5756631129100349 -0.7153109529391526
v -3.0218082991186503 -4.9054814967356242 2.0556485419585711
vn -0.3254177474055333 -0.7219296221674114 0.6106725065947599
v -1.3671249274907149 -4.0359414601089503 0.7007877857815389
vn 0.1390891972891993 0.1605783686391725 0.9771738753787005
v -1.9881758932228697 -4.9493155665295259 0.3540842324686421
vn 0.3940409920994606 0.9036993398504582 0.1675088048405778
v -2.3872951383651686 -5.5375805575491279 1.0359066986682641
vn 0.0153149211362288 0.7868750984327919 -0.6169222257764548
v 0.0642314268866337 -5.8580691880072928 2.1055722386067375
vn -0.0132128406301604 -0.2724869795685583 -0.9620687432860949
v -1.1517401239544423 -4.7346993811980829 2.3489965179763872
vn -0.2588737465446153 0.9636366505956262 0.0662479356568748
v 1.4815671123771066 -5.8770431491087196 1.2663936033157142
vn 0.1528099133122028 -0.9748026680552211 -0.1625081190154501
v 0.9798135237544103 -3.9937908004425844 1.6228487420079254
vn 0.0546116231405764 0.8040579738542999 0.5920374526153473
v -0.8868120866587057 -5.8983753995653547 0.7981221019517022
vn -0.3302159672062309 0.6908621000317947 0.6431694751321084
v 2.2641825258068695 -5.2851164684961924 0.6573922752422514
vn 0.1400957790313262 -0.6759490383205866 0.7235095509328678
v 1.0465916686715890 -4.2492435095497765 0.6669260034751049
vn 0.4385783398276610 -0.6171130193218176 -0.6533150550978621
v 2.3314237343366617 -3.8391170402241559 2.2379343799643028
vn -0.0054537391381123 -0.0076937665884175 0.9999555303537735
v 2.4469016368426018 -4.4909962880716243 0.4147815339860572
vn -0.5646785396129687 0.7514008010502720 -0.3413722060765561
v 3.7245007865271598 -4.6535195517152701 1.9958529939646914
vn -0.5840078851520499 0.5031065145165430 0.6370389510314464
v 4.1468162745975725 -3.9998736100245265 0.7143514580414307
vn -0.9049903148656098 0.4245289364821208 -0.0277076178839649
v 5.4821438739786252 -2.5797010915608976 1.4650000000000003
vn -0.7155365093228504 0.2841929945009961 -0.6381550326547829
v 5.4613150935820309 -2.1187705610606042 2.1546850597456455
vn 0.0813204052674483 -0.0714384356458255 -0.9941245101090785
v 4.9255042363632047 -0.7930331266147774 2.4871597800383851
vn 0.5832885483714672 -0.6522793411114098 0.4840517849341862
v 2.9543796212996285 -2.8377432887589853 0.9051578023614115
vn -0.1261995443304352 0.1597073045992135 -0.9790644778912391
v 2.8357190010187145 -4.4298045674871505 2.4203172460860753
vn 0.8999073268146341 -0.3249653000512119 -0.2907995132526275
v 3.9152996259471085 -1.4586631230343765 2.0044889786322160
vn 0.7678201586357809 -0.2161398439961787 0.6031051084428253
v 3.9927614233855344 -1.5988418546426340 0.7342235391627751
vn -0.0937632801232780 0.0137474127207706 0.9954996011772222
v 4.9049249397996224 -1.9828367565112595 0.4740492725303156
vn 0.9766578904976329 0.1473497142968958 0.1562927593503195
v 3.9964047980978648 0.2904270977427304 1.5184625498457003
vn 0.3139019974131957 0.0527135741292599 0.9479909362027282
v 4.7036101371147661 1.8077006761748657 0.5404836890819660
vn -0.9585041714807724 -0.0289761168771072 -0.2836020766931764
v 6.0207043278929451 0.6852402996960673 1.8050410252194027
vn -0.4718100832251522 0.0500498049323912 -0.8802785141040900
v 5.6092394788110900 -0.2603786158398863 2.3693413511394037
vn 0.2775140873477175 0.1060143802043439 -0.9548543776479491
v 4.2250520595825654 2.5154694046422761 2.5424609333566686
vn -0.8627490408093119 0.1340905937573901 0.4875282609740720
v 5.8765784074842067 -1.1633501984731107 0.9673671330821125
vn -0.5827299684285026 -0.3280670122861647 -0.7435037453469524
v 4.7692158451156725 3.1374367599674224 2.3210568667045575
vn -0.9201253605679695 -0.3520653992381146 0.1715204812813070
v 5.6106865877868719 2.1986147639175000 1.2645639297472684
vn 0.6434619509510107 0.7311824675851261 -0.2265588594040084
v 3.0620730154439473 2.7382958627720995 2.0826502810579401
vn -0.5158013787768970 -0.2020242094452007 0.8325473899123664
v 5.4504743388358206 1.6678906133227620 0.6397992410992517
vn 0.5474936061689647 0.4122148854736228 0.7282373510045133
v 3.6802768478529724 2.3611132050063492 0.8141903169341914
vn -0.0868199529921458 -0.2256157174985122 0.9703400660490492
v 2.7014253831676065 4.5931284094839828 0.5910347122623714
vn 0.1424132979963253 0.5079622005586901 0.8495250763558325
v 1.0851249251103789 4.3767792198895989 0.7291469856158384
vn -0.3039681846584143 -0.5886941184263859 -0.7490277549234396
v 2.7354724856842525 5.1945038649224049 2.2924821137932589
vn 0.1123260272305802 0.3820253315429468 -0.9173001197351369
v 1.4211519210832908 4.3023626826091643 2.5284987152181051
vn -0.6389473510073334 -0.7190738594577595 0.2732747102921051
v 3.8959607005585735 4.6783719293194794 1.3025311278418426
vn -0.1800507147028598 -0.9539321292741875 0.2399900682807608
v 1.1500043693689470 5.9153360696514774 1.3445639297472620
vn 0.0104555062297349 -0.7288245988809818 -0.6846206149798996
v -0.4386754114445114 5.7447922499279223 2.3556485419585691
vn 0.0484039998111807 -0.4755959363846858 0.8783311209883510
v -0.6120718791582289 5.5818216174456339 0.7606586488606015
vn 0.0905150286888028 0.9950868390126295 0.0401149897833480
v 0.5751309268006344 4.0315859055331993 1.3998724264240714
vn 0.3070551225957018 -0.9356298649984395 0.1741088952659819
v -1.8625199302647177 5.7962654527469679 1.3825311278418420
vn -0.2660011031760827 0.8091350208235097 -0.5239693990931585
v -1.2554761029333239 3.9435467045096599 2.2180620425748097
vn 0.2258967548553059 -0.3751707705215011 -0.8990092041198160
v -2.5477164533035226 4.9444784306467380 2.6092782933878147
vn -0.7506094498428362 0.6364579864075602 -0.1775012263187742
v -3.0710140688028704 2.6877311263267201 1.9514803320194634
vn 0.7398857197811465 -0.6691558524367928 0.0692789059781122
v -4.6175777984246400 4.0199154551411391 1.6502321414305681
vn -0.3320624658911024 0.7863995243910187 0.5208745595475943
v -2.1496444700148634 3.7654371569842198 0.9476943619564443
vn 0.1401914653489741 -0.1749367639057786 0.9745478344737529
v -2.5514553001594300 4.6249510508021450 0.6620463971362762
vn -0.0215289930819929 -0.0068401854122902 -0.9997448246029589
v -3.9095352445262566 3.1288290769070484 2.7463604262682106
vn 0.1079369392426408 -0.1088599961005088 0.9881796994453630
v -4.4144410164894756 2.9844996563522099 0.7110347122623707
vn -0.6323160881631253 0.3893871140537921 0.6697417711767287
v -3.4742116767412297 2.4710324424631001 1.0243015531905064
vn 0.8454491651014477 -0.2875047834007015 -0.4500630053125682
v -5.7196885800829973 1.8289460399870860 2.2262373609914308
vn 0.3370561162601584 0.0260600784206274 -0.9411238211863141
v -5.2955742965581782 -0.2539810224906445 2.7463668798112826
vn 0.9989954112788217 0.0444331301974458 -0.0058193800971124
v -6.1033944721494029 -0.4037937279536069 1.7538253065581417
vn -0.8311567759292853 -0.0551636550354726 0.5532950252712953
v -4.3115076002890094 -0.4353981281245918 1.0835519914050769
vn 0.7295358478413652 -0.2008660881551017 0.6537815088725342
v -5.5782045750894973 1.5142430223910326 1.0271415666731250
vn 0.5749271049237312 0.1632204872756551 0.8017592509959051
v -5.4661655645312219 -0.9585348223304556 0.8951351090193824
vn -0.8848403342446548 0.1308332556748281 -0.4471467791490089
v -4.1466690177647925 -0.0763131832472682 2.3149014006117512
vn 0.9175973157816701 0.3889361606625382 -0.0821208195243958
v -5.6366036716620425 -2.3371435146311601 1.8276347472326702
vn 0.4638897436665390 0.2943005444779861 -0.8355797360162305
v -4.6910167742800821 -3.0863775170355634 2.6693413511393969
vn -0.4263285590576854 -0.2613955212500544 -0.8659771020080208
v -3.7340357934934234 -2.6212537228672033 2.7743581993726747
vn 0.6830274922809126 0.6989342562210069 -0.2120479904861997
v -4.3782802768853095 -4.1405763709325045 2.0754360702527332
vn -0.1114935807093342 -0.0744766911695012 0.9909704354485325
v -5.0243777558999767 -1.1237862420760525 0.7727646215156173
vn 0.1757867250375538 0.1625319119404945 0.9709183307063157
v -3.5150570950796109 -3.7149359211413850 0.8147815339860573
vn -0.1298971922215443 -0.5124696477887304 -0.8488236445506532
v -1.2206867922474653 -4.4834196520548462 2.7949652617032106
vn 0.2670271661538035 0.5987643406012025 -0.7551011567732341
v -2.3831605799339948 -5.2455333152775427 2.5656485419585691
vn -0.6408625605501260 -0.7494398903918330 0.1662378692555151
v -2.6452210374066576 -2.9737248935936327 1.7641484865402808
vn 0.5737872804420505 0.5346757704974950 0.6203950171026729
v -4.1523034563098093 -4.0779414642529526 1.0958133004291344
vn 0.3757490648240070 0.8762098139861917 0.3017764108709755
v -2.3122483938274394 -5.5731208993251649 1.5680929286326422
vn -0.1837478068633381 -0.2789373220509320 0.9425660262496034
v -1.6640472298691293 -4.4574149192628285 0.8860204423257017
vn 0.1894474340167763 0.4183649117603754 0.8883020152809474
v -2.7857358756438355 -4.8755553719951248 0.9606586488605986
vn 0.0103243765521510 0.1908449648088086 0.9815658952184179
v 0.6420991421310214 -5.2949293339154799 0.8940842324686420
vn 0.0083389138190614 -0.8923486720497736 0.4512696643995956
v -0.0151815904081266 -4.1817372953084355 1.3783271824076391
vn -0.0117447301588453 0.9904685020119510 0.1372377784565818
v 0.0735486000061585 -6.0528704561753592 1.6463821916331152
vn -0.0010663811721621 0.4042298452918915 -0.9146568181599529
v 0.3290399682252947 -5.6666902613100882 2.7635720341006764
vn -0.3786350702566587 0.9014309526203286 -0.2098993121230801
v 2.2331654516643860 -5.5760000002509429 2.1702113272424928
vn 0.2627539870883259 -0.1591505098565541 -0.9516467083332905
v 3.3246072840045464 -3.5354031333058473 2.9322962195952149
vn -0.3223304814504783 0.7281512330589225 0.6048957286364930
v 2.3889371143548455 -5.2632953248005441 1.2071415666731260
vn 0.4767821842005815 -0.5452514686108803 0.6894777623727983
v 2.9395567160365137 -3.0703858208267425 1.3404461008981312
vn 0.4785875654851615 -0.7159819093476946 -0.5082556912124209
v 2.3340585859152316 -3.4099632716697763 2.3468202615267142
vn -0.1087256474466611 0.1246850983563958 0.9862212529828994
v 4.0055748380426479 -3.5142421521105667 0.9510347122623706
vn 0.6467723921665053 -0.2020494030826812 0.7354328735140607
v 4.0287115444759003 -1.7833437053046577 1.2025409811622618
vn -0.7752531618207700 0.3707704416813972 0.5113822588458470
v 5.2912378633901804 -2.8018426231312903 1.4400803696085740
vn -0.5666537175419641 0.4763473378354781 -0.6723070564354690
v 4.5546625388497697 -3.6845826690249268 2.6755722386067422
vn -0.6303780004474973 0.7236947384064891 0.2808727508224647
v 4.0582030733268146 -4.4651043670773571 1.6580929286326398
vn -0.9470586710274869 0.1423217295850436 -0.2877922843294662
v 5.9811898088582431 -0.7342202237052357 2.2554360702527347
vn -0.1049938000762832 0.0045182936410275 -0.9944626121519677
v 5.0499462587489292 -0.3405666332629889 3.0573099418576311
vn 0.9202367330621557 -0.2510410051635943 -0.3002378537918611
v 3.9965731662197883 -0.7837675567563622 2.2495484688295204
vn 0.9147224280423836 0.2374675362534930 0.3269434949069063
v 3.8580962348917076 1.2884953541617901 1.7997032576326510
vn 0.1354419619852737 0.0210167103254175 0.9905623518086467
v 4.9068950366570139 -0.4211795567530323 0.9926598854385910
vn -0.9373385482515741 -0.2827565120023416 -0.2035809442995619
v 5.8159206324105135 1.8670655646158534 2.1231672995761119
vn -0.6575628638503164 -0.0416024695398928 0.7522501675726981
v 5.7460162441832443 0.0306854901226528 1.2480747237270204
vn 0.6359374739737838 0.2908932884829882 -0.7148178956289470
v 3.9982486070469565 1.6733613383187542 2.7665188592515153
vn -0.6065997747101419 -0.3947719365581740 0.6900665413043252
v 4.6306628933246499 3.5253640588657071 1.3358133004291342
vn -0.6953818413384460 -0.7088625439028619 -0.1181439316609845
v 4.4335650909610802 4.1670472765146886 2.2392350971380015
vn -0.3059039405902617 -0.1924313608218799 -0.9324124358370544
v 4.7120263196741456 2.7287153852540436 3.0324084780768028
vn 0.1822261697759983 0.1438129563099809 0.9726826083806334
v 3.7171371883109150 3.1146766471993992 1.0617957955855155
vn 0.6106290086737562 0.7880007624488613 0.0786575625488034
v 2.1881262841547522 3.3787105747070521 2.0661088916929993
vn -0.2866739680106238 -0.6194560161666531 -0.7308161739452562
v 2.3889371143548188 5.2632953248005565 2.7928584333268764
vn 0.1942412608299677 0.3287459468973584 -0.9242274801096014
v 2.3737935994449546 4.1234336290203730 3.0439795576742976
vn -0.3584660557997721 -0.5122742510523492 0.7804339680896196
v 3.4585171081983650 4.6044681132166412 1.3011398847951348
vn -0.2943445588488378 -0.8685977848051876 0.3986215861034171
v 1.9954085084706372 5.6348019267546636 1.5601318465319620
vn -0.0077902396419655 -0.9712814568853478 -0.2378058949584660
v -0.0982715479919301 6.0329521708785139 2.4019070713673600
vn -0.0027149278443580 -0.4953512664333223 -0.8686885241613956
v -0.0923422429195188 5.6145202345714544 2.9993413511393983
vn 0.0238415105022675 0.9997145795900237 -0.0015302719080136
v 0.4669380004535858 3.9568333991999065 2.1671644079840222
vn 0.0852077226692502 0.1793155384754074 0.9800946799461748
v 0.5212798216194006 4.8808124675701228 1.1121565443892794
vn -0.0693039940992363 0.2511338072048977 -0.9654681596410450
v 0.7089058443761560 4.8571097887349470 3.1178434556107204
vn -0.4839536636392431 0.8453772691324907 0.2261108672404910
v -1.7109162361528454 3.6734315284795893 1.8938986009098338
vn 0.1568662234812484 -0.7004518876637514 0.6962471838356105
v -1.1524089043295149 5.7866570531037000 1.4835703510882754
vn -0.1381991336532364 0.1063195383329302 -0.9846812454932650
v -3.0953156949094773 3.8994798214356745 3.1816613375483334
vn 0.5413098728824406 -0.6997505671729537 0.4661896237167080
v -3.3534917735776082 4.9319090395810523 1.5784360966093705
vn 0.3700040177738558 -0.7390877464363490 -0.5628910462059628
v -2.5713947429535589 5.2534609664321765 2.8497506668909396
vn -0.1520905377478429 0.3684490187632100 0.9171225593670671
v -1.2737602644844566 4.5842268414992775 1.1860204423257013
vn -0.3024998656050580 0.7267216991780974 -0.6167409531177744
v -2.2630762270600653 3.6951481012771521 2.8973914980262565
vn 0.0558496733909170 -0.0744879769583373 0.9956567457064619
v -3.9283176048726416 3.2748581763343254 1.1947815339860572
vn 0.7843421970299139 -0.5691614804783101 -0.2467033179712545
v -5.0265968025833052 3.3340964681322367 2.5099370141512982
vn 0.3189106759446999 -0.2002309443972259 -0.9263927621016314
v -4.8651433916281697 2.3446427048081460 3.2044018400077121
vn -0.6819254726300040 0.4845553980268591 0.5478902408524703
v -3.5246286420786856 2.3748430083115313 1.5930696130541260
vn -0.7116621707382365 0.6353107328447604 -0.2998620140537892
v -3.2909753519854701 2.3053121869511806 2.4497122621817984
vn 0.6707138687310752 -0.2993393002588765 0.6786301567218480
v -5.0263780943838032 2.8539133597059307 1.5071415666731285
vn 0.9325747978997463 -0.1862749837132052 -0.3092019999367604
v -5.9128370057066011 1.2104884410904277 2.5302973402710629
vn -0.7229076749061125 0.1876935454662514 -0.6649628760706469
v -4.3092361563999235 0.6457856397792129 2.9922164869944456
vn 0.2430431557986358 0.0577951137640096 -0.9682921817532376
v -5.4216789645085592 -1.0935469352364142 3.2481260617283922
vn 0.9706036607685401 -0.0557199884835928 0.2341448623952639
v -6.0283326695075070 0.3358707007171396 1.9753584254627530
vn 0.9381762543074342 0.2396808395352736 -0.2497567036404405
v -5.7001832951783769 -1.8909326093713066 2.6264013483054498
vn -0.7504168781834351 -0.2573024158743822 -0.6088267206049960
v -4.1657104879077851 -1.1405533502174920 2.9847857685280679
vn -0.9923530189587096 -0.0771126640067542 0.0963800955245235
v -4.0362824969098767 -0.2568142815520207 1.9854406823203599
vn -0.2210158455410624 -0.0060101758713662 0.9752516976687425
v -4.7999233731519473 0.5332259777847735 1.2644809667864720
vn -0.8118417779935069 -0.4542837085934333 0.3667959100248231
v -3.2451437124296545 -2.5390025929378655 1.8497671360975585
vn 0.1172886827266454 0.0841494439509324 0.9895262684673900
v -4.6182759528240878 -2.7908906522851926 1.3007706477444549
vn 0.7186978442737397 0.1562313180411230 0.6775434922567060
v -5.7351870027611920 -1.0365681422680473 1.4812379327141287
vn 0.7747895178712422 0.6301257250119042 -0.0514079145178075
v -4.6288902817302251 -3.9797840431381939 2.2583670061870404
vn -0.4545085710543534 -0.5223377651783286 -0.7215159165996540
v -2.7802778504315859 -3.3372436016524660 3.0529924500844610
vn 0.2341028127002923 0.2808968601296101 -0.9307485305146274
v -2.7219164361289367 -4.6339397029771945 3.3193434401301958
vn -0.3526225366577539 -0.6805748477518055 0.6422423399688452
v -2.3118311095541197 -3.5478466173168979 1.6886686900301675
vn 0.4058651109859168 0.8889700988047362 -0.2121454103097381
v -2.8985010614697466 -5.3142554071052333 2.6011153154583120
vn 0.2372290383346450 0.4702592771962587 0.8500462314378389
v -2.3964296951945774 -5.0822082861947546 1.4360929204756541
vn 0.0346496756297557 0.4090111985858231 -0.9118712844530970
v -0.0561809389096977 -5.5720109202583838 3.3114446746797030
vn 0.0083123413055281 -0.8050068283708640 -0.5932073088375620
v -0.1194966940538221 -4.3104295975394438 3.0501167931013913
vn -0.0160871361863163 0.0173110324649960 0.9997207271054845
v -0.0193177123802294 -5.1142939010037853 1.3747815339860572
vn 0.0054369815650154 0.9334818618584342 0.3585833972910249
v -0.1072264106476601 -5.9775713749097656 1.7950150679270263
vn -0.3260038985905899 0.7616964234634493 -0.5599464408197681
v 2.4595436601840706 -5.4449999271655756 3.0388315437085565
vn 0.1736460149102778 -0.2133929775899273 -0.9614106815617790
v 2.2655933663484160 -4.2875287772911550 3.4165661966440326
vn 0.1013919607956035 -0.8396176899948685 0.5336307758494664
v 0.2439206141673370 -4.1308584692142585 1.8038037595553300
vn 0.1333648943919198 -0.2178617612716954 0.9668247296792873
v 2.9502154299545280 -3.8037369513866124 1.4294775837871625
vn -0.3634911203920603 0.6520367801239786 0.6653737617021570
v 2.6811853711744842 -5.0879446411209415 1.6417179068770440
vn 0.5885200908241975 -0.8056610041931002 -0.0674866580802743
v 2.5319531949950980 -3.1428656519752498 2.4048925571648390
vn -0.6118749331232037 0.4167409276499544 0.6722619024137321
v 4.8295330316190590 -3.4870832908838048 1.8817866099689555
vn -0.7543218750178472 0.5935476112506829 -0.2805347430322443
v 4.5888726818851922 -4.0313362403658566 2.7887076984303207
vn -0.0603054055636332 0.1064795250321409 -0.9924844426028729
v 4.7620089549853173 -2.2334791591112597 3.4720002675350781
vn 0.6845323559621885 -0.3756563073606566 -0.6247381790646472
v 3.8718985830613573 -1.9958532224740313 3.1931629419964938
vn 0.8691091063594496 -0.2523532051222185 0.4254024225455497
v 3.9445802487911950 -1.2239144026142816 1.9101224719751697
vn -0.8022602575283708 0.0957846872677051 -0.5892399959910563
v 5.7429440796321201 -0.6699311744935227 3.2564500009018817
vn -0.9425728646026884 0.2583244186095043 0.2117188930273901
v 5.8314541333343648 -1.5191621234433892 2.2145639297472646
vn -0.2967353999010278 0.0140731357060375 0.9548560359012120
v 5.1969437030494712 -1.0356557035833942 1.4851536550947899
vn -0.9559575466304762 -0.0742871363567711 0.2839482178358431
v 5.9779673440555818 0.5807201510709460 2.1999055227600075
vn 0.7809308501314549 0.0434782141285852 -0.6231024411837527
v 4.1834214715351647 0.2470769917425471 3.1364708142732272
vn -0.9107600352235951 -0.3258716334917398 -0.2536214437403532
v 5.6295131683130606 2.0977593632472677 2.8357889457975669
vn 0.5469261424835787 0.4320546090769178 -0.7170778266293161
v 3.5995666504846811 2.6482213399211325 3.3374324910601905
vn 0.2954087356632480 0.0946877129589435 0.9506670899470780
v 4.5026832917436934 1.8042098007800020 1.5451083707185767
vn -0.6789537400655562 -0.3065563089631539 0.6671169674696337
v 5.2749555410169595 2.3588462580712100 1.7800375880260177
vn 0.9448098527429599 0.2906778787620968 0.1511314426523946
v 3.9257524443772001 1.0193547021577185 2.2508943266169288
vn 0.6433847105090971 0.7393579370576888 -0.1985093327602613
v 2.8018355457833293 2.9071763973474960 2.8254000345482360
vn -0.1729753501450235 -0.1017911291707820 -0.9796520271322587
v 4.7113743975670879 2.8183608011272558 3.5263928618826470
vn -0.4219961775755938 -0.5000545253476850 0.7562173614714814
v 4.0103910607246851 4.1222201791960220 1.7917179068770421
vn 0.6045587389749608 0.5823989106431573 0.5434337494218304
v 3.0832575846654677 2.9283210017654486 2.0801758235248289
vn -0.7185892573139424 -0.6852285316941863 -0.1187069443007705
v 4.4262276261662086 4.1826279419275112 2.7033669856301530
vn 0.2452706511055367 0.6317559192823133 -0.7353412582998626
v 1.5692501785394739 4.0169412371173028 3.3346290263954081
vn 0.2549901620976826 0.9191898078460333 0.3001168345584261
v 1.0069797805954934 3.9063195536818864 2.3368082016802671
vn -0.3017129901365637 -0.9275247331343349 0.2206063031894936
v 1.8823244386557796 5.7245581116909525 2.3345639297472647
vn -0.2244562634916951 -0.4688814066399809 -0.8542655396811107
v 2.1716782716522847 5.1945527186799731 3.4919354528537361
vn -0.0396182925902005 0.9143121391325023 -0.4030678641707683
v 0.0200724762373673 4.1723867138534150 3.1209277551429309
vn 0.1056441241217672 -0.0627247769102824 0.9924237610013678
v 1.4953187846032687 4.9208055062852836 1.5377977818368120
vn 0.1203863344875913 -0.8012514540570896 -0.5860914927210947
v -0.7541986269926181 5.9318228093986844 3.2339260637955261
vn 0.1748119300000281 -0.8762073944372173 0.4491117801429928
v -1.2087977031717159 5.9377809815656910 2.3449589747805981
vn -0.3947536674929755 0.9091176445432362 0.1329460431190172
v -1.2529811203003465 3.9068534597918623 2.3861926793529356
vn -0.0236209244856132 0.1916265301232300 -0.9811836346369499
v -1.2101821225948632 4.6997391563784374 3.6422962195952158
vn -0.0461007041816420 0.1014271492827114 0.9937742492449376
v -1.2446827702930865 4.9862010435101425 1.5907419797749014
vn 0.1433024989905607 -0.2496165802198500 -0.9576825970343241
v -3.2722521595230485 4.1535090062133992 3.6770313077765344
vn 0.6395976786905033 -0.7568896881643612 -0.1342862962635267
v -4.2167069729936406 4.4239959745191451 2.7220576637240161
vn -0.4533925234780111 0.5392286230568232 -0.7096955063479574
v -2.8402176523082470 3.4297413189551813 3.4484156282893115
vn -0.8224291293972291 0.5505771779386877 -0.1430912235323541
v -3.2356349684207952 2.4646998758521574 2.9899795122317800
vn 0.3676577485840518 -0.4458949612826829 0.8160915778323050
v -3.2012973978895163 4.6236563090832945 1.7209372164365084
vn -0.9882811008862515 0.1229671972767776 0.0904407763398406
v -3.8364867429114016 1.0307773391904751 2.6957707184820796
vn 0.6291174833925618 -0.3329095424026068 -0.7024118654088187
v -5.0204895708101240 2.7950543370583216 3.4619252762729800
vn -0.4333425100850344 0.2520755326425466 0.8652584554895596
v -4.2020424730818400 1.7941720388036597 1.8235194294781158
vn 0.8141522754799975 -0.2513451836630139 0.5234325849430355
v -5.8351997928110828 1.5754367264866516 2.2722515024318342
vn 0.8000138139002833 0.0010986455942982 -0.5999805751410467
v -5.8191760449785201 -0.0659715721031414 3.4778096201675823
vn -0.7623178535625974 -0.0401697817193642 0.6459550129663312
v -4.1051722536120332 -0.1958590350556155 2.2123178343830934
vn -0.3458696606709787 0.0520091337980119 -0.9368400225379585
v -4.9287885024912841 -0.2916744996267889 3.7506331364401584
vn 0.9224437040661332 0.2030658185767381 0.3284233337546397
v -5.8449189322879711 -1.2678228472329753 2.2301902403070666
vn 0.6426481969359630 0.3236161583958757 -0.6944608534683947
v -5.0112645326200775 -2.8429389538894507 3.5156485419585652
vn 0.7096566540783472 0.5480161243068670 0.4427931354729946
v -4.9677514666433762 -3.3304500390558154 2.2601902403070651
vn -0.6250575247429248 -0.3612284655493426 0.6919661020881842
v -3.7770107387154086 -2.0573353979993692 2.0542235391627797
vn 0.0249248092765909 -0.0018554187663330 0.9996876068571257
v -5.0273254737761039 -0.9393475717635006 1.7647815339860573
vn -0.8507486223060138 -0.5015852579768089 -0.1569681834791926
v -3.4621488444639930 -2.1886281785054273 3.0617932972168509
vn -0.0781969804651845 -0.1611807886852021 0.9838221310810933
v -2.9313628254927848 -4.0394585004295491 1.8297239813757318
vn -0.4154221738038095 -0.8315750268141775 0.3686561979556527
v -2.0175584017475057 -3.6505926779630102 2.2961192726521271
vn 0.2858829655409093 0.5054341915015363 0.8141297243527739
v -3.1952448718436144 -4.7336893578962620 1.9720936582798054
vn 0.3978742626745730 0.9117555203100589 -0.1019703009964106
v -2.6180172240893271 -5.4794888234128951 3.0950373321927964
vn -0.2934249939959842 -0.8637829176986161 -0.4096106004371987
v -1.0721128110500848 -4.0834567677575997 3.3428492066646012
vn 0.4335681856051861 0.5634367757546703 -0.7032479137247463
v -3.0343217329842700 -4.9107276928315846 3.6180749961189846
vn -0.1278570323514771 -0.2295388543094921 -0.9648650131705259
v -2.8498121406745485 -3.9281878354667366 3.8222962195952150
vn 0.0148560842169553 0.5101487313218487 -0.8599578877436074
v 0.6426202106656234 -5.5351152886113884 3.8214446746797011
vn -0.0497432694596166 -0.7160785328691766 0.6962450300773397
v 0.2533597675418559 -4.2935123021162855 2.1442235391627791
vn 0.0686093481972883 0.7431045582141559 0.6656488360248876
v -0.3301704058787959 -5.7366045515447226 2.1180747237270228
vn 0.0270784900139332 -0.4697942754772326 -0.8823605238831730
v 0.7549272968555559 -4.7239924452692970 3.8594555820249417
vn -0.1194176905775106 0.9910235206074415 -0.0600982260966656
v 0.3826428419383607 -6.0819338103733562 2.8800000000000003
vn 0.0532284984630835 -0.9887366805915876 -0.1398803181440998
v 0.0289515173386061 -4.0875985326626827 3.0317086769523773
vn -0.2690449948464804 0.5653387288761880 -0.7797479800427273
v 2.5226691597695945 -5.1798855606842640 3.6356485419585658
vn -0.5237264810210637 0.8498053027747384 -0.0595106751199188
v 3.2317675406121493 -5.0924507860358155 2.9199999999999990
vn 0.2914493169569123 -0.6642028638969197 0.6883980325629054
v 1.8161152499932383 -3.8987388292850271 2.1742235391627749
vn -0.0040255494174421 0.0136557603463859 0.9998986524449615
v 0.6218256055628184 -5.0763873173865024 1.8847815339860574
vn -0.3053893301534076 0.6737085547918457 0.6729443812297831
v 2.0922907368415755 -5.4100816769358007 2.1990928894896040
vn -0.5415348079116636 0.3932433812608416 -0.7430341142334033
v 4.7105108554456274 -3.3366813352690032 3.7380749961189856
vn 0.6934572862758240 -0.3638025210536779 0.6219041065839312
v 3.7033847708666672 -2.3247009447691989 2.2241903169341914
vn 0.5720123229694207 -0.7882314238431469 -0.2269209660594020
v 2.3749444880633064 -3.2737086994245277 3.1945593176796430
vn -0.1331406492587096 0.0603062333954621 0.9892606965449610
v 4.3307405131619641 -3.1971853274620003 1.9619696242399407
vn 0.8242427954172307 -0.4393258850756974 -0.3572346300475980
v 3.9803244171125600 -1.1723119074496087 3.3789464257457609
vn -0.9787627863231584 0.1991780703102161 0.0484923129622231
v 5.9683215418572395 -1.4267355764407235 2.9936494113991849
vn 0.2570203798626559 -0.1901196374848766 -0.9475204735402160
v 3.2511397308975449 -3.3863218887363975 3.9250399274452485
vn -0.7359240718229978 0.5389980858375168 0.4097521494451882
v 4.8575643536922231 -3.5790123747473199 2.5969473225181408
vn -0.3297042531845834 0.0422298451412588 0.9431393033965563
v 5.2967494195186378 -0.5339575234851548 1.9956070175150402
vn -0.6255050438443940 -0.0442091684237650 -0.7789666164557387
v 5.7179301842125252 0.7922305604272978 3.7980749961189857
vn 0.9949957357508028 -0.0925245332803100 -0.0377186502804565
v 4.0684681276452803 -0.2607176660994839 2.7268720463140395
vn 0.4573361321059218 -0.0330920979424403 -0.8886779930459417
v 4.6787683088124696 -0.8175255844480513 3.9516157046850284
vn -0.9183691823513694 -0.2367167700893617 0.3171170378042424
v 5.7884983443337186 1.6903441740231024 2.7159066986682632
vn -0.6967254200150105 -0.5010520413996845 -0.5133425181242210
v 4.9270994611788197 3.2398269973225213 3.7305338227565032
vn 0.1377117958769533 0.1543792578547950 -0.9783672654072944
v 3.8160316908448828 3.1330388204569606 4.0506331364401573
vn 0.8831752087983887 0.4643236026112179 -0.0663712484594197
v 3.4318564510260745 1.9200431265732461 3.0871375424038701
vn 0.6433663150055469 0.1107211064766250 0.7575094859450773
v 4.3566857068077933 0.8433486883614191 2.2269252443176213
vn -0.7509310182623146 -0.5659483022117956 0.3403015207652023
v 4.7963273333823349 3.5646282985796569 2.5002564184164027
vn -0.4970166630844499 -0.8105785846027735 0.3097366539493874
v 3.3210279934486091 5.0138181760654597 2.8007753841961449
vn 0.5339342457095290 0.5965469405258702 0.5992044467523752
v 2.5673971226800716 3.3845556865601778 2.4614343072096316
vn -0.2976322592932623 -0.6569202086356061 -0.6927271307767150
v 2.4384877953798645 5.3481070554785779 3.7118946260465027
vn -0.1520316403906417 -0.1062588919989720 0.9826471534540164
v 4.3131672392973881 3.4699079606128826 2.0468691914310480
vn -0.0381361105804959 0.2959466990145911 -0.9544428680712949
v 0.0043865823630344 4.8724565241606950 4.1302450770387713
vn 0.1099562300982653 -0.7423103161611825 -0.6609727846010476
v -0.7979356966770114 5.8038262303112491 3.8655722386067399
vn 0.1148034948275784 0.7264890777583085 0.6775203151738379
v 0.7174485642607019 4.2978858642139048 2.3577835130055540
vn -0.0935849498312447 -0.9768214076589139 0.1925144012907644
v 0.1330460755893497 6.1392200904172229 2.9307605332525326
vn 0.3863129107192077 0.8989192183894558 -0.2066556890621293
v 1.5144938861497141 3.8056374227961438 3.3617932972168525
vn -0.0668973410631513 -0.2015117381018309 0.9771989383773703
v 0.6948689617540682 5.2882629554017893 2.1240842324686424
vn 0.4127881470485980 -0.8402434903438175 0.3515633976838659
v -2.4290310152975296 5.5380931652418965 2.6609282721656422
vn -0.3117486059569504 0.9384634242418218 -0.1486580238137604
v -1.3958987181538354 3.8328388013361963 3.3237075739656583
vn 0.2417147136467564 -0.3510591149909054 -0.9046167669176095
v -3.7733498077416585 4.1002796516568774 4.1214446746797018
vn -0.2731947423758962 0.6577647299506053 0.7019331825545611
v -2.1253675921528803 3.8212701869828853 2.4341903169341932
vn 0.7694209655389547 -0.5528416315020304 -0.3199335997785732
v -4.9677514666433442 3.3304500390558611 3.7398097596929376
vn 0.5016805284831932 -0.4039990115261605 0.7649192415063888
v -4.1602412518428364 4.0018430227669786 2.4019250038810096
vn -0.0559202969233826 -0.0399905256860773 -0.9976340402408850
v -4.6382413118271444 1.6064807901981089 4.2278434556107207
vn -0.7838913432054513 0.5583083349506599 0.2716729010633475
v -3.2565749837559061 2.4056729269509174 2.9583846653585595
vn -0.1700030053788936 0.1282736937098275 0.9770592805271240
v -3.4621670307056625 3.6144031957664917 2.1869108775779327
vn -0.4782078196808264 0.4670025532011547 -0.7437915679138295
v -2.9474669220562744 3.3785047557460457 3.9059780113597751
vn 0.8307938150920517 -0.1620839102833725 -0.5324569868374772
v -5.8449189322879640 1.2678228472330026 3.7698097596929361
vn 0.8401284236993768 -0.2201164454228491 0.4957146176448806
v -5.5731257487636769 1.3992546823895649 2.4780747237270235
vn 0.9804830632586491 0.1959238545337297 -0.0163341938148694
v -6.0249598285183659 -1.0375252754498749 3.3099712337741654
vn 0.4571087271202762 0.1169382233917895 -0.8816898907781878
v -5.0773976823094982 -1.6619538054392300 4.2554015792926929
vn -0.2239572727237603 -0.0817920736078041 -0.9711607470903417
v -4.1534573635709782 -2.6447282402806236 4.2977893217395566
vn -0.9382532912083705 0.0022120987065830 -0.3459420011446613
v -4.0834432616118139 0.1776435947570746 3.5216753421585598
vn -0.7076563331024418 0.0285349985568253 0.7059803595549722
v -4.3625261476662169 -0.2960723807221935 2.5241903169341917
vn 0.2788124905732096 0.0322880957317617 0.9598026224044088
v -5.2711376572587536 -0.3394173968083764 2.2520463971362754
vn 0.5781112610172260 0.5697513670053747 -0.5840982363272290
v -3.9633016138855752 -4.3143180927062295 4.0455722386067379
vn -0.2347004139090239 -0.1941221538182930 0.9524874304198875
v -4.2567845698700211 -2.2427853026663782 2.2962518023417791
vn 0.6887800153303779 0.4231527809098466 0.5886627340759288
v -5.2386039430836355 -2.8592869051421612 2.7211409005649960
vn -0.5166714029735535 -0.4332701708878161 -0.7384630121869225
v -3.3869389054918555 -2.6785162702267162 3.9940644301695971
vn -0.7838064870817731 -0.5819871977640195 0.2166524692850604
v -3.2877712233739116 -2.3689436346848178 3.0338986009098363
vn -0.1589491061455020 -0.6826454815373648 -0.7132533408208933
v -0.9157267213709034 -4.3078088514963397 4.1105936533824732
vn -0.4094861567234011 -0.8571854917077343 0.3123365496666503
v -1.3223809940379987 -3.8367505731475950 3.0822403909247127
vn -0.1295882676025805 -0.4999540569817795 0.8563018286838009
v -1.3680269625856372 -4.4216265305553204 2.4935526712772176
vn 0.5083291271940802 0.7732428551892572 0.3790738520985986
v -3.6255836662172567 -4.8229982658623403 3.0480929286326433
vn 0.0138658447080275 0.3299810532872080 -0.9438857149157400
v -0.9203270218707816 -5.4652140702597602 4.3201010344822830
vn 0.1794482098525593 0.2663715899798491 0.9470187516793523
v -2.6979199451519560 -4.5761304323687746 2.3412825738311014
vn 0.1426895862018620 -0.9862755061627394 -0.0830680921471887
v 0.3012277053235823 -3.9371825316091007 3.3941922773608320
vn 0.0940603918300115 0.2638204269196776 0.9599747002024084
v -1.2206266948638551 -5.2561038050564921 2.3956634547464146
vn 0.1885069010673735 0.9787739953066601 0.0804152619930662
v -1.1427314094280763 -5.9761984025301365 3.1807649028619971
vn -0.2469529671473371 0.8937017280383787 -0.3745817044629145
v 1.6744277257481945 -5.7931225000213669 3.7040933013317359
vn -0.0345310841371321 0.2014750870180811 -0.9788847703071956
v 1.2579110373743443 -5.1864022544540651 4.3860122544557649
vn -0.6890897601173958 0.7234179893318931 0.0426815558801578
v 4.2167069729936264 -4.4239959745191575 3.4720576637240135
vn 0.2405385103019350 -0.4947761450950776 -0.8350675369732563
v 2.1380160053348005 -4.0063557133369159 4.2781971298263404
vn 0.5848380220222171 -0.7500732681254889 -0.3087953698498226
v 2.4016995453714221 -3.3178919841872565 3.6917932972168521
vn -0.2676693074875611 0.7568513574878958 0.5962626640146597
v 2.0967782290568282 -5.4703401490066037 2.6744277613932597
vn 0.4291472547943664 -0.6526866334668567 0.6243659121029591
v 2.7988903923511663 -3.3921816767509547 2.7143525991985644
vn -0.1844970530574330 0.2889081484577213 -0.9394109426485588
v 3.1505816811021328 -4.3801372199476409 4.3950204109654036
vn 0.4997019250746674 -0.2123835593698631 -0.8397566372384676
v 4.1305198496118694 -2.0134658079928980 4.3247756026840634
vn -0.0861497848397742 0.0933579602539310 0.9918984352388535
v 4.1268283009507627 -3.4025784353892008 2.4521147688148064
vn -0.7704515478326267 0.4283702315446491 -0.4721264207483982
v 5.1864951947709956 -2.8036489776937339 4.0462112199657030
vn -0.7533482548605863 0.2902079477189083 0.5901235073942476
v 5.5022158857694610 -1.8363781269051578 2.7690928894896003
vn 0.7642332566651083 -0.1682117086822040 0.6226173387155676
v 4.2321069135842615 -0.8661166868602990 2.7425724262418174
vn -0.3606583535225667 0.0452879073820599 -0.9315978518005209
v 5.2466725922666750 -0.8783137359104635 4.4816816781981679
vn 0.9143361811605517 -0.3882214074390940 -0.1152106185503216
v 3.7443596234470946 -1.4802002636525176 3.7403224088222422
vn -0.9718366490259542 0.1623997525621632 -0.1707625485220714
v 5.9224691600299106 -1.1738666663409276 3.7546415745372417
vn 0.7587303208686859 0.1159422194905968 0.6410036676448078
v 4.2425821892781572 0.5697300945363535 2.7949493588827918
vn 0.1057192243174204 0.0107520310736403 0.9943378899737828
v 4.8699520422161466 1.5620314933991846 2.5247815339860571
vn -0.7855361044060337 -0.0845050185645291 0.6130187032318032
v 5.7252357604620849 0.6455614599432540 2.7843514580414319
vn -0.9140800719472357 -0.2096284787190875 -0.3471505768090517
v 5.9387017048523658 1.0887726863929570 3.7846415745372437
vn 0.6090464276630656 0.4449461912322564 0.6565708917236328
v 3.3966336822452257 2.7226089128750588 2.8322535752991316
vn 0.1324056076527665 0.1136153714911715 -0.9846625322530682
v 4.7976073203917782 1.4098059432856516 4.5765811739330298
vn 0.9780927717144398 0.1470933370214317 -0.1473026819982056
v 4.0247123554331905 0.7604330220307099 3.7817932972168520
vn -0.6053918577595794 -0.4160939662701783 0.6785031391172459
v 4.7214650115504373 3.3229239790105574 2.7571730960839984
vn -0.7429985648911999 -0.6384931508474024 -0.2006978547233968
v 4.6896575942685859 3.9883116746746787 3.6411503851079110
vn 0.6120868253865844 0.7565499158388355 -0.2301780680960369
v 2.4133368170224010 3.3094370114228697 3.8417932972168534
vn -0.4339481685756564 -0.2696137103647105 -0.8596495996469767
v 4.5693206802671780 2.8693336361862189 4.5150204109654055
vn 0.0876404314520815 0.2104072301262714 -0.9736775401977202
v 1.8691265841379701 4.5233070053280828 4.5955377765274648
vn -0.0085297116322085 -0.1362749981867242 0.9906343265245151
v 1.9911215366798438 4.9108290150645715 2.5951536550947893
vn -0.2834329813906747 -0.7204227076222084 -0.6329746182922973
v 2.0416706168454870 5.3694957326091250 4.3705944397448304
vn 0.2246484772962156 0.7169263200455167 0.6599619028962846
v 1.5553054215527946 4.0686568367676328 2.8525547196329524
vn -0.4061014170934307 -0.8538145619759338 0.3257028289600072
v 2.5849591270989034 5.4435004526238053 3.3245639297472662
vn 0.0520453994816837 0.9690929123186870 -0.2411435333706415
v 0.2506833494720023 4.0185046557787318 3.8903224088222399
vn 0.0019835934889612 -0.9263760958414594 0.3765944694368276
v -0.4916853252626706 5.9836527305929401 2.9970468213598775
vn 0.0788299826536301 -0.7016866980557660 -0.7081112988834627
v -0.4386754114444777 5.7447922499279276 4.3556485419585647
vn -0.1742017505041792 0.3097371090926285 -0.9347281280523342
v -1.8988178835332399 4.5241011637428912 4.6451568693874190
vn -0.1241703040556371 0.8046977053944553 0.5805543372705343
v -1.1400092492850533 4.2496369061606192 2.8849398749291768
vn 0.4570939013982493 -0.5182869126907655 -0.7228027680065995
v -3.4952509915438541 4.7015232418644937 4.4055722386067373
vn 0.5275420432895238 -0.8143902490505681 0.2418013953914823
v -2.9361091381085820 5.3816411913262208 3.3951763684413465
vn -0.4441919536571921 0.8890615110647819 -0.1107390529551963
v -1.7269109250771115 3.6829097919085525 3.9284829757061179
vn -0.4591403324103802 0.5363927443244749 0.7081475686536979
v -2.6093984055365183 3.4678174534536717 2.9811419136268995
vn 0.0949103368394026 -0.0165359758998407 0.9953484763951120
v -2.5598952484629391 4.7206466386190407 2.6579372638317635
vn 0.8477093243456721 -0.1663991422711853 -0.5036866355868673
v -5.8766437132390212 1.0005551238951469 4.3592559512491800
vn -0.7618484007916889 0.1154857606837016 0.6373774810035673
v -4.2990995735672852 0.7981454129740629 3.0041903169341921
vn 0.8946307956054579 -0.4108810131953655 0.1755349895317033
v -5.6994144469143730 2.1708456524160447 3.5122655138701364
vn -0.8021499528924833 0.5418169710420323 -0.2509777340032867
v -3.4133000908867697 2.1695419930534805 3.9745593176796419
vn 0.2861514214134159 -0.1581717610183719 0.9450391833355000
v -5.0472952832993006 2.3722284899245509 2.7602369605029882
vn -0.1373494606593316 0.0526593178546149 -0.9891218943586667
v -4.6326259991704495 1.5098437580593951 4.7302450770387710
vn -0.0414727828325050 -0.0220703177779242 -0.9988958450996327
v -4.8174877713778521 -1.7889195101422890 4.7724310251451696
vn -0.8530004904537137 -0.0377954219040262 -0.5205397865378019
v -4.1440206633686376 -0.2190244498848148 4.1277441229004941
vn 0.5250825527872558 0.0520462023127821 0.8494583601232233
v -5.5587942701949107 -0.8567987787612689 2.8336780134840489
vn 0.8078230300198947 0.2377254541263962 -0.5393593983883797
v -5.7934079149627351 -1.4149918922336100 4.3997351129650051
vn -0.6461830988741490 -0.3072696242526249 0.6985934302160682
v -4.0050803788598044 -1.5677277247994945 3.0442235391627741
vn -0.9253985596022789 -0.3419302243583792 -0.1634662887455879
v -3.8785907096167809 -1.2906719419963835 3.9317086769523808
vn 0.5715591260549848 0.5123480060974773 -0.6409521714380890
v -4.1468162745976063 -3.9998736100244972 4.5356485419585635
vn -0.4912380378071852 -0.3397828266517120 -0.8020179679557804
v -4.1842945112105463 -1.8991888351207900 4.6447756026840628
vn -0.6644158717961098 -0.7427932387292362 -0.0825212324407925
v -2.3430849413580725 -3.2130351447423462 3.8832255092586827
vn -0.2315803719341528 -0.3833073642130536 0.8941174396436303
v -2.9346514649124513 -3.5601686245464137 2.9067794697930793
vn 0.6465387371225324 0.5513493703424310 0.5272585070181474
v -4.2970716473635608 -4.1929738511986061 3.1770468213598804
vn 0.0842675673650240 0.2897108475478191 -0.9533973997780282
v -2.0249369724562483 -4.8997187416965877 4.8363668798112807
vn 0.4380775409710367 0.8929101125023984 -0.1039211195461442
v -2.9655486012532410 -5.3537096051923339 3.8390947067826735
vn -0.2584956031959706 -0.5019635113860896 -0.8253560785293209
v -2.2370717445125656 -3.9518993598975412 4.6981971298263385
vn -0.1076302570768243 -0.9653625254026076 -0.2376781906483562
v -0.0071922294166257 -4.0959145739147633 4.1417932972168519
vn 0.1122281941962956 0.4175263219304462 0.9017076038953381
v -1.1932296422980795 -5.4268805472825372 2.8911776777629377
vn 0.0502004495008362 -0.1140834907803647 -0.9922020318469825
v 0.1866329949272100 -5.0489582164395070 4.9314769052280800
vn -0.0151189526487493 -0.6131787347739203 0.7897995039830419
v 0.5694134327823168 -4.3353271602342769 3.1541903169341925
vn -0.0415977255537564 0.9930941920315359 -0.1096975614222353
v 0.1535232276302625 -6.1682387460683223 3.8732012182886888
vn -0.4406378613989516 0.6321181221999500 -0.6373891705137196
v 3.0702804804193824 -4.9316587725619740 4.6743960096396782
vn 0.5761302429347146 -0.8084477645314407 -0.1203584446563796
v 2.1708508873571031 -3.2941577821036816 3.8978110143450948
vn -0.0063493355244012 0.1073125682259204 0.9942050586469351
v 1.3220029410246745 -5.1249557775430015 2.8961338053541641
vn -0.5072499885922298 0.7943160645217238 0.3343044102549405
v 3.2110090804080031 -5.0993265782870623 3.6545639297472672
vn 0.0413361963750948 0.0416654379670498 -0.9982761692779475
v 4.3996883399105435 -2.6870446996046931 4.9552330901282335
vn -0.6934580167007302 0.2191559405297599 -0.6863575254952816
v 5.5912034766431127 -1.7491552162270376 4.7055722386067398
vn 0.5970195300610414 -0.4282346062644952 0.6783677488819660
v 3.7608892873817772 -2.0866602091116238 3.2242235391627756
vn -0.8463682687955592 0.5217673068296691 0.1068626740247595
v 5.4982841550424428 -2.7343364692775789 3.7707605332525320
vn 0.6212695892260934 -0.1855548518249370 -0.7613103798498132
v 3.4743968273263111 -2.5782806512067249 4.6839146165980088
vn 0.8840303328998840 -0.4293022334083739 -0.1849052808967404
v 3.4667865881134912 -2.1658002463428487 4.1117086769523779
vn -0.9256889864962716 -0.0096154187769222 0.3781632504636716
v 6.0452476198710032 -0.1601524105978454 3.5009282721656421
vn 0.1244758120931568 -0.0436359258451954 -0.9912626686097796
v 4.9525204733618331 0.7611514157039320 5.0060955429320950
vn 0.7262542989556836 -0.0232332581692044 0.6870334118245135
v 4.3261607009561578 0.3450384308986027 3.3111419136268978
vn -0.2211264348602446 0.1706181371381511 0.9602044319234864
v 4.3132552044727603 -3.3081433480292999 2.9708197918686836
vn -0.1121640596149747 -0.0370128486953909 0.9930001373424581
v 5.2610196110241825 0.8462862041000212 3.0210347122623697
vn -0.7959868160466562 -0.1998570218820565 -0.5713686721236488
v 5.5608366099162785 1.5073719876834457 4.7456485419585714
vn 0.8376620174361196 0.2650527908624328 -0.4775660819204874
v 4.0925437762551198 0.9117022764697272 4.5939868204666769
vn -0.7920632964033544 -0.4874657653655632 0.3674409640843243
v 4.8580733139617109 3.5909932685263026 3.5656159088717376
vn -0.5399948720660006 -0.4986101602114199 -0.6780807077895417
v 4.4398150743423983 3.7329219633192903 4.7609071105103933
vn 0.0510724550628388 0.0585649976353589 -0.9969763013160468
v 3.4868930825221600 3.7413836893474550 5.0652184660139428
vn -0.1344436750272250 -0.2297351669085059 0.9639225338846968
v 3.2889755133779652 4.1860847008221880 3.0756070175150398
vn 0.5691977888798461 0.5473781527716481 0.6135071596995364
v 3.0403975358244892 3.0430413833413623 3.3840658964675767
vn 0.5348980218547199 0.7132167893719016 -0.4529965977509587
v 2.7340662042160604 3.0742725557485984 4.6150105605488720
vn -0.4461141285252316 -0.8325541792215334 0.3283834998761845
v 3.2003577790997584 5.1916862357104732 3.8722655138701341
vn -0.2814546395595922 -0.8486791152423767 -0.4478024622775055
v 1.8018069802468759 5.6732603017466516 4.6104557438094531
vn -0.1857929649821514 -0.4477992292828466 -0.8746181020404448
v 1.9809851037699366 5.2542423405169698 4.9693413511394029
vn 0.0379766246364169 0.3120177706808908 -0.9493169580074675
v 0.0801781400826734 4.8486480366793616 5.1265661966440312
vn 0.2382250304192685 0.9642727586878279 0.1158744222609318
v 1.1613311642563628 3.8104229292007519 4.1433467060279590
vn 0.0549403814843555 -0.0900483330568262 0.9944208627115787
v -0.1266106197335213 5.2154644962848540 3.0702093589750481
vn 0.1470348804988358 -0.6992322045570797 -0.6996106545979267
v -1.2747513750855535 5.6066021374319366 4.8926077247577489
vn 0.0098644635418095 -0.9677185640539173 0.2518401738096140
v 0.0201862252076922 6.0532810484563111 3.8588846845416866
vn 0.5005524394038687 -0.7994384647525287 0.3321827757138472
v -3.5874555329730655 4.9712132907374604 3.9051763684413459
vn 0.6401605400332387 -0.5951335991801889 -0.4858091004820581
v -4.1310772332342038 4.3384050475550460 4.7026328669178818
vn -0.2939903098850704 0.6504445313947007 0.7003510614487625
v -1.2366860938477835 4.2066387018967619 3.4617286963503386
vn 0.1238480412052407 -0.0641520049983445 -0.9902253192805753
v -3.9798147555417582 3.5919591394616823 5.1829101575384104
vn -0.3608861087120476 0.7896924435445400 -0.4961321005007938
v -1.5469791165348969 3.8176261065451129 4.6797660412359088
vn 0.2739704281644464 -0.1866284761921791 0.9434564199609725
v -3.6068349250774325 4.0135128295157783 3.1907706477444546
vn -0.7558200954268471 0.6241349064811456 0.1979686890917939
v -3.4163727813725981 2.1647002075960922 3.9354406823203605
vn 0.8298890495263985 -0.3466440094798957 0.4371751321471438
v -5.5950698744825376 2.2380580792610019 3.9545639297472652
vn -0.6292640763611460 0.3246530178809658 -0.7061353554256683
v -3.6802768478529742 2.3611132050063457 4.9358096830658083
vn 0.8185361904473097 -0.2169627528598563 -0.5319075754296778
v -5.7175418478316136 1.4349807144055011 4.7336658699545060
vn 0.2116822249244243 -0.0232360298700696 -0.9770622920607073
v -5.2132463461973897 0.9501942553446520 5.2348463449052094
vn -0.1078004426702273 0.1193959887737764 0.9869770323694647
v -4.6179850303877625 1.8983928020189960 3.1577767497946585
vn 0.1842248814584335 0.0184748518376237 0.9827104725712471
v -5.2953131328257692 -1.2465442838735323 3.2749471717802545
vn 0.8261892995353762 0.2467963930635423 -0.5064610367087183
v -5.6844333893499988 -1.8907074087864288 4.7926328669178844
vn -0.8910184273496911 0.1365227587602531 0.4329523050680906
v -4.0812199424631457 0.2987246429209693 3.7358792224717345
vn 0.9633931923208490 0.1042262700850410 0.2470029182297324
v -6.0425990890476111 -0.7434177415035808 3.9925311278418421
vn -0.7325250542742360 -0.1452372175213089 -0.6650663091054876
v -4.3070409576194031 -0.4743750512468595 4.9873914980262528
vn 0.2409216408053244 0.0976284959327547 -0.9656217891978092
v -5.1752868486587253 -1.7427133989902299 5.2421163273150881
vn -0.1610821907998593 -0.1640143454201873 -0.9732172533938684
v -3.4030103150719944 -3.5175931043108188 5.3155377765274663
vn -0.8087448310528331 -0.3680709430504998 0.4587543777744690
v -3.8257949067173924 -1.6286525805728420 3.7201825797020680
vn 0.5285176845657981 0.5726130475106243 -0.6267243053542786
v -3.6128002962854731 -4.4880673045975525 5.0456485419585686
vn -0.7848123972772107 -0.6008612298894842 -0.1517737905426820
v -3.1181247848550506 -2.5758159476450855 4.5745593176796442
vn 0.7162374829699266 0.5201314984317246 0.4652602415079899
v -4.7474494442094164 -3.6407946893575942 3.7934543207754507
vn -0.2843280335713322 -0.9309107382563597 -0.2292657120558123
v -1.2622613527149193 -3.8668775718826276 4.6184829757061205
vn 0.3684547635316818 0.8443676403208540 0.3889529215853836
v -2.7395548631013247 -5.3394631192954893 3.7936004641836711
vn -0.0229126640858872 -0.1528755883365514 -0.9879797894265047
v -0.5176741430809317 -4.7942621364680198 5.3617045343564458
vn -0.2586978555614141 -0.3275745125638503 0.9087190755379142
v -2.7615145064967503 -3.6382037786946513 3.3549970175946355
vn 0.2188848034798541 0.6227179252890102 -0.7512069144578852
v -1.3977293690273058 -5.6296551306050793 5.0609071105103949
vn 0.0224567909495938 0.9326237701016492 -0.3601507961696493
v 0.0870457771039916 -6.0109684229128897 4.9096584323879719
vn 0.0668135042052464 -0.6685814624761915 0.7406313412818906
v 0.5857268492981114 -4.4046872437637727 3.6623652389735408
vn 0.3888922492727185 -0.8759219064669387 -0.2855234355126204
v 1.6383878785847596 -3.7686273751183608 4.6572029708322411
vn 0.0659641556905672 -0.0467008263209476 -0.9967285302352749
v 3.1767922299811429 -3.9619023668209055 5.4550595581288235
vn -0.3106978746101806 0.8114744811333396 -0.4949504997291079
v 2.0327788907300079 -5.6700350161620179 4.8344259371746476
vn -0.0856797017402159 0.5604372930076565 0.8237530147537899
v 0.6030614469525347 -5.5558103590860419 3.4349899371282357
vn -0.5342347626802936 0.7788347953950205 0.3286481094208922
v 3.2751259302158977 -4.9664516013052733 3.8282029624780725
vn -0.6269662270529545 0.5433659476256790 -0.5582712576300440
v 4.5030847944626622 -3.6349797400301811 5.1712835901407423
vn -0.1983257822591108 0.1678421041245187 0.9656582791931968
v 3.5700904421859070 -4.2122900242351751 3.4719520952966834
vn -0.7769287830228444 0.5305550259061712 0.3389587446819213
v 5.0264434443869783 -3.3324567760768526 4.1552973450262938
vn -0.9797427856989800 0.1997265614192162 0.0146073452228250
v 5.9748436058188670 -1.3778214031650802 4.4660734095345687
vn 0.6276009771233582 -0.4607274190101873 0.6275725128509194
v 3.3308889720704435 -2.7503407873754120 3.7105051410131753
vn 0.6610338899346585 -0.0556329912817489 0.7482908302517803
v 4.2580119268760592 -0.5836903396613501 3.8106677887247016
vn -0.2200577245584298 0.0924346671730448 -0.9710975389561929
v 5.0886789460504529 -1.4368778111662761 5.4770313077765307
vn 0.7927245132076991 -0.2725672772717944 -0.5452475818564052
v 4.0297705282614986 -1.3524837393049631 5.0695538991018703
vn -0.1884251752953391 0.0665218742766699 0.9798320231333735
v 5.1126223353480027 -1.7696595408971587 3.4858846243594583
vn -0.6662299564681206 -0.0744565886679209 -0.7420201220374164
v 5.5809925967642844 0.6529088955440830 5.4013582017090362
vn 0.9967749797521142 0.0416937256939414 -0.0685658295212043
v 4.0986787731758270 -0.0945349498925722 4.6509793540342557
vn 0.4432719927163925 0.1474649371689997 0.8841742095192449
v 4.5014805576416768 0.9229905617979920 3.6552243973159335
vn -0.3162154017354490 -0.0651008492466896 0.9464511076292573
v 5.1605032406147107 1.4183346299177741 3.5372353849755012
vn -0.9565665486383520 -0.2598163353761054 0.1321964821689375
v 5.8420041459353298 1.4780725372463599 4.2545639297472633
vn -0.7192547365215303 -0.5655559948594979 0.4035084146208447
v 4.5967294048342282 3.8462344767593271 4.0449932275901279
vn 0.8252956203119511 0.4360798303981614 0.3587778151082123
v 3.6656589132771322 2.0399577594249778 4.0470888519522514
vn 0.5583830476288877 0.6830162391279700 -0.4708473098661168
v 2.9463426367903867 3.0656130046629535 5.1796945649719000
vn -0.6191571200794707 -0.4251826418124334 -0.6602001073585917
v 4.6356481177721252 3.4572740229376469 5.3416827722407696
vn 0.2829646934132273 0.3561597212746475 0.8905510851282613
v 2.4246616828993233 3.9424985313315974 3.7235526712772176
vn -0.4828048548928552 -0.8595245105817374 -0.1676815070337626
v 3.4220109508248422 5.0468802830072814 4.8937312797487023
vn 0.1955827796830308 0.0513555581571253 -0.9793416068654642
v 4.0273336300700624 3.0698071875519291 5.5502549920041995
vn -0.1890305622521437 -0.5775493231671809 0.7941688899999607
v 2.0256858663660768 5.2716133806252525 3.6672343835581827
vn 0.0133802084510459 0.2465925054664112 -0.9690268862470249
v 0.6097152312591549 4.8861071286567661 5.6177893217395569
vn 0.4022821655034615 0.8812925552126991 0.2479767961816536
v 1.9755477837937934 3.5675095782700077 4.3080142458084261
vn -0.0552289063088300 -0.9863102078767172 -0.1553767735091615
v 0.0433142036023003 6.0375266278185524 4.8946415745372427
vn -0.1485638730335765 -0.5071029380311503 -0.8489849149834400
v 1.2180641399096444 5.5328458420014544 5.4127027245185975
vn -0.0944669957216961 0.7540261077925616 0.6500158578731117
v -1.1082840093405883 4.2297753839108125 3.9141903169341941
vn 0.0091832977702858 -0.1480851346657346 0.9889319794268427
v 1.1355749456750934 5.1669714840915315 3.6096052793733202
vn 0.1096848978131072 -0.8004619924069687 0.5892620994969847
v -0.7056055007233170 5.8781761522360974 4.1288357493321595
vn 0.1937478766390082 -0.6318935308284499 -0.7504480834774852
v -1.8804103465082416 5.4091420203832881 5.4235192321792010
vn 0.0779405430040344 0.9696049681861828 -0.2319298976520873
v 0.0071922294166214 4.0959145739147651 4.8917932972168519
vn -0.0055391929729837 -0.0805531003858290 0.9967349273299489
v -1.1658778445199991 5.1827088106662673 3.6512825738311014
vn 0.4096807944391163 -0.9122176732351763 -0.0045346780630334
v -2.2303839787517803 5.6333068870894323 4.6550000000000020
vn 0.5732002784633560 -0.6190607633611275 -0.5368474755796744
v -4.0794426952070708 4.2905688778866944 5.1911642506678364
vn -0.4594215876570767 0.6923359511647611 -0.5564195678797037
v -2.2746736376471430 3.5145114184686701 5.2355435803159800
vn 0.4240568509718473 -0.5330530920451317 0.7321408253915123
v -3.6128301886025027 4.5035001558677372 3.8871730960839992
vn 0.7410995511393682 -0.6298622890864207 0.2324757021450657
v -4.5288373054228979 3.9816590976649273 4.3859066986682560
vn -0.6729812632428491 0.5266074623187033 0.5194042741009306
v -3.3611610653724013 2.4313783286367809 4.1273685551801682
vn 0.1053638319148530 -0.1185682170084151 -0.9873398811147376
v -3.2202192587656207 4.2354744869417589 5.6718610017671445
vn 0.8666388527021377 -0.4241270542689661 -0.2627800236400250
v -5.5024880961806808 2.3774460265366195 5.0664469556254845
vn 0.1955903454204070 -0.1191281282158749 -0.9734232922249744
v -5.2086352243099308 1.4525163878172298 5.7223067506836403
vn -0.1364712430776664 0.0619008950377851 0.9887081869825686
v -4.3498291356401442 2.5052058831109285 3.7121460582234707
vn 0.7431714267795816 -0.1173867082697283 0.6587234557384446
v -5.7695601188044705 0.6782746589197146 3.9856039903603193
vn 0.8644931396375898 -0.0757287594896578 -0.4969072011006685
v -5.9766257760069603 0.7852829353611898 5.3073374373015039
vn -0.7454132378423117 0.0948687543602092 -0.6598174173933147
v -4.3679368219646157 0.5779102011621005 5.4675148119932855
vn -0.9416067194414076 -0.0919668912336425 0.3239118349483538
v -4.1395065119328978 -0.2575507033353568 4.4524051270410565
vn 0.9222104946405615 0.3405065439495756 -0.1832569155648070
v -5.7855526422573949 -2.0298924267604521 4.9732033441306527
vn 0.2144739145650358 0.1106160049257428 -0.9704457941716363
v -4.5497383595022525 -2.7292918421299772 5.7844430827190498
vn -0.2476500348955761 -0.0686894309215549 0.9664115180894177
v -4.7041303706418880 -1.2447683715601343 3.7711441863831410
vn -0.6233228473921641 -0.4780205189554848 -0.6188416690692811
v -3.3828201893230654 -2.7705271719306763 5.5358096830658052
vn 0.5978484806047633 0.3710431412256942 0.7105660993798856
v -5.0215076806435501 -3.1326536172917869 4.1556520327539479
vn 0.6423014222871652 0.7248428528481357 -0.2491018297862557
v -3.8248044037842077 -4.6566707140703443 5.0854360702527330
vn -0.7324831742300170 -0.5763356231774261 0.3623612133308511
v -2.7660017818866343 -3.0251818291831403 4.5119484967974479
vn 0.3579496114902194 0.6400671978717801 0.6798426713899093
v -3.1514079059175093 -4.8364225480125524 4.0419250038810119
vn 0.2002940558228670 0.9687736387758933 -0.1461503609812210
v -1.4858377430948766 -5.8681262031830217 5.1211153154583107
vn -0.1960062344796227 -0.2866247840881314 0.9377781129838505
v -2.7260304931340653 -3.9487102863981218 3.8452176716990856
vn -0.1027903757461461 -0.2576859668322893 -0.9607455860693165
v -2.4471453531281311 -4.2550608240868764 5.8378434556107193
vn -0.3914012561141772 -0.9128476532010625 -0.1162506720735704
v -1.7582990764156823 -3.6441804927905630 5.0764549054068011
vn 0.0848449391277568 -0.8429549596530113 0.5312516092218426
v 0.3576626550951643 -4.0922649974231939 4.3573497189420634
vn 0.2596152650624629 0.4938438545993922 -0.8298904514578787
v -2.3214530328744107 -5.1573312572582868 5.7186816780227279
vn -0.0038630103641110 0.3532516153683170 -0.9355203757217698
v 0.6121497216327729 -5.4098035953009953 5.8651976368507768
vn 0.1215653427278048 -0.6976624968655298 -0.7060374692003435
v 1.0665131510530632 -4.2405003174541536 5.6258096830658051
vn -0.3814734383549637 0.8896975333175630 -0.2508312481296652
v 2.3683113504623527 -5.6512635271650371 5.1295391953281078
vn -0.0578724129640803 0.4452384967242425 0.8935398507355180
v 0.6682036266021536 -5.6685506243144399 3.9861306241630214
vn 0.0065377132092431 0.0277571976742930 -0.9995933154454685
v 3.6015234050896918 -3.6902809104969996 6.0000852885357681
vn 0.6742160920774949 -0.7026295084109774 -0.2274740316913108
v 2.8032070841879650 -2.9027242358338570 5.0430436762995701
vn 0.2721227850564998 -0.2896282052245196 0.9176408298411298
v 2.7494887175235370 -3.7828410110377462 3.9696700735374804
vn -0.5482028234668280 0.4692730651140044 0.6922835074602782
v 4.1858586463557366 -4.0631604873656588 4.2346850136887833
vn -0.8110030946834776 0.4448798764517623 -0.3799419375932153
v 5.2483518990457023 -3.0337220344098617 5.2682622619103157
vn -0.3655206450262006 0.0888171089209067 -0.9265560853086888
v 5.0530474230998301 -1.5960947117682376 5.9748463449052087
vn 0.9094987038084177 -0.2352426911708598 0.3427433208999112
v 3.9283399430108021 -0.9896719228250416 4.7121123347769212
vn 0.0256295152307096 0.0091913104684721 0.9996292551545852
v 4.9374975587805903 -1.4258704009399485 3.9170922076046613
vn 0.6536055321853252 -0.1037369818859625 -0.7496922347776648
v 4.2227483673737858 -0.9023307515793062 5.6740644301696026
vn -0.8848444239762695 -0.1204305091825641 -0.4500520390089708
v 5.9493659175450153 1.3364896998205855 5.3337312797486991
vn -0.8801766022391952 0.0123539311773046 0.4744855416713263
v 6.0956588322877172 -0.0983225222875727 4.5841623364346207
vn -0.1034180556044191 0.0529077513613466 -0.9932298201427942
v 5.3141300876795166 0.9628037419601934 6.0044018400077137
vn 0.6715126436032649 0.1526836829948482 0.7250920372118862
v 4.1659470617436734 1.1421677026108401 4.3099644030245337
vn 0.9272555680345946 0.3432984142619043 -0.1494767885462603
v 3.7840760448813828 1.4922514416282031 5.2984829757061194
vn 0.5163735228640006 0.3260916880336789 -0.7918475837434671
v 4.0298445404761623 2.1464291869928211 5.9018937090263730
vn -0.7681752985397304 -0.6139820671425625 0.1814737775568195
v 4.7031922939134940 3.9162057261584735 5.0509052932173262
vn -0.4874433456927079 -0.3590321080102871 -0.7959239474708552
v 4.4614489135382733 3.3507799772838847 5.9215747292393779
vn 0.4855665569203233 0.5363108800104269 0.6903591520237736
v 2.5526511322617931 3.5501078069067948 4.3441903169341867
vn -0.2002954727678284 -0.1091749757114548 0.9736336827920014
v 4.9519093163238885 2.1682759433934775 4.0441971579538034
vn -0.3101951157902855 -0.7015589713893787 -0.6415559210255397
v 2.3831605799340454 5.2455333152775205 5.8156485419585673
vn 0.4720948335777055 0.7550075096957592 -0.4550715640558600
v 2.3271987552998628 3.3927003565590934 5.6250105605488709
vn -0.1482258521766983 0.8201060467378133 0.5526799877420633
v -0.5251936108067381 4.2940259213821852 4.4528292158220495
vn 0.0858353820640118 0.0891648300869015 -0.9923114028678192
v 1.8647359998727260 4.7622615353038684 6.0952184660139430
vn -0.1156928737692794 -0.1795193883078050 0.9769278111409242
v 2.0958193643736975 4.9724324632278654 4.1007706477444552
vn -0.3073273453681339 -0.8674741841480863 0.3912012814723231
v 2.3194549719777569 5.5869257093926761 4.7018819040643063
vn 0.0385814878081634 -0.2886777339755067 0.9566486474695268
v -1.3006666135237193 5.1727008728466757 4.1540842324686427
vn 0.0611937213523094 -0.9979412427687541 0.0191990741498271
v -0.3857909845602614 6.1319721044524327 5.1299999999999981
vn -0.6253686177582682 0.7649978188215897 -0.1539234521485381
v -1.0116462609198340 3.9690225204372749 5.4117932972168532
vn 0.1193489164010012 -0.5226759410724436 -0.8441360653223757
v -1.3872034112690241 5.4068272542869886 6.1023623697092546
vn -0.1913053014565162 0.4958852690369956 -0.8470537654639981
v -0.8246621254866180 4.6281648127993327 5.9901428491390121
vn 0.1654526327938722 -0.2763880451690547 -0.9466969286890100
v -3.6981148371894839 4.1292547585620865 6.1403715859868040
vn 0.5167602570714517 -0.8443777815513902 0.1413683088029284
v -3.3993736399684149 5.0061088100902218 4.7466987734649555
vn 0.7765806655428885 -0.5142749979098372 -0.3639281473447760
v -4.7987469319128264 3.6493444874979968 5.7198438327446972
vn -0.5915499616579608 0.5220383356615156 0.6144465956958504
v -3.3828201893230698 2.7705271719306785 4.4641903169341886
vn -0.6282051643135053 0.4491310290001549 -0.6353263652006768
v -3.2398796185008538 2.5356359781498985 5.7450105605488702
vn 0.3910217464734971 -0.2185299986672186 0.8940618733998903
v -4.8363377729137467 2.7514847909645823 4.2693131359828058
vn 0.9912991511252107 -0.0842989384261022 -0.1010924426387498
v -6.0368258589182773 0.7599447148265510 5.4192350971380012
vn -0.9828726007727552 0.1197545910081243 -0.1400724404823339
v -4.0873806183041879 0.2643626412385597 5.5117932972168537
vn -0.7771819908405371 -0.0872117699358060 0.6232032255194154
v -4.3115076002890138 -0.4353981281245706 4.5835519914050735
vn 0.7076847934548661 -0.0792087088300912 0.7020742222573148
v -5.7059115577063162 0.7985282756868619 4.5143514580414319
vn -0.5079032852257469 0.0003956528790453 -0.8614140098208833
v -4.5895966869474183 -0.2254795759164785 6.1147756026840652
vn 0.7886016381760050 0.1772505660519865 0.5888036116570377
v -5.5991802612066275 -1.3580333257884460 4.5443514580414330
vn 0.8833285960735993 0.4631607701321626 -0.0721989776189824
v -5.3455393063142358 -2.9051558271171145 5.5447392321476281
vn 0.5975415426745571 0.2064900831814206 -0.7747941341581264
v -5.4460692942642810 -1.8772040267051613 6.1059494224164856
vn 0.0727087249501610 -0.1202923347052898 -0.9900723183319854
v -5.3435315450933896 -0.3936629843631629 6.2655432465874554
vn -0.6854830971807966 -0.5075398277267715 -0.5220308867782650
v -3.3354109019089768 -2.7526762068716142 5.9881318980138785
vn -0.0678927824864800 -0.1053644555508119 0.9921133511815695
v -5.0243777558999767 -1.1237862420760572 4.2727646215156181
vn -0.1021162528811157 -0.1998891563131704 -0.9744827325745331
v -2.3350080372807196 -4.2543890717327848 6.3322962195952144
vn 0.4250102132029021 0.2881772520994669 0.8580910150127573
v -4.6123869157622845 -3.1069187427694072 4.3469764907526400
vn 0.4156816118276597 0.6181760767323837 -0.6671335216762210
v -3.0218082991186752 -4.9054814967356046 6.0556485419585728
vn -0.6378498801788633 -0.7092748219098768 0.3001279016694752
v -2.6419208421447169 -3.0805195532219338 5.0522403909247124
vn -0.1788088377440113 -0.9635114856327377 -0.1991808640367608
v -0.5204897344913634 -4.0627156387397401 5.6317932972168512
vn 0.5938231272437867 0.7606955050380265 0.2621382119519228
v -3.6255836662172904 -4.8229982658623172 5.0480929286326450
vn -0.2896721403573985 -0.6084314293987499 0.7388513022391974
v -1.6422964848707713 -4.0811996249065432 4.5792592541679857
vn 0.1255427466917734 0.2120304656566757 0.9691656723112404
v -2.7569644804464382 -4.5832998976931156 4.3211180641026283
vn 0.2538372343776578 0.9285780542811962 0.2707571892874677
v -1.8119085560666464 -5.7507529394001500 5.1227820063174994
vn 0.0036436010623573 0.2447887035965272 0.9695696028459381
v 0.6420991421310120 -5.2949293339154799 4.3940842324686411
vn -0.0049289874455034 0.7399767789281563 -0.6726143558755436
v 0.0642314268866431 -5.8580691880072937 6.1055722386067384
vn 0.0967308879541943 -0.7156268388890806 0.6917523854510478
v 1.0182576746300458 -4.1980993736835970 4.6525724262418127
vn -0.2259565925560539 0.9104758340967102 0.3463775018767201
v 1.1213687125169873 -5.9839958138295302 5.1225311278418433
vn 0.4441206850973405 -0.8364040770827251 -0.3212242782045961
v 1.7162538885981393 -3.6422100982905432 5.6803224088222404
vn -0.4671406456238082 0.8053734910530859 -0.3649015718178488
v 3.2199713343777518 -5.0360042668599592 5.7846005315614004
vn -0.0791012952236524 -0.0079522589444652 -0.9968348642937910
v 2.6275685321752245 -4.5666632921305448 6.4222708978330934
vn 0.4584790844993152 -0.3214341032520366 -0.8285391036898795
v 3.0992540307504872 -3.3926189354053604 6.2947756026840604
vn 0.3763884747039178 -0.5992893873208389 0.7065295084811899
v 2.3219108410979445 -3.5962238611344048 4.7049493588828000
vn -0.0022457249804689 0.1417229598357959 0.9899038131933292
v 2.9090781662243521 -4.4903392387343590 4.4382779905653607
vn -0.6071463761369643 0.6679575249373992 0.4303556933784605
v 4.0259520940713065 -4.3407998958269189 4.9288357493321575
vn 0.7150481917643691 -0.4331758555342815 0.5486936865288768
v 3.4697056806697235 -2.5415706855724114 4.7142235391627798
vn -0.7633388039327913 0.5586896362216236 -0.3243142932234184
v 4.9898276662231975 -3.4870225478649073 5.6762104296714888
vn 0.7111231994834362 -0.6919766812626178 -0.1243867667608348
v 2.9365194726496631 -2.7546461110217373 5.7103224088222397
vn 0.8842555839385506 -0.3730368239211331 -0.2809547833234495
v 3.6369166824088652 -1.6971663112304181 5.7361316444703130
vn -0.8327864261477003 0.3121362235342071 0.4572064592522120
v 5.4690490221973853 -2.1997629929661318 4.9663341300454977
vn -0.9259770563853190 0.2154476158182533 -0.3100787253040911
v 5.9045623994342762 -1.1022462558307238 5.7502113272424946
vn -0.3516755062703258 0.1692608478577865 -0.9206927303242777
v 4.5417728187497870 -2.9127421200189594 6.4250204109654083
vn 0.1880190686564833 -0.0012423390297235 -0.9821645923241602
v 5.1110237254239728 0.5346568238562690 6.5024310251451700
vn 0.8503605563374275 0.0070969653499417 -0.5261525988801371
v 4.1115271042349226 -0.1470191389140443 6.0450105605488744
vn 0.9514268624814157 -0.0625251742712423 0.3014589987562488
v 4.2148992464869872 -0.2422176618798237 5.0071507933353914
vn 0.5575231439017471 -0.0524468696707459 0.8285030294909318
v 4.5895966869474139 -0.2254795759165043 4.6352243973159366
vn -0.5010141731454985 0.3049015380438364 0.8099505234308054
v 4.6910167742800546 -3.0863775170356007 4.5806586488605996
vn -0.3290404166364199 -0.0355010572952169 0.9436482814855611
v 5.3219055912877522 0.1341116232010215 4.5056070175150413
vn -0.9601907295422304 -0.0426709750541383 0.2760669317196252
v 6.0228932268131352 0.4223281665484325 5.2353584254627554
vn -0.8237626210363882 -0.4577284957720428 0.3345142274127109
v 5.3578508901199520 2.9485720154161457 5.2498405532236898
vn -0.7359089214189451 -0.0961760071125110 -0.6702150662525417
v 5.7291240390280560 0.7793280604282334 6.2764500009018738
vn 0.8426698203363487 0.3611419284406121 -0.3993545810636225
v 3.8174456907740177 1.4599255274953884 6.0826857893609727
vn -0.4603208070828580 -0.3877740069180318 -0.7985837928015572
v 4.1276538544881518 4.0231523439173937 6.3499033385643671
vn 0.7919480365875440 0.4079112097087083 0.4543421093615608
v 3.6321293781790795 2.0167227043421487 5.0423393576316382
vn 0.0943498841446519 0.0180778176313098 0.9953749503938603
v 3.7211426853241827 3.2011185719173008 4.5521565443892777
vn -0.4954350148582427 -0.8462893073268739 -0.1958023349110335
v 3.2419206552138302 5.1637685347164624 5.6921299027032743
vn 0.2651729864753052 0.3924510013710543 0.8807187398747821
v 2.1467397351741373 3.8416596834543655 4.8283732558115693
vn 0.5865346671046451 0.7982835299192637 -0.1368228421868348
v 2.6692093868583284 3.0910814898407737 5.7477804595478883
vn 0.2141013280001602 0.3297502281487900 -0.9194701780832203
v 2.8498121406745445 3.9281878354667423 6.5722962195952155
vn -0.2742492630170651 -0.4589477465955318 0.8450765099264564
v 3.4932073422870986 4.5837477035307304 4.7299950130796260
vn -0.1292926817759015 -0.3619035210170155 -0.9232059596399289
v 1.3962524965006258 5.1508822049208414 6.5960122544557658
vn 0.0390215346639453 -0.2680978070511589 0.9626011041375500
v -0.5589070992167287 5.3670444626340901 4.6407706477444552
vn -0.1276923058144573 -0.8053109355022234 -0.5789377964827662
v 0.6133451979305605 5.7457044213131621 6.3699624119739795
vn -0.1873666579535926 0.7449363040726733 0.6402840294446263
v -1.1082840093405839 4.2297753839108143 4.9141903169341949
vn 0.0361145469968818 0.8969743431686914 -0.4406050013246612
v 0.0071922294166379 4.0959145739147669 5.8917932972168563
vn -0.0684918843403835 -0.9751749478052237 0.2105770238002783
v 0.3995480441978240 6.0128256441431249 5.3545639297472647
vn 0.3423254409208095 -0.8759914533718752 0.3397826748346698
v -2.1339060348015897 5.6669289647893288 5.4279924871970531
vn 0.2167446366273182 -0.6804377358378656 -0.7000187498496958
v -1.8926852770401759 5.5343170754837541 6.3397506668909376
vn -0.0415307513502511 0.2532021531691642 -0.9665215291563778
v -0.7549272968555579 4.7239924452693023 6.6094555820249452
vn 0.1829135980797290 -0.2108863613720986 0.9602445304320999
v -3.5335383515854599 3.9885629498236339 4.6910347122623701
vn 0.7263322466478404 -0.6793819115964972 -0.1043153185059130
v -4.4975276777944897 4.1878550107932861 5.7095025012637466
vn -0.5418167965316888 0.6716036053916741 -0.5053544857038897
v -2.8486102230692318 3.0377670517927737 6.2390536716205620
vn 0.0537165385665960 -0.1010601928656735 -0.9934290970685206
v -4.1745633713174604 3.2972759920858823 6.6916816781981643
vn 0.7527329362102194 -0.2296165702462281 -0.6169840819767562
v -5.6557124741061857 0.9985935124788345 6.5211093859773763
vn -0.8046261584821398 0.1877252502400459 -0.5633258164762083
v -4.1659087623002042 1.0009807134300830 6.4045026483603547
vn -0.8309306179293452 0.5454483774639203 0.1097286458019665
v -3.4640363753365948 2.1364870859944873 5.4667905840878230
vn -0.5471986189200024 0.2830865159827384 0.7876774059986721
v -3.7531991037047470 2.3675818562436546 4.9169252443176221
vn 0.8215148466579383 -0.3433455239158172 0.4552221522812323
v -5.3376589971076953 2.5401967616918699 5.1407590166139228
vn -0.9779698904770504 0.1392451417837088 0.1555174710762139
v -4.0258170899031223 0.2571721070597372 5.4768082016802726
vn -0.2305682662936210 -0.0307473566756887 -0.9725702414920024
v -4.8432593720809072 -0.3081031687524882 6.7522962195952125
vn 0.2109689208105781 0.0355929196083764 0.9768445416368828
v -5.4173976788092482 -0.1453601380836698 4.7610197435155603
vn 0.9773370674503813 0.0588533087070828 0.2033434155356840
v -6.0881263398253251 0.0197828123993830 5.4825311278418409
vn -0.9287780475766876 -0.2186092460664457 -0.2993014130836947
v -3.8992904538344679 -1.0033721975683934 6.0403224088222371
vn 0.6204046421613576 0.1377722064738676 -0.7720860697538584
v -5.7523386259636311 -0.8327932308397061 6.5199530212001120
vn -0.7193875464618170 -0.1208306535194289 0.6840186482587407
v -4.3258572747505299 -0.8001793305529500 4.9992592541679794
vn 0.8589759814092344 0.5032177036027463 -0.0945103493952960
v -5.1543878594664490 -3.1864751167219207 6.0047573820470683
vn 0.6076747129791743 0.4162135048845099 0.6763858082170487
v -4.8475354859625748 -3.1563852546639302 5.0567895689276368
vn 0.4980352797426315 0.4926721666404799 -0.7136070321608765
v -4.1468162745975805 -3.9998736100245216 6.5356485419585688
vn -0.5438364791111057 -0.4467593866405467 0.7103857645227686
v -3.4651028250940317 -2.6418966209325458 5.0477835130055544
vn -0.1451516690335566 -0.0944486277446117 -0.9848910851936535
v -3.3386236933018458 -3.5488651223263559 6.8202450770387708
vn -0.6907710899571007 -0.7028498645497498 -0.1698156918010743
v -2.9690105329012684 -2.7804716028055214 6.0784829757061196
vn 0.5320157391702307 0.8329743935322427 0.1520293162345518
v -3.2468274659279941 -5.0765955396291993 5.5645639297472673
vn -0.0522326866519064 -0.2530888173704587 -0.9660319854783000
v -0.8065149774661623 -4.9453355910210037 6.8560955429320956
vn -0.0517889610458178 -0.0498852863430355 0.9974113302546087
v -4.0234709243284810 -3.3021789715020118 4.8047271604533988
vn 0.1679051793985425 0.5119996086973662 0.8424157236334606
v -1.4857155451730921 -5.4151651750496654 4.9806586488605999
vn 0.2052416429484694 0.6701144160639086 -0.7133179777512549
v -1.3946290868717894 -5.6900008785352085 6.5855722386067432
vn -0.3874972101641294 -0.6946070687073682 0.6061080202544543
v -1.0665131510530828 -4.2405003174541518 5.1241903169341940
vn 0.1630290544575851 -0.4497980474773944 -0.8781248452744004
v 0.0042759068924400 -4.5707152013404437 6.7849213628810316
vn 0.0225781376966563 0.9642353212264899 0.2640842157293738
v -0.4020203913757709 -6.0748706401255523 5.6025311278418428
vn 0.0194316452563188 -0.9935910685277510 -0.1113516937658084
v -0.3102703688178315 -4.0745021464398627 6.0116495991525776
vn -0.2214793833417867 0.6499904687023257 -0.7269520433637098
v 1.8535653531464356 -5.4552148988883200 6.6256485419585651
vn -0.0630888407007282 -0.3456756432342758 0.9362308197520565
v 0.0028117912973266 -4.9910024128629020 4.8797239813757312
vn -0.0136645449774752 0.2527493502375314 0.9674352930119224
v 1.8062502033481154 -4.9957183634994120 4.9112825738310999
vn -0.6983049099458153 0.6591310034143466 -0.2791354027771530
v 4.4788959732292382 -4.0835040453681346 6.2165505425081911
vn 0.5371246691977348 -0.5626142532980305 0.6284602546900826
v 3.3828201893230583 -2.7705271719306919 5.2141903169341903
vn 0.4955804036890753 -0.7826049455901505 -0.3767354013325679
v 2.4016995453714167 -3.3178919841872596 6.1917932972168517
vn -0.4089576684959588 0.7298261225495298 0.5478206423845932
v 2.9568886418304423 -5.2074578036431483 5.3633045739262553
vn -0.1867857646251788 0.1896844121939709 -0.9639143644038173
v 3.7283874302109323 -3.7944875120859836 6.9316816781981645
vn 0.3716469228877564 -0.3678487598230092 -0.8523883238317711
v 3.0992540307505254 -3.3926189354053324 6.7947756026840658
vn -0.7239224489529976 0.3653493733251432 0.5851975079516486
v 5.0112645326200660 -2.8429389538894685 5.2343514580414334
vn -0.8621386048569307 0.2236787533513057 -0.4546260455743278
v 5.7410836955232236 -1.4936355504050256 6.6040640828839150
vn 0.7621781468870829 0.0580190210033512 0.6447621775581945
v 4.3939012229681715 0.2459118883930441 5.2483732558115674
vn 0.9037021753866844 -0.2331425071650843 -0.3591196869487290
v 3.9457937466182997 -1.1648954739431998 6.5250105605488722
vn 0.0309369394512027 0.0094378574352542 0.9994767794323309
v 4.8580130393802614 -1.5987759658774654 4.9747815339860564
vn -0.6047454901137872 -0.1560702845532347 -0.7809769256940359
v 5.5608366099162900 1.5073719876834202 6.7456485419585661
vn -0.0113876132841480 -0.0286059796885178 -0.9995258977083838
v 5.1054149794359400 -0.3018495777820749 6.9952184660139451
vn 0.9316841536811056 0.3627153562877227 -0.0200551263419668
v 3.8136232749763157 1.2418624158072340 6.0652493681897379
vn -0.9499009813811353 -0.3017405795567684 -0.0814907861043289
v 6.0281592156366983 1.1499328709805652 6.0149999999999997
vn -0.7338193443972437 -0.0076100318536039 0.6793020368021773
v 5.8505427512776986 0.3037265269156587 5.2744277613932571
vn 0.2522311202341632 0.1677960554870140 -0.9530078413887358
v 4.1708883205286975 2.5607871972615595 7.0455377765274658
vn -0.6600854209804466 -0.4298141924775716 0.6160738567362843
v 4.7060607365327751 3.3238631824283207 5.3243514580414315
vn -0.5242914249011840 -0.4553499759453979 -0.7195657726584913
v 3.9649879664753693 4.3318524247474448 6.7966811273331684
vn -0.6988766319347088 -0.7152249767079979 0.0049685036622362
v 4.1295942874468450 4.4363417706540105 6.1936063966842827
vn 0.5432154773126258 0.5279564837825986 0.6528237866682945
v 2.9774692065854795 3.2021821259155687 5.3341903169341949
vn 0.0193629159022681 -0.0216979491197464 0.9995770488020214
v 4.4056174226440277 2.7718656829006387 5.0447271604533999
vn -0.3578008737871078 -0.6409226971779619 0.6791145933929771
v 3.1519889667737062 4.8228663328745416 5.3543514580414291
vn -0.2800988149086633 -0.8600662038020233 -0.4264162039185884
v 1.7455052611958279 5.6981294038695882 6.6753397284462466
vn 0.1250739087210612 0.7820401626089771 0.6105486888232259
v 0.8223530854056970 4.2216317299305590 5.3742235391627782
vn 0.0068559061400573 0.2658348293042622 -0.9639942116422550
v 0.6048904934454489 4.8152047099561859 7.1122962195952137
vn 0.4728638702204820 0.8514220333193175 -0.2268926649729034
v 1.9675161335350235 3.6333958949840248 6.5385068126704100
vn 0.0499276046243347 0.0325474981457906 0.9982223673415287
v 0.6601563784592026 5.0715450146711474 5.1147815339860569
vn -0.0374502178303487 -0.7397952827837568 0.6717889704031770
v 0.0642314268866456 5.8580691880072919 5.3944277613932599
vn 0.1487260500296144 -0.9591927759134472 -0.2404782332728763
v -0.3455778909390537 6.0629520757490241 6.3850373321927956
vn -0.1521719025439509 0.9882690609933401 0.0129605231181499
v -0.4898058333266341 3.9277408279003150 6.1563614540610194
vn 0.0852901583969665 -0.3354508173247925 -0.9381888605375515
v -2.0494113931418347 5.0128751352325400 7.1428654481823646
vn 0.5935438415624338 -0.7738166740191970 -0.2211638830215647
v -3.6414939291143540 4.8072782141524346 6.4747026549737008
vn 0.3650241605728615 -0.7637212952131673 0.5324351091316196
v -2.6027468103688287 5.3793159265003503 5.6102564184163972
vn -0.4247195831960166 0.5731933119495656 -0.7007586622982908
v -2.7706242562106951 3.3701100788836182 6.9059546771871494
vn 0.5355402027986779 -0.3174704662244932 -0.7825657763163132
v -5.1059782277349717 2.7090403718696145 6.9865877141236021
vn -0.2483666601822309 0.1058602413643221 -0.9628642746556815
v -4.1755433487210514 2.6216428501127012 7.2093852848981701
vn -0.6972245432787582 0.6708233274306655 0.2527330600150620
v -2.6032010652076183 3.1712473662927452 5.9161926793529380
vn -0.0956465295590196 0.1813467717846662 0.9787569104464069
v -2.7073132699287132 4.1140577552551569 5.1953318762281011
vn 0.5100008377286859 -0.4216867217297853 0.7497195837330284
v -4.3645114146491633 3.7326607645422407 5.4692372119807038
vn 0.5989301384644962 -0.0536894624822963 0.7989994561057359
v -5.7247112833716667 0.7850832549748036 5.4392205168548955
vn -0.8805032665036150 0.2616708660896844 -0.3952750378108115
v -3.9859744881060721 0.8758044292981030 6.4914803320194601
vn -0.7759386266814953 0.1866033859258253 0.6025764880781962
v -4.2438670360596760 0.8054740040543499 5.5005051410131767
vn 0.9089715447876617 -0.4021870359768367 0.1096189712526916
v -5.4169363403594737 2.6576248564734315 5.9380929286326456
vn 0.8150064167139113 -0.0290424958927110 -0.5787236595711912
v -5.9575840082223257 0.2146028391163638 6.8444309010188569
vn 0.9939409157383364 0.1002370943853349 0.0450996777197212
v -6.0694124452714702 -0.6395231559553415 6.0648123014299307
vn -0.1713190796502282 -0.0414962515682448 -0.9843413198954840
v -4.7869738869825982 -0.9086984248295377 7.2702450770387719
vn -0.6751509017601379 -0.2920224939594972 0.6774172442993669
v -4.0330603786835075 -1.6129363794843541 5.5470075499155316
vn -0.0541314305384697 -0.0156871831380865 0.9984105871399056
v -5.0200859170949039 0.9772986569322100 5.2347815339860571
vn 0.0552272134546646 0.0602971748711400 0.9966514965606544
v -4.3284921077531786 -2.7240652255360112 5.2947815339860567
vn 0.5910373601863673 0.4602060329301715 -0.6624841478243870
v -4.4727772340631171 -3.7835649990619999 7.0355722386067381
vn -0.9145396726190498 -0.3203420032092477 -0.2469781127665522
v -3.8244676806883797 -1.2701796188692973 6.5196591228380170
vn 0.7403846369960132 0.4003653466384816 0.5399427548465952
v -5.1363827344424555 -3.1059864857685073 5.7198698477238832
vn 0.5214672510796069 0.6783032302430668 0.5176645959434538
v -3.6389148684251840 -4.8012770092053296 5.8224317756025608
vn 0.0651547183511388 0.2714816525935850 0.9602356872047819
v -2.1044522014079887 -4.8954885985793206 5.3510347122623703
vn -0.5595326261220235 -0.8186215114938435 -0.1295455951567910
v -2.3956981542648554 -3.2981455559816748 6.5438972963050706
vn -0.3020065171990501 -0.5308866859714473 0.7918026207506224
v -2.0875762247024738 -3.8420461670514774 5.6041903169341891
vn -0.2360486588853259 -0.2673142551580732 -0.9342505657625922
v -3.0249035278458041 -3.5525440398324473 7.2598069859087317
vn 0.0155743891006546 -0.6176341089776554 -0.7863113542557548
v 0.0454195260280889 -4.5346349749156882 7.3106501740807701
vn 0.2727023175247247 0.9561014724902360 0.1072539990799719
v -1.8879234311193389 -5.8521958459660608 6.2582649526750007
vn 0.0499801951854132 -0.9434245231900829 0.3277989462045183
v 0.2384893474600048 -4.0453005318155801 6.1138986009098346
vn 0.0050282562565145 -0.2926589183607594 0.9562036781684796
v -0.0370674206473405 -4.7514556779581225 5.3859625295513514
vn -0.1845459191846817 0.6914583031498026 0.6984470049455983
v 1.4450681425820440 -5.5528590142233343 5.6001353835266263
vn -0.1049815977912730 0.9897225857063439 -0.0970982361731677
v 0.6832075451538728 -6.0456807970157422 6.5548384018813701
vn -0.1837995501797274 0.1530197778939240 0.9709802639225084
v 3.4097525033469092 -4.0969664144908062 5.4305731809851707
vn 0.0391817628375564 0.4929660810171712 -0.8691658256210454
v -0.2598921809356480 -5.6497491922406224 7.2486816780227334
vn 0.4138616582300226 -0.5419196814153426 0.7314653694754041
v 2.5620002843405070 -3.5781273254446035 5.6683732558115700
vn -0.3955491389213784 0.8382212484710824 -0.3754011418604582
v 2.5195846947995642 -5.4654916642557492 6.6792949933280674
vn -0.0390962837114900 0.0954919519816659 -0.9946621374651202
v 3.5341105261029004 -3.9143879276528559 7.4735240831186598
vn -0.5797984749354130 0.5071053052587174 -0.6377130529015632
v 4.2523615214139276 -3.8874793379047201 7.1656485419585696
vn 0.0077942767700671 0.0006824156263975 -0.9999693913108263
v 4.4655749572533185 -2.4881719652870875 7.5050007755617161
vn 0.5856887429326907 -0.7131658669458835 -0.3851793642256176
v 2.7186522181743533 -2.9498385740049970 6.4733768436383770
vn -0.7009074738406039 0.6652792596073623 0.2571618553570162
v 4.3602582594242580 -4.2480412308553674 6.2137895703285118
vn -0.9627484966413158 0.1893480405999410 -0.1930353639514003
v 5.8921295376276666 -1.4206772819196594 6.7565505425081867
vn 0.3280303481787353 0.0460949475243786 -0.9435419155959434
v 4.8432593720809116 0.3081031687525211 7.5022962195952170
vn 0.9490564522552960 -0.2793546295798666 -0.1457835428465325
v 3.8796749008252815 -0.8162618044654539 6.4971113398374776
vn 0.3380027625621779 -0.0362017002151759 0.9404486000850161
v 4.6849221644122760 -1.2308437636046425 5.4862892240815961
vn -0.6538201370177903 -0.1153352064248457 0.7478081429009557
v 5.4142059704813592 1.2267293234231080 5.5538664604166161
vn -0.6594265402009513 0.1992170721414069 0.7248925411714542
v 5.6390550577364920 -1.3960438865767220 5.7256039903603231
vn -0.6572615357091138 -0.0638982755594992 -0.7509489224027288
v 5.7045531015465700 0.6897232701287859 7.2619252762729829
vn 0.9362248930143613 0.3513694537348173 -0.0047388482085809
v 3.7510244815715179 1.4352612752700866 6.4432422238798370
vn -0.5255951029681289 -0.4145748578464205 -0.7428845636958291
v 4.6690351964944616 3.4737979827090806 7.2778096201675764
vn 0.2777504373906712 0.2696802604878265 -0.9220234550338234
v 3.2899124593538382 3.2851910765813255 7.5375246914727976
vn -0.8917052223977763 -0.4053189843593707 0.2014406048105009
v 5.5412520831244247 2.6236179655363370 6.4016750365259290
vn 0.0947368060146874 0.0914800881146140 0.9912902355338108
v 3.6157941591465779 3.6786704468265037 5.4921050536050533
vn 0.4655851635066606 0.8781638358865571 -0.1098122618994986
v 1.8736219820412081 3.5902932285017513 6.6464821939543848
vn -0.2600516179422019 -0.5630276184508559 -0.7844571733799114
v 2.3831605799340325 5.2455333152775250 7.3156485419585691
vn 0.0412291831077655 0.2161712166210678 -0.9754845767949557
v 0.6855038266468648 4.8460318772820559 7.6155377765274643
vn -0.4153101327763512 -0.8506977192154633 0.3222280002341480
v 2.6345616797309019 5.5086572996350460 6.2185344021743134
vn -0.0504640900725036 0.8309120454786131 -0.5541105921128935
v 0.5361389506846256 4.1252112267991272 7.0678878897284640
vn 0.1076707147686259 0.8785536962145202 0.4653497824744501
v 1.0277206828189658 4.0948547290312014 6.1171507933353926
vn -0.0122233774797088 0.0376497811849342 0.9992162343655727
v 1.3201949754737634 4.8701126479038059 5.5483593608092026
vn 0.1336196164466131 -0.7823594465300736 0.6083251552630525
v -1.1068380431958167 5.6384886116632540 5.8880747237270175
vn 0.0927530992871849 -0.8944422175460621 -0.4374585489436738
v -0.7531657121336606 5.9646832369582752 7.1866157314748795
vn -0.4765108969293027 0.8737877508684289 -0.0971201912061746
v -2.1906971961054489 3.4874057469337787 6.9742369042208709
vn 0.1660934077437894 -0.2011241284388826 -0.9653818233547570
v -3.4556198140500003 4.3477702129566262 7.6352462655557902
vn -0.2754505381063067 0.6564189380555343 0.7023113118973598
v -1.5938934773598414 4.0148100046940005 5.9205051410131757
vn -0.7524202093337956 0.5942423953614282 0.2841475041966745
v -3.2403284337950069 2.4432801916851261 6.4322403909247168
vn -0.1717306626885155 0.1589566020477502 0.9722352483622452
v -4.2352433637817199 2.3805812743480423 5.7109758203968868
vn 0.1985358176977258 -0.2195182504285897 0.9551938373020769
v -3.1421324157588755 4.4647056464758670 5.6899449291054225
vn 0.6324989376785493 -0.7675424577012815 0.1040368658763955
v -3.7921210775336993 4.7819007759617866 6.4848123014299324
vn 0.6859505170433590 -0.3688529317829116 -0.6272315384952349
v -5.0855425625721074 2.7078277189853734 7.4356485419585630
vn 0.8301995319281159 -0.2626824391511617 0.4916977459252112
v -5.6006788683165407 2.1165813062014998 6.2000803696085791
vn -0.4214279415251832 0.4117232248441987 -0.8080114332271173
v -3.0992540307505023 3.3926189354053524 7.5447756026840658
vn 0.5337185042285013 -0.3670311135604537 0.7618613521649885
v -4.6666612700522156 3.3525985247739412 5.9480747237270162
vn 0.6810393262942738 0.0052524694177753 -0.7322280024730391
v -5.8557088763350045 -0.4435634787674473 7.4866811273331670
vn -0.8479631736851838 0.3339191237861178 -0.4116509138137098
v -3.9619728364370803 1.3084284610086705 7.2209277551429336
vn -0.9036545558346741 0.1995599701286354 0.3789251404189173
v -3.9618401079356156 0.7597129017979668 6.4668082016802728
vn -0.4244997681035381 -0.0461126335067428 0.9042530463930522
v -4.6226379604495706 -0.2178512885606468 5.8115754393294674
vn -0.2612681343509780 0.0092098552125435 -0.9652223270002220
v -4.8436843917317569 0.3013476748525806 7.7422962195952136
vn 0.6185303299873415 0.4240608187340674 -0.6615078630676605
v -4.6154344830712937 -3.4485995192127468 7.5256485419585655
vn 0.9635189312739511 0.2572994958441764 0.0736765805058569
v -5.9903613313502539 -1.5620420876659080 6.7020016434491554
vn -0.1695690435865903 -0.1906995674883264 -0.9668919352321097
v -3.7570883895463596 -3.1024407577062445 7.8102450770387719
vn -0.9458566977870143 -0.2666793877914639 -0.1850330007826032
v -3.8976687668271053 -1.2588669941943023 7.0417932972168513
vn -0.4638693801088136 -0.5273328919902376 0.7118603930706340
v -2.9774692065854866 -3.2021821259155625 6.0841903169341940
vn 0.3852777587719156 0.1037972616743054 0.9169444787251874
v -5.5512934307621800 -1.1105800101362266 5.8738377236967390
vn 0.7014303619382782 0.6525495100159403 0.2866610966439154
v -4.2950395500906708 -4.2005533113458595 6.5042110542024325
vn 0.1621316267575311 0.2151156585941420 0.9630361306994486
v -3.1565584213210602 -4.2993844783028079 5.8340842324686424
vn 0.3943204888990327 0.6341820660551160 -0.6650747770953973
v -3.0218082991186943 -4.9054814967356020 7.5556485419585666
vn -0.5623079608426902 -0.7613337380179207 -0.3227703464207882
v -2.5818951293146575 -3.0802438603963664 7.0678640475085688
vn -0.2398617791202472 -0.7042674553612944 -0.6681868587724522
v -1.6359461466075136 -4.0249043324153444 7.5766648903081304
vn 0.3271987989930689 0.8072098532855835 0.4912771098841875
v -2.4062554428832135 -5.4775539193123093 6.3334543207754450
vn 0.0761959677595769 0.8880869723674287 -0.4533163398868781
v -0.4138697812227329 -5.9525368665014202 7.4446149783803710
vn 0.0109705744014341 -0.1465347571708874 0.9891446868068249
v 0.3441387221021235 -4.8807324619224763 5.8899640614805691
vn -0.0925175274332816 -0.9827374302193882 0.1602112679040562
v -0.5506938196306003 -3.9789130829954744 6.8053659139618929
vn 0.2667051939348798 -0.6865959450912390 0.6763537149394734
v 0.7894817302722718 -4.2279022762830083 6.1542235391627784
vn -0.2437883241426168 0.9663778198074424 -0.0817383777423362
v 1.5887522362315676 -5.8417764060244997 7.1321843865674772
vn -0.3160269052340917 0.5779314823351260 -0.7524109228965821
v 2.5373775170560484 -5.2372585793252746 7.6378096201675785
vn 0.0151669709598274 -0.0230912923687034 -0.9996183047586947
v -0.6218256055628123 -5.0763873173865059 7.8652184660139435
vn -0.0876463149623937 0.7491205675974157 0.6566098527101452
v 0.3914202845134923 -5.7327510358110967 6.1280747237270257
vn 0.1292817303435692 -0.7789413819815157 -0.6136257472076111
v 1.3870495710402777 -4.0537453906166316 7.5745026483603519
vn 0.4987181853612461 -0.8590968063009791 0.1150341209965273
v 2.0734814514347018 -3.4239161539032663 6.8338993315694516
vn -0.5298294900308724 0.8245217064318513 0.1986068153823880
v 3.3119157080260577 -5.0874048894786110 6.6380466659243069
vn 0.1218604532645860 -0.2341779642320771 0.9645261587941871
v 4.0466125064442542 -3.0027749298442026 5.9604836890819684
vn -0.4218132029024270 0.3973535942398579 0.8149746885651495
v 3.9505944559047568 -4.0210254476783449 6.0406254924277842
vn 0.6622891727849927 -0.1819506492661932 0.7268197939265144
v 3.9655447622788764 -1.8422127949996729 6.2341903169341935
vn -0.8404427305008570 0.5212248494458637 -0.1482588043537388
v 5.1862705226350103 -3.0767799035769929 7.2640933013317373
vn 0.2310713200777721 -0.2972730357115344 -0.9264096217529071
v 2.8552882559074968 -3.9242092048617438 7.9222962195952160
vn -0.9559827558699350 0.0631249412255138 -0.2865522854115807
v 6.0881263398253260 0.0197828123993289 7.2674688721581573
vn 0.8643948277479352 -0.3103864562934515 -0.3955778425445631
v 3.9690232417391846 -1.1075963748153363 7.2588538859224654
vn -0.7691893323616756 0.1547097502350208 0.6200102129507361
v 5.6731914972435256 -1.5062085072910734 6.3302112853548147
vn -0.4569095644591331 0.1903842735484482 -0.8689001543855284
v 5.2929196840994379 -1.9930406665715104 7.8486816780227295
vn 0.4162994855497594 0.2085140166369456 0.8849952786297413
v 4.3503036472581043 1.4798976196504003 6.1652243973159395
vn -0.4735612222123243 -0.1691606233534254 -0.8643636111749788
v 5.1545893863537877 2.1359918357445187 7.9015747292393792
vn 0.3298471254429904 -0.0286114903421082 -0.9436006869737853
v 4.7677216150481900 -0.9060460856088811 7.9822962195952156
vn -0.2049176629019177 -0.0636215755502667 0.9767092948033810
v 5.3256026864815897 0.1802323849123732 6.0110347122623731
vn -0.9237140446924851 -0.3555456997738812 0.1426170361848502
v 5.7493442978922955 2.1961022043036253 7.0372025924141921
vn -0.7084173377775518 -0.6672432034911034 0.2300682136478139
v 4.7876408096422560 3.6291194987420532 6.7442110542024318
vn -0.3608451541660200 -0.2253390038219658 0.9049934298498666
v 4.3950507504343017 3.1780934274054942 6.0818060087830981
vn 0.9323352048651148 0.2880677225491628 -0.2185590377780409
v 3.6433430618860041 1.6619430545072491 7.0487412888661511
vn 0.2704826064463369 0.2076914789388012 -0.9400550032770473
v 4.0957507073906632 2.6032508620480272 8.0422962195952152
vn 0.5586654535144508 0.8253245762407513 -0.0820503193322085
v 1.7808566949104871 3.5713403143319593 7.1199634441444255
vn -0.2324390486703809 -0.4211793051797693 0.8766869917715757
v 2.7937601660564675 4.8418489113414376 6.1322039087471953
vn -0.3662471255841904 -0.9251829595820894 0.0994964034538149
v 2.2591287967161406 5.7059080098328918 7.0950000000000024
vn 0.1077687234450472 0.3479581188324736 0.9312953611962163
v 1.3332780914537703 4.7264047457712612 6.1390542948004390
vn -0.3522349675162149 -0.5723874987732037 -0.7404749009298065
v 2.6435955253747574 5.2201676915236481 7.8462965024917866
vn 0.0537040489644551 -0.9783163339650276 -0.2000325619044359
v -0.8440557235848501 5.9948357093083873 7.3721843865674765
vn 0.1696265005605652 -0.5955093443134835 -0.7852359334256818
v -1.9862707073172361 5.4620735287867728 7.9064429609076976
vn 0.0803083851830695 0.3048900400989260 -0.9489955883552689
v 1.2036259278054899 4.7014225010904154 8.1022962195952140
vn 0.0174718733659404 -0.6872001434256585 0.7262580096059794
v 0.3301704058788267 5.7366045515447226 6.3680747237270223
vn -0.1577356498534245 0.3352702585987135 -0.9288236207507159
v -1.8190927178544902 4.4338463992848558 8.1535738308087353
vn -0.1083546959476749 0.9796422043028130 -0.1689982586147338
v -0.2100547814590622 3.9643511054533387 7.1365053233292572
vn 0.4430695157477222 -0.8801750791093347 0.1702387568386105
v -2.6481793581978215 5.4623822873701933 6.8780466659242991
vn 0.1158502009818847 -0.0379687418473761 0.9925407324513107
v -4.8049304487925761 2.2842724919903210 6.2146212413428703
vn 0.3479659251930538 -0.4107848277554719 0.8427191348192169
v -3.4154747170326591 4.4844592386611088 6.2806254924277836
vn -0.5492658727080708 0.7665238391529723 -0.3327885290818024
v -1.9642126590961617 3.5719745778261212 7.3838972963050740
vn -0.3860812784236925 0.5967248131358061 0.7034633919677445
v -2.5875405827296665 3.5247591373631453 6.4441903169341934
vn 0.5308911494440280 -0.5385309092661765 -0.6543233506508415
v -4.3418518748590973 3.7820834051718748 8.0128049600565312
vn 0.4438066790734817 -0.1921119611233217 -0.8752877389768001
v -5.1959580165123045 1.9281044970624199 8.1801010344822807
vn -0.4784272997703234 0.2120051670515533 -0.8521508833404564
v -3.9320986789627259 1.9615671961082566 7.9388008467671183
vn -0.6581826864028000 0.2659084456871129 0.7043353248502144
v -3.9927614233855162 1.5988418546426759 6.4842235391627758
vn 0.8488174702673741 -0.4427911280137326 0.2888683421928085
v -5.0514333752138016 3.1351997622394294 6.6648127237666221
vn 0.4871608901246425 0.1739842558166538 -0.8558059043152784
v -5.4535418853280033 -1.4986963621454674 8.1486816780227347
vn -0.9539052355010552 0.2974825540133521 0.0396097430106454
v -3.8770342657668082 1.2592613139693094 7.4438972963050709
vn -0.4501568343784359 -0.0750987813873519 0.8897859279043021
v -4.4541116362928665 -1.0183829249595786 6.3735194294781063
vn 0.9854136957251516 -0.0353205866733005 -0.1664701307572998
v -6.1265240462387771 0.2424577311801266 7.4432033441306524
vn 0.9033961375905747 0.4254624518339926 -0.0534520408014406
v -5.2704480213774145 -2.9216585222175455 7.5554360702527283
vn -0.5638761522015566 -0.0899383613894488 -0.8209474868278408
v -4.3176484395992851 -1.4655160551122566 8.2260254234781893
vn -0.8927808968023104 -0.4504871904441549 0.0018872070882175
v -3.7736121698129259 -1.4768834596538367 7.0138986009098314
vn 0.7017557856582259 0.0483188170647604 0.7107771164103893
v -5.8505427512777031 -0.3037265269156712 6.5244277613932624
vn 0.4327735969020800 0.3324128716497317 0.8379789356457684
v -4.5935610585065438 -3.1362644387581402 6.3486078042082745
vn 0.6155033401745861 0.6782881009817168 -0.4013488386684884
v -3.8248044037842002 -4.6566707140703540 7.5854360702527357
vn -0.0853041629235873 -0.1401140850722714 -0.9864538726936330
v -2.8007620081158673 -4.0886511563819363 8.3691481414304096
vn 0.4564078404755198 0.8273402741973775 0.3274140403884365
v -3.0541786686364922 -5.1576755925271849 6.9835530443745126
vn -0.3308546346982466 -0.8930910487745436 -0.3048337076136357
v -1.8316985905928143 -3.6911780634629672 7.6188538859224657
vn -0.3696214279267191 -0.5307713738289053 0.7626675217558369
v -2.5526511322617971 -3.5501078069067900 6.5941903169341902
vn 0.0837387088766597 0.1966827947250932 0.9768846947796842
v -2.2325567840895042 -4.8622600158708744 6.3582779905653615
vn 0.1706461534056100 0.6701457542964662 -0.7223465638641119
v -1.1378145925751162 -5.6967761436056863 8.1143960096396768
vn 0.0598950691410318 0.9424774047448847 0.3288600344188052
v -0.4440359164304361 -6.0295973712056421 6.8676989742726047
vn 0.0398580990133391 -0.3661826483344675 -0.9296889802518897
v 0.4046957045647936 -4.7493154749621738 8.3435154755571030
vn 0.0276680130398509 0.0870586115417081 -0.9958188988018136
v 1.9006583093372731 -4.7480388868461585 8.4052184660139435
vn -0.1889838730661090 0.7752864798206328 -0.6026740163042242
v 1.8535653531464054 -5.4552148988883262 8.1256485419585704
vn 0.0867183366917854 -0.9527564811799178 -0.2910927990367868
v 0.5597621955865542 -4.0018543065966883 7.6624621562999611
vn 0.1674013415415040 -0.9541449768219800 0.2481615483016819
v 0.7127689983725385 -4.1491536068183699 6.9473084048023024
vn 0.0585421206926847 -0.4128666911318546 0.9089080896650864
v 0.6385189478959942 -4.5505529709225510 6.5252243973159301
vn -0.1011446427461465 0.2960235041876448 0.9498104264600499
v 1.0241110023476023 -5.1916547217606501 6.3992586478482441
vn -0.3590448620264168 0.9147290606671116 0.1853578501803873
v 1.9426796379450582 -5.7512146535209654 7.1180466659243065
vn 0.0675571752213523 -0.1100513798248465 0.9916273099681950
v 3.4621670307057086 -3.6144031957664371 6.4369108775779322
vn -0.4729612988038016 0.5773741980000244 -0.6655423692881242
v 3.7316000248647505 -4.3897876219547678 8.1556485419585716
vn 0.4296651638340338 -0.6467057088386525 -0.6302059767591616
v 2.4303718451243403 -3.5609350243539404 8.1697419237358186
vn 0.4545300182772114 -0.6446983789710120 0.6146270923389787
v 2.7286355693524671 -3.3246032830846599 6.6942235391627749
vn -0.6070190643600591 0.6145710955403731 0.5038156647323940
v 4.0758305595606918 -4.3932643902939503 6.8564216681714614
vn 0.6947547819992457 -0.6534453157629002 -0.3005411988342103
v 3.2398796185008480 -2.5356359781499069 7.9950105605488684
vn 0.9138554285697585 -0.3548404799369713 0.1973739837761880
v 3.6516257980617692 -1.4883108291863671 7.4189969111907432
vn -0.8356776370185612 0.3687510718818380 -0.4070203114994009
v 5.6521635738272940 -2.0169467481712657 8.0163995358163245
vn 0.3096888432259829 -0.0078215639736383 0.9508057864350420
v 4.8288218984687683 -0.3615267551498625 6.4873290313385370
vn -0.6647656760767140 0.1704838687024506 0.7273388800432128
v 5.4627401634503485 -1.7552592615261526 6.6801353835266291
vn 0.1967014940030609 -0.1427079011238163 -0.9700221529500235
v 4.7858246119075218 -1.2617746882951124 8.4685787557303289
vn -0.3263178016099069 -0.1438890070177979 -0.9342444251971267
v 5.0076252167041178 1.8811044274557489 8.5141984295500066
vn -0.9034657504714392 -0.4284691144222068 0.0128006137090843
v 5.7731448374889398 2.0377791039171869 7.5697678585694321
vn -0.9668444070091884 -0.0282323456063961 -0.2538007629945427
v 6.1065186624728085 0.3663183449953674 7.8109691681951734
vn 0.7267912972895568 0.2075798222836323 -0.6547404276236948
v 4.0655807877138876 1.0213844761669013 8.0199986834772581
vn 0.8497477738239667 0.2191351853081034 0.4794877385723186
v 4.1731804104150116 0.7070384177754891 6.9365695145290358
vn -0.5388829260690127 -0.1335967221152602 0.8317193684358667
v 5.2197209793375583 1.9714882099930990 6.6584252707606240
vn -0.6819346143105203 -0.6742967912663583 -0.2833531702541111
v 3.9634295549072176 4.5869263348748524 7.8782622619103195
vn 0.5591171030583194 0.8226857015248498 -0.1028411472818084
v 2.1026073966085921 3.4843310474247011 7.6976051091188387
vn -0.3809427558263314 -0.4090977802182051 0.8291692366483319
v 3.8870191794629965 4.0375557717698962 6.6240766281610952
vn -0.2811160356541308 -0.4188357287745281 -0.8634526083115479
v 3.4879791974238787 4.3550262895436935 8.4415747292393757
vn 0.2069405814806604 0.2528995056211174 -0.9451018123953844
v 3.5592697724831828 3.2888962314809760 8.5637738108688470
vn 0.3378275408758605 0.2384526304230779 0.9105014528654437
v 3.5495425896245005 3.2960915432444740 6.5662892240815927
vn 0.0310785472160437 0.2776834242981365 -0.9601697973655500
v 0.6048904934454536 4.8152047099561797 8.6122962195952120
vn -0.3300574443286591 -0.9419616872482947 0.0614024690023132
v 2.1652429990366451 5.6858378102336768 7.4251615981186392
vn 0.1267708767162844 0.6042514269579927 0.7866443655399905
v 1.0641497575205066 4.1509771393811361 6.9382950393077261
vn -0.0746646303433858 -0.1565579846380018 0.9848425206203135
v 1.2206266948638635 5.2561038050564957 6.6456634547464173
vn 0.0308340647433741 -0.7114540161567777 0.7020558691057235
v -0.2836293181032895 5.7731146378988178 6.9271415666731277
vn -0.1098313853966008 -0.5666284345195804 -0.8166206487566628
v 0.6134199971849248 5.5155662348974364 8.4848648909806137
vn -0.1710684459001290 0.9824435519221512 -0.0744328832163710
v -0.3012277053235968 3.9371825316090980 7.6441922773608297
vn 0.1280736449922278 -0.9751135058726730 -0.1809717992481404
v -0.4020203913757366 6.0748706401255488 7.8974688721581590
vn -0.1344307012637790 0.5268369991762627 0.8392682305774950
v -1.9985732967298038 4.1051808794228233 6.7981062909736281
vn -0.0163867287292276 0.0053842745136378 0.9998512312886936
v -2.9904781732913079 4.1489053465853347 6.6747815339860557
vn 0.5576700146594421 -0.8058206102421273 -0.1991414041799029
v -3.4462487401442932 4.9503781972296244 7.9799370141513002
vn 0.1714168465816809 -0.4377974308736274 -0.8825812564452319
v -2.4554362893070154 5.0102979445770019 8.5315747292393809
vn -0.6489318220084882 0.6022513942600228 -0.4649524153035475
v -2.8115298814992276 3.0966671514850859 8.0657887981982483
vn 0.3484235217139436 -0.7159625713588498 0.6049782193845303
v -2.4742997873508612 5.1860856954004557 6.9080747237270170
vn 0.8125492759884962 -0.5358464212001834 -0.2294172769813248
v -5.0254222858721285 3.4290571599563182 7.7788319968643282
vn 0.1368442899785279 -0.1309290421259258 -0.9819018414425447
v -4.4673143358015457 2.9196251725343787 8.6960122544557645
vn -0.1763487519447471 0.3647937110249138 -0.9142355637822245
v -2.8552882559075443 3.9242092048617088 8.6722962195952178
vn -0.5177221656071389 0.5245888896595505 0.6758478054154015
v -3.0234552945714017 3.1134283372229064 6.9911419136268949
vn 0.5208307860678468 -0.3311163235208262 0.7868273461071371
v -4.9068913668016219 3.1682048186998983 6.9261475552835696
vn 0.7595325484483058 -0.2256549506650170 -0.6100738898592456
v -5.5991802612066177 1.3580333257884807 8.4556485419585687
vn -0.4294710697483602 0.0989448762182233 0.8976438668644485
v -4.2872512200151771 1.5259808435424065 6.7613029520434296
vn 0.9764509002898571 -0.1983523255600939 0.0848527799664215
v -5.8919368701950985 1.5332167514663118 7.4625311278418440
vn -0.9870171862275893 0.1155351764055145 0.1115737294542006
v -4.1397657063271227 0.2629924166455375 7.4941138930635454
vn 0.7409932299973875 0.0708054314305285 -0.6677691397316707
v -5.7059115577063153 -0.7985282756868508 8.4856485419585699
vn -0.0344823666976278 -0.0126516609249727 -0.9993252232695669
v -4.8580130393802783 -1.5987759658774159 8.7752184660139427
vn 0.1915724907464487 0.1126573558352648 0.9749914363549088
v -4.8131589235958065 -2.2168238011263792 6.7851536550947884
vn 0.8989026630900100 0.1954863710624364 0.3921212580548614
v -5.8252744542032016 -1.3420316560403749 7.2242809493185387
vn -0.7052400047985752 0.0358703227949018 -0.7080606298716905
v -4.3327844213953677 -0.0611165687237223 8.4812945998472298
vn -0.8046615354948847 -0.4012883309817783 0.4375928343938842
v -3.8512637738987010 -1.7129906771884600 7.1720115409574277
vn 0.6843410867055542 0.3769298616408379 -0.6241803877486701
v -4.9382756585747254 -2.9448959430966561 8.5426077247577528
vn -0.6897547625277085 -0.3280963870748194 -0.6454387099940587
v -3.7608892873818291 -2.0866602091115207 8.5257764608372195
vn 0.7861898754295706 0.5547251650757822 0.2723700993201759
v -5.0744434219359729 -3.2716399342565907 7.5253584254627564
vn 0.0735991638761329 0.1062304429480368 -0.9916139652444382
v -2.7929182528521825 -4.4538378485344223 8.8319101749132489
vn -0.1836547639004475 -0.8389717585942854 0.5122473191514847
v -1.4399733509007180 -4.0074311740100148 7.2206138939299969
vn -0.0981017863142218 -0.1445056773287247 0.9846289396222951
v -2.2814206270717952 -4.3461687632197243 6.8321565443892789
vn 0.3282102703374738 0.6033214242459293 0.7268296069168247
v -3.0702804804193926 -4.9316587725619696 7.0756039903603218
vn 0.5228566228834863 0.7655712102943230 -0.3748622065177564
v -3.3963572017966550 -4.9828439938264193 8.1340933013317347
vn -0.0100533402470344 -0.9541744029789506 -0.2990821610354592
v -0.6890225128680610 -3.9968321292019855 8.1061213661725890
vn 0.1851590570918045 0.9807442796664018 -0.0621029908982214
v -1.1083334233120490 -5.9232852277479315 8.1254360702527357
vn 0.0466951996293862 0.6420760881053640 -0.7652175216334794
v -0.4930296699625888 -5.6887782323100673 8.6906433071224409
vn -0.4139752119214761 -0.7596254322705983 -0.5015911946618238
v -2.3400869973653178 -3.6593896522688878 8.5629924500844652
vn 0.0198220048675575 -0.2282264767229494 -0.9734062684437879
v 1.1966196884643252 -4.8598983869266004 8.8930891224220687
vn -0.0313675382520285 0.7586882154574589 0.6506982935815828
v -0.3369537724553910 -5.7482575201168871 7.1296462415420567
vn -0.3042007630483937 0.9480818582366591 -0.0927506649210589
v 2.0160155099383634 -5.7959377688041362 7.9457459565017503
vn 0.3690002472791840 -0.6058954363973118 -0.7047904210904206
v 2.0875762247024241 -3.8420461670515005 8.6458096830658082
vn 0.3159915665285040 -0.9402684449368900 0.1266672070380685
v 1.7578977267062443 -3.7004671714042714 7.6563297685486402
vn -0.7140010982096225 0.6781387762163701 -0.1741557692045174
v 4.4073203825197407 -4.1096517994002273 8.2054360702527287
vn -0.3261067138349282 0.4874056615576461 -0.8099939087877993
v 3.3748386363993914 -4.4879648764786007 8.7993413511393985
vn 0.3442623715045758 -0.5980953485724901 0.7237163626601217
v 2.1790849381231827 -3.9877964394391539 7.1090159441311416
vn 0.0590245530732642 -0.0413078278136444 -0.9974015066641015
v 4.3284921077531591 -2.7240652255360431 8.9552184660139460
vn 0.0015125010827331 0.0012916182449763 0.9999980220294358
v 2.1474078920105821 -4.7607299893444770 6.9141994626245866
vn -0.4544613404355703 0.6096302793205629 0.6494734887468750
v 3.2977319777593603 -4.7117830455757108 7.1517179068770460
vn -0.2208287466354986 0.0994183086133357 0.9702322735159136
v 4.7536888230470264 -2.4076898181594881 6.9710347122623713
vn -0.6598840919524922 0.2771761116783162 -0.6983741034022701
v 5.3848223444437959 -2.0490881948361208 8.6956485419585725
vn 0.6093456709644605 -0.2446214279625798 0.7542268957405455
v 3.9927614233855673 -1.5988418546425460 7.2342235391627820
vn 0.8574344876689225 -0.3963757709500852 -0.3281651223997730
v 3.8785547751508149 -1.4609167924130033 8.5280912852674007
vn -0.8877100482874166 0.3492550391800018 0.2999863126493074
v 5.6829484095083256 -2.1101574380001420 7.6617377380896876
vn -0.9713464685632757 0.0030934788884768 -0.2376477822282798
v 5.9773859554810382 0.0202856911189646 8.3646005315613952
vn 0.3413197274503823 0.1145496128858291 -0.9329411716935336
v 4.5876515305236376 1.7364131560279106 9.0328266164381290
vn 0.3236219767058272 0.0075043013029185 0.9461567003699588
v 4.7397522829444192 -0.3353406470994555 7.0059625295513515
vn -0.7206207584874678 -0.0817599333902145 0.6884918559641606
v 5.6811492692910806 0.9948602018610652 7.2386831036339254
vn 0.5465403239272064 0.3757702439191504 0.7483918746929888
v 3.6802768478529981 2.3611132050063111 7.3141903169341882
vn -0.9159493505144634 -0.3956815888853623 -0.0668794999180460
v 5.6178738799074335 2.3446107261928355 8.2562104296714871
vn 0.9733641315855744 0.2196192723063553 0.0658000195614519
v 3.8592316202852128 1.2347026590027408 8.1519656323372995
vn -0.5047073481461773 -0.1727511763312751 -0.8458294886106856
v 5.4535418853280113 1.4986963621454821 8.8986816780227329
vn -0.3734063209420740 -0.2900165121271387 0.8811686230081699
v 4.5847823474075335 3.1392037653890292 7.0811776777629376
vn 0.0849994330766877 0.2592709379816619 -0.9620570030381520
v 1.7833794622726837 4.5134960508888131 9.0922962195952177
vn -0.0612707903291348 -0.1051645422290040 0.9925655189004940
v 2.5695782547430035 4.6262658151323706 7.0854307792583535
vn -0.5924006154298093 -0.8050682573456021 0.0304402998161737
v 3.6289832582803103 4.9176049647949558 8.0379423362759894
vn -0.2776223368504062 -0.4782037801598175 -0.8332148478769330
v 2.6985476969918127 5.0712664746844016 8.8605944397448368
vn 0.3218761430419606 0.6317973940531424 0.7051438161170313
v 1.8463944695941252 3.8844905100778631 7.3542235391627786
vn -0.0117118877006946 0.7007967561271681 0.7132648444218491
v -0.4922981281548335 4.2666887284752724 7.5062330243957138
vn -0.1670110375913442 -0.9700129677445909 -0.1765846984593903
v 0.7996753931646644 5.9844902178396691 8.3846415745372465
vn 0.1040811557511865 -0.6046935582624617 -0.7896282755913571
v -1.1851523368853052 5.6408062423038485 8.9299033385643796
vn 0.5045208778018991 0.8554605410301916 -0.1168158662268650
v 2.0802607744052346 3.5124928109167040 8.3523518389174534
vn -0.1561483340238817 -0.7880263007128290 0.5955100731023955
v 1.1609966463715884 5.6622773686497583 7.4071415666731228
vn 0.0919950763135435 -0.2594568007042358 0.9613631335257181
v -1.1289618034414894 5.2025099996470550 7.1456070175150401
vn 0.2264921526138861 -0.9378130214198498 0.2630742132169185
v -1.1083334233119917 5.9232852277479457 7.8745639297472687
vn -0.1020431655691812 0.2306401634494072 -0.9676736574716972
v -1.2490403220877591 4.6268769685827413 9.1435738308087373
vn -0.2751818747325392 0.9366726467929123 -0.2166086068664983
v -1.0967395817044574 3.9298763862910642 8.3163513976807977
vn 0.5600662761704240 -0.7428075891037563 -0.3668278231901981
v -3.8046222242438126 4.7162786816542592 8.4750410252194008
vn 0.2325101158587460 -0.2687874714527465 -0.9347151123274896
v -3.6590947198321579 3.8329926193937283 9.1848463449052105
vn -0.2737064616427155 0.2469388075764285 -0.9295730192769993
v -4.1565586758573643 2.5071887073030297 9.1700505264561976
vn -0.7588858805381670 0.6261348433320648 0.1790178155529266
v -2.6462467870183826 2.9183245692064839 8.1570882544139476
vn -0.2263040803254096 0.3056264820634383 0.9248669724287907
v -3.8416905694023686 3.0554012117855462 7.1921565443892801
vn 0.6349323118938014 -0.5984067742883485 0.4886412710762425
v -4.2971639906976806 4.2550028457367093 7.6909282721656389
vn 0.6826143173891839 -0.3324593545566876 -0.6507752847665997
v -5.3312147090481821 2.1437803067828645 8.9719252762729873
vn -0.6538306136418400 0.2937724988126100 0.6972827601526730
v -3.7113507206938881 1.7717914990839014 7.6623371728726317
vn 0.9592101047230480 -0.2641564283212266 0.1006844395811566
v -5.8314541333343692 1.5191621234433692 7.9645639297472632
vn 0.7193423138191557 0.0374983993953948 -0.6936429236949562
v -5.7650216733052302 -0.7947875169494306 8.9878096201675728
vn -0.9811109913720876 0.0830372835360911 -0.1747170059033362
v -4.0671335759095086 0.5710678272103382 8.5147128578550895
vn 0.3111797561599309 -0.0866553620042376 0.9463921003432777
v -5.2150288692319506 1.8952513140678529 7.2491814919395301
vn -0.7856160933573931 -0.5345887987814014 0.3114838199254110
v -3.7030320087221327 -1.7504633293361713 8.0182067027831483
vn 0.8478866946818078 0.1517044240402119 0.5080097643827199
v -5.9298562345212797 -0.4667801219933772 7.6258963921133596
vn -0.2054497633100534 -0.0359320032031470 -0.9780078148469223
v -4.7008633400951547 -1.0521452241930807 9.2695603319977149
vn 0.7065252450178737 0.4850503833347957 -0.5153136945387743
v -4.9843095879765800 -3.3356534802378568 8.8211250220208495
vn -0.5997009578126437 -0.4799670743850677 -0.6403049029211292
v -3.3828201893230831 -2.7705271719306590 9.0358096830658052
vn 0.5950874667317184 0.5513462823573793 0.5847120520987428
v -4.5164277290622197 -4.0215106798732041 7.8109282721656363
vn -0.3331043253480016 -0.0388105582617198 0.9420908921127867
v -4.4924448499830731 -1.5628631142625984 7.3613695610317880
vn 0.0856436244298381 0.2458990414649879 -0.9655044438018506
v -2.7296875707626072 -4.6148298220256736 9.3173892128173268
vn -0.3569775152248805 -0.9261954722904039 -0.1213630946071579
v -1.5281629362730522 -3.7365745267142079 8.4377878727527680
vn -0.1635264470890953 -0.3047018999517785 0.9383047763217416
v -1.8583843834079872 -4.2088517172110427 7.3874034446858881
vn -0.0758632226870474 0.6934295340914036 -0.7165195410407970
v 0.8041336672404785 -5.7214210982708629 9.1498061943745022
vn -0.0926791483001416 -0.0798953609701074 -0.9924854189184931
v 0.6761153447313485 -5.2350634861398797 9.3818620057112430
vn 0.2460888806173383 0.7284324108405724 0.6393954063593961
v -2.4595436601841212 -5.4449999271655480 7.7111684562914418
vn 0.3528706986254967 0.8638607632218602 -0.3594813650487312
v -1.8018069802468015 -5.6732603017466845 8.8604557438094442
vn -0.0254018572940821 0.2346747649964905 0.9717419926708185
v 0.5142740969617975 -5.3037769410133802 7.3910347122623712
vn 0.2479807923465942 -0.7775440776980114 -0.5778674016276609
v 1.0140796926033564 -4.0064781749208214 8.8837676526909366
vn -0.2064871018452565 0.9336785686138644 0.2925874352782633
v 1.1213687125169525 -5.9839958138295373 8.1225311278418424
vn -0.5500620197052887 0.6647445834976869 -0.5055159870748160
v 4.1251684614832511 -4.4291612835709797 8.8567985351184184
vn 0.1923790414432833 -0.7567179667281017 0.6247945448259382
v 1.0781360311833590 -4.1829198521159245 7.6605051410131733
vn 0.6451637941374360 -0.6475083204068938 -0.4055818705736632
v 2.8315319882916148 -2.9062548780937476 8.7597527522941458
vn 0.0603153736980282 -0.0546669522109698 -0.9966812830748005
v 3.0202942850168903 -4.0421200388450984 9.4816406391907968
vn -0.6162466369958539 0.2096787796779826 -0.7591277176760524
v 5.3977266109583617 -2.0218379159049329 9.2599033385643761
vn 0.6952711511462174 -0.5701814134840791 0.4375970544931849
v 3.1942925814084617 -2.6905105816513681 7.8754132441709110
vn -0.6358910197442595 0.6786873529174884 0.3674589609717775
v 4.2169307701062886 -4.3128145745769499 8.1300629858487028
vn -0.8739936537751468 0.3735458261025606 0.3108031675548439
v 5.5950698744825083 -2.2380580792610800 8.2045639297472661
vn 0.2982907838600056 -0.1026080530033437 -0.9489437263205054
v 4.5303573473273442 -1.4330273405595098 9.4640374704486483
vn -0.0330059558385299 0.1154654308438505 0.9927629833747978
v 4.0893667355144618 -3.5924331408588013 7.4336939023253903
vn 0.2216008929502780 0.0217086311488797 -0.9748957788283225
v 4.8587664377114290 0.5765149856532955 9.5000359385194351
vn -0.2808259235861225 0.0112663516001685 0.9596925913872747
v 5.3247987391102836 0.3083607424000762 7.5140842324686412
vn -0.7735604464675966 -0.1271948327767024 -0.6208266345573128
v 5.7059115577063197 0.7985282756868001 9.2356485419585752
vn -0.9877789267630733 0.0240785689378172 0.1539903060607960
v 6.0260485355058790 -0.0212111813657415 8.2345639297472690
vn 0.7946038970188080 -0.2688329085536348 -0.5443652396333887
v 4.2703112030691557 -0.7618606664319111 9.1822190178416339
vn -0.8853838668182727 -0.3322159527505805 0.3251583754356443
v 5.5716095736857500 2.1714064421395776 8.0418249863048601
vn 0.9999634320165263 -0.0009934626667187 0.0084939779644225
v 4.0414727949893514 0.2052163669931755 8.4336221244377025
vn 0.6957163804175512 0.1330298334222992 0.7058907716058741
v 4.2304230416441087 0.8899105318651137 7.7714361971084456
vn 0.0473753762338358 0.0974768347827447 -0.9941095716305320
v 3.7504893507902910 3.0856396647894626 9.5645611926737431
vn 0.6862591052659509 0.6672553732799653 -0.2895146063130334
v 2.7146632529715289 3.1468202366403002 8.9000257907209459
vn 0.5296943868517653 0.3117266353498904 0.7888284739733784
v 3.6534776334947270 2.2457040069238392 7.8074800876607879
vn -0.2374491063387327 -0.2329874730251534 0.9430454704372906
v 4.1642612941077690 3.6872599179394205 7.6086078042082770
vn -0.6798194483986352 -0.5337201670524148 -0.5029794238937793
v 4.6608869938712667 3.7600290687482985 9.1130399478900923
vn -0.2853012584067411 -0.4707380344049495 -0.8348705857293659
v 3.1047780842361936 4.8350798675273641 9.3319252762729796
vn 0.3856948205160389 0.7140768108174460 0.5842378057605361
v 2.3829541005460335 3.3733083995939510 8.0101224719751727
vn -0.0346503113816561 -0.3486871232075411 0.9365984443882037
v 0.8656570525773087 5.3563913959692995 7.6306285471134876
vn -0.4045559300268474 -0.9126941450668835 0.0576532483104206
v 2.2082800416713946 5.7059455730645423 8.5633030025068440
vn 0.0041818853439068 -0.6478065163739744 -0.7617934294665359
v -0.2990233372584262 5.5679257185093247 9.5680688423388158
vn 0.0588852841579956 0.6151353786534182 0.7862194281741887
v 0.2577651208109831 4.3359770438580627 7.8870075499155421
vn 0.0463655825915358 0.3445007519343927 -0.9376403706472890
v 1.2737602644844619 4.5842268414992713 9.5639795576742959
vn -0.0127061667411974 -0.9828041325818299 0.1842134368248471
v 0.3995480441978234 6.0128256441431240 8.3545639297472629
vn 0.3561326631669489 -0.5607326566720813 -0.7474947584880354
v -2.8487370650358681 5.0374147646229757 9.3912835901407412
vn 0.3952422872518905 -0.9046879016368065 0.1591330732433897
v -2.4837742562526581 5.5747307326718332 8.4648123014299319
vn -0.0548451399225121 0.9833570342403313 -0.1732078342250716
v -0.5062187014124301 4.0645184894783863 8.9017932972168534
vn 0.3169526579550896 -0.3839581768219730 0.8672468685828451
v -3.1864562481621932 4.5990456877520156 7.7295703926705190
vn -0.1751989859428158 0.2728231668137901 -0.9459771852292761
v -2.4586051730973497 4.1972122324545404 9.6683985816284554
vn -0.3294773337114251 0.6146170434414551 0.7167221054786120
v -2.5075622200025385 3.5395086041610293 7.9777809821583654
vn 0.7941725613662637 -0.5014355449125606 -0.3432962817613841
v -5.4169168614264143 2.7064608849074832 9.2280291473435057
vn 0.1476530699596657 -0.1045930472257960 -0.9834931954027484
v -4.8938621980414760 2.2354253666027084 9.7108045649133583
vn -0.6692312730917094 0.7268527256062035 -0.1543198574224428
v -2.9182836371336021 2.8202372387590251 8.9381021028245868
vn 0.8303401644254585 -0.4243759520111135 0.3611651460157297
v -5.2704480213773675 2.9216585222176268 8.4445639297472610
vn -0.6235681465161117 0.3580116500982466 0.6949751254860793
v -3.6860068288790204 2.0844981066353858 8.0686686900301616
vn 0.2248682346379950 -0.1046132331185332 0.9687571153324651
v -4.6530316360980519 2.5201941767609330 7.7192586478482470
vn -0.8439697064751255 0.2451858144803313 -0.4770734229968245
v -4.0665022690705062 1.5956176796385100 9.3930463467294167
vn -0.0022817716756148 0.0223528035108655 0.9997475409788338
v -5.1054149794359418 -0.3018495777820438 7.7547815339860575
vn 0.6953392714115495 -0.0472204005740956 0.7171286714408214
v -5.7709224029287451 0.4327874720065538 8.0187164098592554
vn 0.6189234999504060 0.0384564905370659 -0.7845092730775796
v -5.7059115577063171 -0.7985282756867957 9.4856485419585734
vn 0.9926809269428737 0.1201318115276823 -0.0123662905883032
v -6.1247501847993968 -0.3853366198883555 8.7550000000000008
vn -0.7652174268958043 -0.1549632989569159 0.6248429126999473
v -4.2910186171234646 -0.8405072701635220 8.0341903169341986
vn 0.6090151158126634 0.3505382181888903 0.7114938835300315
v -4.9805483245630766 -3.0846780503599143 8.0644277613932616
vn 0.6729699145951646 0.3565554676710061 -0.6480584020932735
v -5.0112645326201006 -2.8429389538893988 9.5156485419585746
vn -0.8947938193353850 -0.4300598111970499 -0.1199690779840863
v -3.7316972263521846 -1.6697060226094171 9.0596173301324985
vn 0.6914788708153591 0.7222406087021711 -0.0150158035893263
v -4.2009696675593799 -4.4735783204358137 8.8150000000000031
vn 0.3125743262984075 0.5234693032844693 -0.7926393751624814
v -3.0623688089834178 -4.9486421742275040 9.5578096201675802
vn -0.1962001045762101 -0.1046999588755608 -0.9749581722185522
v -4.2119176313971103 -2.3427739461139510 9.7879075858547004
vn -0.4422397815628984 -0.8623076307111338 -0.2466769661329388
v -1.8921284097245417 -3.6163112414577188 9.0941338243391190
vn -0.4712837735944951 -0.5488178929115608 0.6904277841792342
v -2.5526511322617744 -3.5501078069068006 8.0941903169341920
vn -0.0388825375606948 0.0309521337156306 0.9987642933601956
v -3.5150570950796816 -3.7149359211413207 7.8147815339860571
vn 0.3485347820025507 0.7014538173579324 0.6216800204674576
v -2.5226691597695856 -5.1798855606842675 8.1143514580414315
vn 0.1774454291585612 0.9783116783529514 -0.1068614975983645
v -0.4550646816156121 -6.0424623298604452 9.1650410252194021
vn -0.0578391058436414 -0.2723202055466059 -0.9604667321080218
v -1.7833794622727290 -4.5134960508887918 9.8422962195952177
vn 0.0635828429392529 -0.2067139810762177 -0.9763332177650126
v 1.2490403220877531 -4.6268769685827422 9.8935738308087355
vn -0.0184523961848225 0.3843532643879699 0.9230016669699733
v -0.5576461936528975 -5.5194356599428707 7.9114312448575186
vn -0.0060651014158368 0.4855608434186649 -0.8741818357088932
v 0.0827007538703572 -5.5489562594956920 9.7448648909806117
vn 0.0466275973891705 -0.7677042932141839 0.6391056136056261
v 0.0040145391679142 -4.3196272610535029 8.1405051410131755
vn -0.3273944482927548 0.9337216353816008 -0.1448336385215511
v 2.0007654677988693 -5.7556580926184298 9.1027952681022377
vn -0.2496825820061315 0.3792165839794991 -0.8909845064184175
v 3.0640312832770191 -4.6630424788305307 9.7915747292393895
vn -0.2945032104677606 0.6020537678991954 0.7421584194648495
v 2.3793515390878923 -5.2604887490629899 8.1171730960839952
vn 0.2616841370514877 -0.8935879176205460 -0.3647218747185236
v 0.9046938534437771 -3.9795169367338707 9.1514803320194655
vn 0.6280760054572818 -0.6418544718750586 0.4399356410917556
v 2.8851706074157022 -2.9758722710292038 8.6637236731679153
vn -0.5832380369542204 0.7651903195044493 0.2726117517394772
v 3.3663983741171175 -4.9595349423556243 8.5735530443745063
vn -0.7609417793134303 0.6179779862330000 -0.1976633932389014
v 4.7111101828946351 -3.7698289136085474 9.2219070713673528
vn -0.5884441789628043 0.3632185495030966 0.7223612209564255
v 4.8726649866787080 -3.1470303789739500 8.2490928894896030
vn 0.2577300385346012 -0.2987993544664068 -0.9188548160658524
v 3.5461406358076482 -3.1850687096328176 9.9035154755571018
vn 0.0763540386656971 -0.1518996964944391 0.9854423082983268
v 3.0614792749096256 -3.7725055604375806 7.9309758203968883
vn -0.6388995985297189 0.2718746049050634 -0.7196467898950705
v 5.3312147090481972 -2.1437803067828138 9.7219252762729926
vn 0.7589829604243571 -0.4520838497118641 -0.4685776975221712
v 3.4903675514276666 -2.1154647881543820 9.2141338243391182
vn 0.9862122288769848 -0.0177088066501647 0.1645352174475635
v 4.0460004290616380 0.0393399821112671 8.7635450945932050
vn 0.1287225632864532 -0.0203459635236699 -0.9914719075542477
v 4.4097814110177103 -2.3450967891448276 9.9635940581195275
vn -0.6935447092672949 -0.1190732451838626 -0.7105049602421697
v 5.7650216733052284 0.7947875169494028 9.7378096201675799
vn -0.9728705401249891 0.0749603230162106 0.2188695093662375
v 6.1393833927968853 -0.2961644694286256 8.7778319122828226
vn 0.7212047478970262 0.0295195674667708 -0.6920927009782444
v 4.2976808443888679 0.4989025855766748 9.7439146165980102
vn 0.6711659408874793 0.4060709104533434 0.6201956912751148
v 3.9471827184570794 1.8812341244012576 8.3041903169341893
vn 0.2777702808636381 -0.0481948779908386 0.9594378170597528
v 4.7744711794465244 -0.9738113267356063 7.9910034820236140
vn -0.5570720243850422 0.0253915735585174 0.8300759167930203
v 5.7277660658152785 -0.4388612827452251 8.2194055602551721
vn -0.2961783990247759 -0.1617458901629496 0.9413376774391407
v 4.5800335957997200 2.7235675038774136 8.0510347122623731
vn 0.7041497175539516 0.5081426148148210 -0.4959478382631045
v 3.2090497866967111 2.6405332739906653 9.6012934603628430
vn -0.8598868186498284 -0.4660072176724859 0.2084032921751124
v 5.1862705226350476 3.0767799035769272 8.7359066986682610
vn -0.5507260215199303 -0.4826861494554414 -0.6809661741560357
v 4.4143882037661095 3.7421955003715888 9.7812835901407436
vn 0.0874231105585992 0.0578037380372075 -0.9944927991741243
v 4.8580130393802712 1.5987759658774459 10.0252184660139427
vn -0.4498815081473954 -0.7974127606665684 0.4021685190975881
v 3.0360461349854839 5.2162366189163603 8.5423688896326553
vn -0.2152992636828538 -0.7758263440305826 -0.5930764798622190
v 1.4374601829072868 5.7418793583849048 9.7650394743116014
vn 0.2207765510488603 0.9610044497890804 -0.1665177527849719
v 1.1959525443765326 3.8285661661612247 9.1878630400586871
vn 0.0955932597931590 0.1370563884560062 -0.9859398942458479
v 1.7543746686538602 4.5833898879584405 10.0953292873955114
vn 0.0123581884138486 0.0281533082559865 0.9995272214469055
v 0.3110094771134428 5.3027263312926820 8.1206384367774085
vn 0.0561640524842809 -0.9475796082532680 0.3145448858766043
v -0.3572093923087399 6.0154893663386959 8.8645639297472698
vn -0.2099273112186900 0.7832977921140749 0.5851282704447861
v 0.2247544321318624 4.1317468818941858 8.5633167618792783
vn 0.1850606526060423 -0.6456345464795094 -0.7408836529774590
v -1.7464330340702381 5.4742685296969089 9.9019252762729852
vn -0.0732227146625607 0.2702245569827220 -0.9600089181153146
v -1.2521616770472317 4.6327015851050524 10.1484702882440256
vn 0.4561979729749676 -0.8733796166221631 0.1705621726012370
v -2.5465742256699362 5.4615630161741286 8.8945639297472638
vn 0.0477205700170181 -0.0711160079896856 -0.9963258807262119
v -3.9382112804093787 3.6006659307123292 10.1881360180295477
vn -0.3150921638065430 0.7760152067748941 -0.5463673921106830
v -2.1349750718931144 3.7759595983682051 9.8622190178416371
vn -0.4835389810206862 0.7024409512941154 0.5222707763014264
v -2.3227769232006006 3.4679356526341176 8.6248869838223374
vn 0.1271991816337714 -0.2722151903097409 0.9537920414620422
v -2.7077041047366990 4.7135076740910700 8.2048088300287265
vn 0.6102753279877554 -0.6240043605149391 -0.4880395292471499
v -4.3661472971153978 4.0458804511914233 9.7004557438094423
vn 0.2799817866422798 -0.1028037066131751 0.9544849904818772
v -4.8147106255714398 2.2950227779901273 8.2240842324686394
vn -0.7155376637886179 0.2481437246265694 0.6530164956786160
v -3.8769225773586475 1.3768591377596584 8.6749894394511209
vn 0.7643522263087960 -0.1953527547679682 -0.6144940808025355
v -5.5578634066112640 1.4586975804371463 9.9819252762729835
vn -0.7625660326721352 0.3377621552775439 -0.5517334250133378
v -3.7770107387153713 2.0573353979994367 9.9457764608372194
vn 0.7818483582162719 -0.5560332697087617 0.2820286292763620
v -4.9137696274432123 3.5945155080703124 8.9325311278418464
vn -0.1777595647911944 -0.0134686516237744 -0.9839817745002611
v -4.8320196051522233 -0.5743495262089147 10.2588558136168615
vn 0.9447162099555535 -0.2070118879622354 0.2542781172054047
v -5.8956871883299478 1.1487717417607470 8.9697886727575060
vn 0.6855895291965642 0.1228717713063412 -0.7175440929114222
v -5.6261552594638946 -1.1535378577801252 10.0511093859773766
vn 0.8439132367008950 0.1563535268281760 0.5131900462493499
v -5.8872407193140077 -1.0522157059422907 8.6683257490360273
vn 0.8233378975159993 0.4783384286417988 -0.3054620339721920
v -5.3588283854645882 -2.7492894198091662 9.6186931273181795
vn -0.3311557137107669 -0.0617095683165774 0.9415560644246811
v -4.6924430836903577 -1.0614170650619277 8.2843854016842968
vn -0.2124068029462892 -0.2502630962466236 -0.9445907752668292
v -3.0487206702007259 -3.8041547728352167 10.3140467425993965
vn -0.9636447808020622 -0.2636791416561775 -0.0431514390073750
v -3.9171384683917032 -0.9520123388887390 9.2488620567450699
vn 0.3400097001402864 0.2948758215859810 -0.8929958866951770
v -3.7382356933271064 -4.1016275898260437 10.1848648909806201
vn -0.5598781231211678 -0.4889821921746649 0.6689042554703755
v -3.1467104929330487 -2.9320047977276302 8.5742235391627748
vn 0.6143709163635983 0.6696208092408451 0.4173204391809587
v -4.2105363693837443 -4.2709846278247072 8.7888749779791500
vn 0.5361190952186834 0.7156178672369533 -0.4477358415775250
v -3.4501597721163626 -4.8111569862391930 9.8311642506678307
vn -0.2007696983398461 -0.7358838435928816 0.6466579443318503
v -1.1476250058547368 -4.1991280654162448 8.6322535752991332
vn 0.1573207138442034 0.4438091238559723 -0.8822038622550598
v -1.6384450635112233 -5.2772786864182493 10.2187482660515876
vn 0.0355813485715374 -0.0051499528211068 0.9993535138377065
v -3.0217348885074720 -4.1261960136950400 8.3247815339860587
vn -0.4592056253587966 -0.8578988675513627 -0.2305205559010435
v -1.9795244934724072 -3.5858124190640717 9.6017932972168509
vn 0.2543502223235942 0.6124166993327026 0.7484996665212190
v -2.5226691597696211 -5.1798855606842427 8.6143514580414280
vn 0.2756948403025005 0.9495856455730731 -0.1492630455007160
v -1.5434252240738620 -5.8370748221642925 9.6246415745372484
vn 0.0018175703877934 -0.1967338482355614 -0.9804552459935704
v 0.3264579390297582 -4.8085616467202161 10.3779075858546967
vn -0.0358673553407327 0.6700474181335692 -0.7414512730270274
v 0.7795454422542587 -5.6851454520949884 10.1313549784407346
vn 0.0358221943756857 0.7633658491848325 0.6449723642827111
v -0.4386754114445268 -5.7447922499279223 8.6443514580414309
vn -0.1961919310574103 0.9804494669650898 -0.0150853874937129
v 0.7593659105547769 -6.0110001323148552 9.3849999999999962
vn 0.1977132540167476 -0.7527943880930267 0.6278615121519668
v 0.9150905063695939 -4.2601836473703552 8.6377835130055480
vn -0.2860596186302820 0.6721290853402161 -0.6829439122130178
v 2.4187696641885355 -5.2122161878919648 10.1619252762729797
vn 0.1441262382512642 -0.9688346744114107 -0.2014621579991532
v 0.5040585257366980 -4.0129110347355423 9.6545593176796416
vn -0.2950466746661735 0.6606665814163767 0.6902659834933424
v 2.3567743388021145 -5.2601231773412538 8.6200966614356300
vn 0.4003496812919127 -0.4220698189657592 -0.8133739611074817
v 3.0992540307505085 -3.3926189354053427 10.2947756026840622
vn 0.6485567532126187 -0.7608723200231667 -0.0211530254306561
v 2.5885592633868346 -3.1377391252971933 9.6984829757061206
vn 0.3824072908595799 -0.4974874049632880 0.7786340255860452
v 2.7286355693524853 -3.3246032830846426 8.6942235391627776
vn -0.0026966765200022 -0.0422133981915683 0.9991049779421913
v 1.2747902657061885 -5.0465447602500833 8.3947271604534013
vn -0.6938346465834977 0.7069641475391534 -0.1370955042829304
v 4.3229498806369726 -4.4049748568259650 9.4705882841416926
vn -0.3146583481135520 0.1374842730735598 0.9391955060688300
v 5.0909381021930340 -2.3708594535617480 8.5371964288387279
vn -0.5899173120863196 0.2017819477729036 -0.7818450041113167
v 5.5323748562478228 -0.9613495743986611 10.3593413511394008
vn -0.2089096924287617 0.2167234674506706 -0.9536182040342343
v 3.6717408858899545 -4.0077239015249049 10.4146247261512617
vn -0.9811987316517693 0.1842655103939315 0.0574044482964792
v 6.0025220644086108 -1.1450423228279960 9.4850000000000030
vn -0.6812616640392152 -0.0972845597359744 -0.7255468692975645
v 5.7888857372396636 0.6000270830046146 10.2241866995708683
vn 0.9349613072258691 -0.1332833030646041 -0.3287596616294078
v 4.0220169766274063 -0.7745626925512779 9.7517932972168531
vn 0.6241797906776078 -0.2368211629999984 0.7445235561518426
v 4.1651657438883429 -1.3306718489684082 8.7441903169341941
vn -0.2933169094284444 -0.0337130204086613 0.9554206523297845
v 5.3915478935002108 0.2208047135808616 8.5107706477444545
vn 0.1636470447044275 -0.0526487916370337 -0.9851130643223991
v 4.8625664084315536 -0.3103220029808017 10.5002450770387732
vn -0.9380426691397089 -0.2598363737820063 0.2292618802441178
v 5.8420041459353360 1.4780725372463372 9.2545639297472650
vn 0.6931895999940300 0.2085189782456992 0.6899333403825955
v 4.1069690937636576 1.3386562866663985 8.7905051410131705
vn 0.2002675268103252 0.0998022953829088 -0.9746447658206442
v 4.2972226830734241 2.1849855099358861 10.5258250361049512
vn 0.7375955212081561 0.6400795656285853 -0.2150604490797649
v 3.3948713488353732 2.3155378766156414 9.7972029708322435
vn 0.0315229578634462 0.0353037247425612 0.9988793471420063
v 3.2033665188025466 4.2643817865774469 8.5799298857694719
vn -0.6551595753602892 -0.4402717885222370 -0.6139435503734494
v 4.7969064138284709 3.5097212051308140 10.1485642342417766
vn 0.4634277237608835 0.6275448450235934 0.6256374447985993
v 2.7571597239517094 3.3563685791327176 8.8370075499155352
vn -0.5812360319104078 -0.5861952542258910 0.5643933018136257
v 4.1220200341195259 4.2350358170522533 8.8866292927361688
vn -0.4346312487125065 -0.8423030611622695 -0.3187808507411907
v 3.2343769538200311 5.1268448241358193 9.9937282937578704
vn -0.0413159545590328 -0.4647480315554702 -0.8844785238004321
v 0.3218224590531552 5.5968917481750111 10.5639658660395721
vn 0.0381180810585379 0.0863604257609919 -0.9955344739178019
v 1.9333626302359459 4.3568205189123237 10.5535154755571021
vn 0.2788572813628344 0.9441515140789200 0.1755463901463432
v 1.0184545455575316 3.9475507527725440 9.3368720463140349
vn -0.0431806800635478 0.7721761127157052 0.6339396499829554
v -0.1017243189223273 4.4045980114855992 8.8625409811622635
vn 0.0823979139152758 0.6684656010129096 -0.7391646122785238
v 0.4119565066736465 4.3341290176539049 10.3046218768867366
vn -0.1078983544773328 -0.7401720485544546 0.6637042139686818
v 0.4492181345564860 5.7560627770346633 8.8271730960840014
vn -0.0320484887470642 -0.9976198463378383 0.0610535548669942
v 0.0982715479919571 6.0329521708785139 9.3480929286326422
vn -0.3361743643242357 0.9165087389802886 -0.2167914392773788
v -1.4751597162569057 3.7921810685171256 9.9085584167855014
vn 0.2612498785536770 -0.8607575025489562 -0.4368581265827299
v -1.6755642683810765 5.7551810779704757 9.9964469556254905
vn 0.3465764099885976 -0.8524779328369737 0.3913644925966275
v -2.1891271087253519 5.5934360136815453 9.3897886727575042
vn 0.5823928890390265 -0.7257440531238187 -0.3662159092013726
v -3.8574913960586108 4.6296296823635128 9.9454360702527342
vn 0.0237550228801979 -0.0082160009812756 -0.9996840481951469
v -3.1299990028960059 3.9986658732972544 10.7443256955225532
vn 0.1617313042208560 -0.1850299059572709 0.9693332343092671
v -1.9516762427612135 4.9082640734244301 8.6520463971362744
vn -0.5354315090537312 0.7729020536265480 0.3404930463494214
v -2.3242009278619546 3.3259556317076631 9.3502472477058713
vn -0.1679974135096462 0.1604063287208577 0.9726493092375922
v -4.1229830322041590 2.8994590901779902 8.7226979624823251
vn 0.7122964463417587 -0.5303987503642339 0.4596856949492352
v -4.6441962753449433 3.7614197021135305 9.1104307697524050
vn -0.7338773315579482 0.4529060514738797 0.5062609710057893
v -3.2956586671255663 2.4775332305648132 9.1242282535558097
vn 0.4360454754039421 -0.2352805999479903 -0.8686238441741418
v -5.0226707986497123 2.3762483587590317 10.6688725434612781
vn -0.7688153994999624 0.3588705011721124 -0.5292776633112247
v -3.9466844809014394 1.7999086238822648 10.4122190178416307
vn 0.9544305862452250 -0.1527782186016336 -0.2563612138380290
v -6.0019651629435993 0.8335760643443121 10.0350410252194067
vn -0.8513508684426150 0.0921075666838707 0.5164473786956247
v -4.1015252776988556 -0.0318705822917788 9.4872407257149778
vn 0.7063536341456792 -0.0335214934275635 0.7070649567101864
v -5.7500771894392075 0.4492395315470221 8.9686831036339321
vn 0.4521317814011844 0.1278798855268771 -0.8827364199604685
v -5.3111907325993304 -1.8228048596025563 10.6493413511393999
vn 0.9385969544114233 0.3411597088047131 -0.0514374402345588
v -5.7293040916805635 -2.1791564892774069 10.0687566952089860
vn 0.5443487560836177 0.2314029291532605 0.8063108061594543
v -5.4029120162957263 -2.0537380447799429 9.0771415666731201
vn -0.2984866072838728 -0.1413669548284276 -0.9438861845342903
v -4.6254759624700412 -1.3922822584454762 10.7639189581881247
vn -0.3233578868813116 -0.0345790153054773 0.9456447370403731
v -4.7041303706418889 -1.2447683715601323 8.7711441863831432
vn -0.8796006623021405 -0.4472505139616524 0.1620791554724837
v -3.6675341600175280 -1.6034952116739709 9.8063735904119085
vn 0.5297697944155092 0.5370412843080039 0.6564530629631937
v -4.1676599112059280 -3.9557875501913378 9.0580747237270209
vn -0.1916533895806923 -0.1856902846760016 0.9637365285383640
v -3.2061715360017491 -3.2294898420822360 8.8513029520434241
vn 0.6317075808547392 0.6504649944600249 -0.4217117774888116
v -4.1066387158555022 -4.4041721910528837 10.3191733567639155
vn 0.1091475644940147 0.3477670974609780 -0.9312061292155415
v -1.8120297024981959 -5.1502373141449764 10.8103010429445412
vn -0.3699251277279420 -0.6445720429921761 -0.6690906375584387
v -2.1253675921528901 -3.8212701869828716 10.5658096830658046
vn 0.3511892434341493 0.9362056029955336 0.0136082407356540
v -2.2347923275721921 -5.6975774058583983 9.8409052932173235
vn -0.3561554964351415 -0.7350161765868757 0.5769787539542932
v -1.5706787805073072 -3.7978636312936649 9.3023178343830910
vn 0.0146871349891168 0.4339268074757966 0.9008284042034168
v -0.5800496770127840 -5.6070834288513733 8.9706254924277875
vn 0.0685245112061426 -0.9923330857146879 -0.1028563967866123
v 0.2497440711240182 -3.9695683379706255 9.8800000000000043
vn -0.0776260555027610 0.9666983198171009 -0.2438617517567618
v 0.7787043382690845 -6.0030191144830916 10.1511153154583109
vn -0.0567151276109674 0.0769005509947516 -0.9954243816366842
v 0.4597176276915231 -5.0522464749245097 10.9367037265652236
vn -0.2349692168064888 0.6466736081352954 0.7256739706608084
v 1.6581299804131266 -5.4813652894134490 9.1264807678207980
vn -0.3446792788273236 0.3601047965079361 -0.8669029532070207
v 3.9107181758280043 -4.0295964938798043 10.8093413511393877
vn 0.3901343035410813 -0.4856706852570215 -0.7822526514384536
v 2.8373761308947634 -3.5974496343546023 10.8918434721654762
vn 0.0908201619756122 -0.3494702298033635 0.9325353916393242
v 0.9469373156128903 -4.7730074966557252 8.8911441863831424
vn -0.5081528131755844 0.8570142443041159 -0.0854827673954516
v 3.1574152810360747 -5.2162015135462498 9.9660019960046462
vn 0.5421032196500430 -0.7989770946200375 0.2603069371291911
v 2.2592865069370971 -3.3709509250381000 9.6538966219021329
vn -0.3549512806174759 0.2413845183845413 0.9031849769965601
v 4.4912077496585594 -2.9982026718755259 8.9597545903390010
vn -0.8500854240015168 0.5266248348982883 0.0045885911249637
v 5.0746189397137496 -3.4799325130544223 9.9070249753238055
vn 0.5362646492550218 -0.3946708277706811 0.7460932674044135
v 3.5347678894099031 -2.8508620641573965 9.0818028701736591
vn 0.8563394447573439 -0.4912030793169240 -0.1593809594093831
v 3.4789343496644540 -1.8662974693800245 10.0014218094684928
vn -0.6874027536420554 0.1654873883276121 -0.7071713926551511
v 5.6203335459697756 -1.0660298045378951 10.7412670455813011
vn 0.2525753637982185 -0.0747640289567601 -0.9646844176083442
v 4.6740949392290139 -1.1754473171256288 10.9779075858546982
vn 0.1343465930530896 -0.0081321575424689 0.9909010348913417
v 5.1284238355052940 0.5483934669487424 8.9564699947586632
vn -0.9316655674105099 0.0274729224520887 0.3622768403218654
v 6.0575187971425963 -0.1899967507092959 9.6873523558047285
vn 0.9979952770983139 -0.0564560245423949 -0.0286032197895302
v 3.9857830629171094 -0.1008723638050896 10.0093161013722831
vn -0.6557418151515783 -0.4227281258431023 0.6255426472135146
v 4.7317426507197560 3.4063924854088206 9.3427958761484451
vn -0.7471018894249764 -0.2542916356898970 -0.6141453662088376
v 5.6551872948577939 1.9400469146096619 10.6251368366026799
vn 0.8394983784663778 0.5081529522672317 0.1924137460121259
v 3.3410369209472965 2.1481042166867512 10.0397972491143452
vn 0.2577079499550066 0.2314920669286504 -0.9380821048709377
v 4.0497025780831679 2.9117427085923926 11.0443416253435718
vn -0.5633166690473820 -0.7000180036144324 -0.4389181301666940
v 3.8228753146511654 4.6704832395975879 10.5691592884834513
vn 0.2305075925805661 0.2994726984011629 0.9258414295520795
v 3.5181530057850066 3.3131327156806107 9.1061408613086918
vn -0.2241758307801966 -0.9475908695698670 -0.2276329079940594
v 1.4708217652827693 5.8237004792551268 10.3702113272424974
vn -0.3154387907462548 -0.6555910930989146 0.6860748413561822
v 2.5226691597696078 5.1798855606842507 9.3643514580414280
vn -0.0753104069748312 -0.3061478183826407 -0.9490004509486994
v 0.5526486993717481 5.3716613563512530 11.1102454096610010
vn 0.4507581433434206 0.8867087113092703 -0.1027850061917858
v 1.5144938861496999 3.8056374227961487 10.3617932972168507
vn -0.0285135093441240 -0.8959210152273300 0.4432973203831859
v 0.1872759093467990 5.9311588081126931 9.5545044051348871
vn 0.0671415612697734 0.7666682885447892 -0.6385230975384220
v 0.4148659025020013 4.3912584975513589 10.8992781892883013
vn 0.0548128578386305 0.9259836674495319 0.3735636468291269
v 0.1629455573514343 4.1624061325211210 9.5171322425818872
vn -0.0021070706558033 -0.0173059764804998 0.9998480201667190
v 0.0193177123802409 5.1142939010037853 9.1247815339860576
vn 0.3031612969364668 -0.7781059832704206 0.5501311723930679
v -1.8007365018335564 5.7119132767004288 9.6598305074346058
vn 0.2166639141972386 -0.8158570191527150 -0.5361287835809396
v -1.5160725939506172 5.7210647577671558 10.7843479672460472
vn -0.0914071711729577 0.1020561588581874 -0.9905701739388633
v -2.7973910505612345 4.1570919916374294 11.1660955429320961
vn 0.5117930130565659 -0.5294065500410358 0.6766066926657834
v -3.9524078063593611 4.3587541547162623 9.4921268445985358
vn 0.7311854932344156 -0.6768246664538987 -0.0853003245193905
v -4.4372104160143673 4.1631653996101159 10.3692350971379970
vn -0.3103382783978320 0.6490191803323947 0.6945964702773375
v -2.1253675921528710 3.8212701869828853 9.4341903169341936
vn -0.4316671814388807 0.3023584607569317 -0.8498486957554925
v -3.0992540307505196 3.3926189354053427 11.0447756026840693
vn -0.5070494185266398 0.7924239089479284 -0.3390652381172126
v -1.9936345536706921 3.5147678263641544 10.4424621562999604
vn -0.0999616635452619 0.0682731417632126 0.9926461826527336
v -3.4621670307056749 3.6144031957664593 9.1869108775779331
vn -0.7145930133993101 0.3314146316907288 -0.6160528931043113
v -3.9466844809014399 1.7999086238822564 10.9122190178416325
vn 0.4676516401571995 -0.3958637532813882 -0.7903124902823271
v -4.7214650115504195 3.3229239790105862 10.9928269039159989
vn -0.0351154763251072 0.0311931294009051 -0.9988963369642715
v -4.8699520422161395 1.5620314933992006 11.2252184660139438
vn -0.8123726206504616 0.5092833793256208 0.2840443007000439
v -3.4039568010643686 2.1648138096596732 9.9368082016802664
vn 0.8389086161125060 -0.2224883493557413 -0.4967205131793506
v -5.7964866292965471 1.3842723996713435 10.8053397284462438
vn 0.7891119541439616 -0.2567372297006478 0.5580217905357595
v -5.6026030492460306 1.5471856080201232 9.4700469787998820
vn -0.5767157612803084 0.0407717617176384 0.8159268313625399
v -4.3939012229681671 -0.2459118883930119 9.4983732558115683
vn 0.9903517013540123 0.1234096278943659 -0.0630362702591718
v -6.0472295995391798 -0.4070521531945363 10.3836063966842929
vn 0.4969029745006117 0.1404303127266419 -0.8563683560244050
v -5.0408523800863385 -2.4741002074325378 11.1593413511393944
vn -0.6851498325559681 -0.0783516564349380 -0.7241758936076444
v -4.2609457859527868 -0.7299047027996096 11.0085638028915529
vn 0.7633023323840411 0.5449126340436210 -0.3470443352609654
v -5.0615322839652181 -3.3175267112686062 10.7144070433385110
vn -0.9979771524859392 -0.0630207880226268 -0.0083656077521788
v -4.1034942090127622 0.0676415689571817 10.0792441773584738
vn 0.4480667453052238 0.0932041015023579 0.8891283300034489
v -5.5113698584269706 -0.4812817739976571 9.2918475250074053
vn -0.5159919504382998 -0.5171740938762307 0.6828493711692050
v -2.9774692065855115 -3.2021821259155576 9.5841903169341816
vn -0.2620519745157064 -0.1623386745580521 -0.9513016963062531
v -4.6816020345506315 -1.5462134007590296 11.2793852848981722
vn 0.1558185348087922 0.0986896807309254 0.9828432892009129
v -4.5800335957996872 -2.7235675038774616 9.3010347122623731
vn 0.8187963431968692 0.4081525637419422 0.4037128101488907
v -5.2908851504873491 -2.8844835223727516 10.0245639297472646
vn -0.7104750018315107 -0.5616175452732372 -0.4240412770164930
v -3.1605409200496295 -2.6052925013639423 10.5717932972168516
vn 0.5297783186712488 0.6221807467111148 0.5763905372990297
v -3.7452120428539306 -4.4025770823997119 9.6171415666731264
vn -0.0732806147020125 -0.9297312070172992 -0.3608737094982834
v -0.0555001889649457 -4.1197937827044937 10.6268822385718025
vn 0.0040933853774083 -0.0502071300389091 0.9987304382511870
v -1.9006583093372660 -4.7480388868461620 9.3447815339860583
vn 0.4540427375441187 0.8509079473377077 -0.2641985193769482
v -2.9465571613960178 -5.2698581381738903 10.6046415745372489
vn -0.3080655505560675 -0.5036134349751471 -0.8071363730331573
v -2.4790546768106743 -3.6482259824137908 11.1092781892883181
vn 0.0730046254767578 -0.8125141224714413 0.5783520774091351
v 0.0272540957897379 -4.3034131172097867 9.7285609827092756
vn 0.1908604020608700 0.7956568048811981 0.5748935168980478
v -1.5791126563110389 -5.7074604583258148 9.7517143679635669
vn 0.0077799520247829 0.7825905806415988 -0.6224881167038750
v 0.4312304793721025 -5.8035508410315693 11.1078096201675791
vn 0.1548820426611445 0.2509336345702691 -0.9555332876998404
v -2.4566369968208366 -4.7184682869531329 11.3316816781981693
vn 0.0089678585900021 -0.2378040502762616 -0.9712717494010185
v 0.0872882482774473 -4.8213397218302498 11.3717045343564482
vn -0.1621517282899130 0.8606391400355897 0.4827080770521608
v 0.5026249772923252 -5.9491648890997082 9.8416963983920507
vn 0.1290610125496945 -0.1468647890298584 0.9807007641390226
v 2.2269364706583397 -4.3810727825329137 9.4118971006613918
vn -0.4466270849132558 0.8386323152759126 -0.3118013579137360
v 2.8706441094809949 -5.3115916916263242 10.6846415745372489
vn 0.3331633849954012 -0.4161207432840333 -0.8460766430455043
v 2.6496075855899042 -3.7543066510846739 11.2847756026840624
vn 0.5296866778183669 -0.8310101020520527 -0.1698653396934721
v 2.5681154350922646 -3.1009683845951583 10.7003224088222364
vn -0.5349275220165051 0.5964988282099095 0.5983658530811116
v 3.9703113493281106 -4.4662409406153332 9.8450921860134653
vn -0.1262469061012575 0.2377779791673777 -0.9630801375394149
v 2.9579199487682124 -4.3860955702468578 11.4203947206266800
vn -0.6517456730194977 0.4777382294877975 -0.5890617639825441
v 4.7060607365328160 -3.3238631824282709 11.1756485419585694
vn 0.5905930043013647 -0.7200346855958613 0.3643486720288101
v 2.5403480917384207 -3.2825475089125358 9.9825841165344418
vn 0.1073977674927400 -0.0266296278223321 0.9938594379788419
v 4.4966720120115404 -1.6669335601937478 9.4812199439522491
vn -0.6684678389794617 0.0848778107285842 -0.7388819293338086
v 5.7446827687045730 -0.6391660859836998 11.2665877141236024
vn 0.8861249398907606 -0.3283065611230583 0.3271045594716582
v 3.7771886012159928 -1.4658194042073587 10.1993108702887980
vn 0.7513375997921210 -0.4201227928216987 -0.5089092749108731
v 4.0064345862549562 -1.6332318684688512 11.2039146165980164
vn -0.8696570809516326 0.2906440257469423 0.3990270815975980
v 5.5766941319654650 -2.1041941178369648 9.9041470060353092
vn -0.9894010485773445 -0.1450255660612168 0.0072904226677801
v 6.0393803906317611 0.7821457642167612 10.6533669856301518
vn 0.6837004969341208 0.0607586238453916 0.7272290011546916
v 4.2423625368062172 0.8133608653386606 9.7805051410131671
vn 0.2389733031243570 0.0164506697838873 -0.9708867780835703
v 4.8544418748528928 -1.1747532196548243 11.4835940581195253
vn -0.7178302224820514 -0.3301797847720447 -0.6129445989804093
v 5.0112645326200926 2.8429389538894227 11.2656485419585710
vn 0.9753450176554989 0.1257098460519452 -0.1813811763667631
v 4.0247123554331958 0.7604330220306942 10.7817932972168542
vn 0.4787129382193685 0.3958321140865427 0.7836777783242022
v 3.2003409446336968 3.2217103441127244 9.6370857352445292
vn -0.3684648833080108 -0.0463545300458114 0.9284852649951133
v 5.5226918109195120 0.7056027265299203 9.5624424225445193
vn 0.7455273055114858 0.4639244677487091 -0.4785009142737982
v 3.6413936149399517 2.0387294296133569 11.1528829690300100
vn -0.6141643264535046 -0.5992765586352630 -0.5134878639093522
v 4.2023224129082433 4.2556948239921288 11.0998097596929384
vn -0.0615998138628182 -0.0249242598835849 -0.9977896793419552
v 4.3077902119311577 2.7566861935748590 11.5452184660139441
vn 0.1359619334034426 0.4397386906141865 -0.8877748794835989
v 1.7795779098678528 4.3121276824090762 11.4464446428055187
vn -0.7155127864019110 -0.4601170673091667 0.5256745541360976
v 4.8172003638795999 3.4643761253850078 9.8740645823067705
vn -0.5107636926506327 -0.8549699728704693 0.0902596020363437
v 3.8092592573923980 4.7264358991241400 10.2710490590574430
vn -0.1516642986406889 -0.9873939553777696 -0.0452892636423973
v 0.4170364825491166 6.0584562822354613 10.8750373321927984
vn 0.3623224039671560 0.9255243769558483 -0.1101231276524143
v 1.5144938861497006 3.8056374227961478 10.8617932972168525
vn -0.1660640986163103 -0.4726108850030413 -0.8654834871488852
v 1.5980429199617558 5.3067716633477753 11.5601010344822868
vn 0.0500494076287853 0.7333855430534727 0.6779680685962803
v 0.3895123973074479 4.3385837338371536 9.8868370580035059
vn -0.1478294992249971 -0.3746563713133307 0.9153027054440592
v 2.0140482203167358 5.1893110065545835 9.6500716713390684
vn -0.0456638475471592 0.0653028201029578 -0.9968201215433958
v -2.4807581176464994 4.4723835302428023 11.6652184660139433
vn -0.3793578774861746 0.7284722789892589 0.5704522237079805
v -2.0302920968848919 3.8129779758860836 9.9225724262418087
vn 0.1982765316802529 -0.8152267211972187 0.5441431889042457
v -1.1378145925750442 5.6967761436057041 9.8856039903603214
vn 0.2629312129952237 -0.8180995017753127 -0.5114492960478543
v -1.6811742486247390 5.7173947602244981 11.2802814717858038
vn -0.2489114051092323 0.9139930596590878 -0.3204056792592270
v -1.1307082379575071 3.9557260568295782 11.1950105605488730
vn 0.6029327914142579 -0.7193816175975229 0.3449088826055108
v -3.8248044037841131 4.6566707140704224 10.4145639297472634
vn 0.5520822950623184 -0.5054690056076149 -0.6631034789900985
v -4.0361373577545896 4.1709364683165155 11.3879127517098659
vn -0.6559483007966626 0.7546782441021677 -0.0138771236515285
v -2.5681154350922646 3.1009683845951583 10.9503224088222382
vn -0.5508839410878106 0.3782820731552700 -0.7439284620048573
v -3.8455952864842922 2.5152804377571956 11.5647756026840689
vn -0.6121919998647427 0.4331258080363772 0.6615307927182544
v -3.7401076230590289 2.3174619501932812 9.9449398749291689
vn 0.0651242058189370 -0.0231163310134271 0.9976093789940682
v -3.1109963833085548 4.2686997872968968 9.6720463971362740
vn 0.9142955246334658 -0.3695731902506438 0.1657689677930619
v -5.6533141749211149 2.2595823793297165 10.4525311278418425
vn -0.9602648749405073 0.2695982979331982 -0.0721673590137143
v -3.7799891261799168 1.5025738199663199 10.9884829757061198
vn 0.7230003321152273 -0.1135093310752450 -0.6814588406647327
v -5.8525514199503883 0.9469748375599635 11.4067951058372667
vn -0.0885572817051098 -0.0173522571830277 -0.9959199300283411
v -4.8699520422161386 1.5620314933992199 11.7252184660139438
vn -0.7558372869968082 -0.1406052752326785 -0.6394842860946991
v -4.1479398139608659 -1.1620480900973453 11.3837869414044111
vn -0.8812570741750078 0.0604436895599925 0.4687563648729265
v -4.1513055842092497 0.7685746549789985 10.2471507933354111
vn -0.2391730474453546 0.0585186091142257 0.9692119612154189
v -4.7751721156804701 1.4994139774258559 9.7269108775779340
vn 0.5293002320896349 -0.1712179377718131 0.8309787494846219
v -5.3111907325993313 1.8228048596025794 9.8506586488606036
vn 0.9422378714369843 0.1719510512490564 0.2874380448100864
v -5.9009742820217896 -1.2495507982751211 10.4600629858487011
vn 0.7085129110396581 0.3073941175682238 -0.6352309118537623
v -5.3280639469051350 -2.1924435429738360 11.5056485419585623
vn -0.6170118051223691 -0.3256782004453424 0.7164008250234774
v -3.6802768478530030 -2.3611132050063044 10.0641903169341873
vn 0.6982121440014515 0.6584166774176330 0.2810467592184994
v -4.3162652474598051 -4.3070887908358184 10.4962687202512956
vn -0.9640224196986578 -0.2590499705493933 0.0596144871378021
v -3.8909948306592903 -1.2642608584215942 10.7749999999999986
vn 0.3861035679725875 0.5957407029337292 -0.7042847788124231
v -3.3913223596954545 -4.7770318127797537 11.5555722386067501
vn -0.1319082690877725 -0.1238882379762502 -0.9834896608696035
v -4.3897283380409897 -2.0693897714168927 11.7822962195952190
vn 0.2756850347127224 0.1177561975471133 0.9540079871650395
v -4.9316508174992109 -2.1900601872335725 9.7907706477444574
vn -0.6319762695530281 -0.7503131323228291 -0.1940005107873247
v -2.3795837835311611 -3.2703380539671474 11.0945593176796411
vn 0.0846063293789239 0.3178837924450631 0.9443472155567405
v -1.7411381829212766 -5.1857188922944770 9.8648202471178159
vn 0.2648187866216698 0.9401257306700563 0.2145568008344624
v -1.5955183612497874 -5.8189767444257194 10.5780929286326408
vn -0.0287849390814871 0.8918148336461311 -0.4514839197256074
v 0.3107007953563013 -5.9678133191103084 11.4297435815835975
vn 0.1072975003912005 -0.9907562489736041 -0.0830018164232210
v -0.0143176748384448 -4.0038541192156538 10.8872575592806111
vn -0.0674689296196629 -0.5377268973661780 0.8404152113002957
v -0.5122302977087557 -4.7113385648992914 9.9173476703690646
vn -0.0431959694488452 -0.2065312355842197 -0.9774860392616510
v -0.8409291067350149 -4.9447969417805719 11.8627386798669914
vn -0.1269174457241316 0.3230926573577973 -0.9378182642347819
v 2.2784590755727137 -5.1520919096041702 11.8282786133433788
vn -0.1528053117805720 0.6861217446767610 0.7112576805724911
v 1.0049559415193288 -5.6920437250617111 10.1871415666731284
vn 0.1899396397109335 -0.1693889089539905 0.9670730741727108
v 3.2916350357141044 -3.3951304207625714 9.9701530375424152
vn -0.6439211252747994 0.5988365364501295 0.4761936444738094
v 3.9744864707986332 -4.4584528594009667 10.3477026715692588
vn -0.4867464366113502 0.8523132113169553 -0.1914160292680115
v 3.2236816527000576 -5.1465219861164710 11.1750373321927921
vn 0.4743383047276137 -0.8121258521611820 0.3397863636457585
v 2.3718339605896990 -3.3634320776935498 10.4686879107367741
vn 0.4366804920077532 -0.5920062827150492 -0.6773763423133228
v 2.5357653690362891 -3.4970115504752814 11.6594948589868252
vn -0.6113495972246490 0.3806278024832851 -0.6938113186955114
v 5.1325183013110278 -2.5915698876253042 11.7126077247577474
vn -0.9554773762568080 0.2865411864157702 -0.0704069027073977
v 5.8729995208067276 -1.5448911224222741 11.2350373321928014
vn 0.9487833964007201 -0.2956896760233080 0.1112550322796464
v 3.8409458112871491 -1.0726341778138866 10.9693113443089132
vn -0.5289710589262629 0.1754910354619846 0.8302966429481143
v 5.2811484864753684 -1.8477541295533002 10.0295703926705198
vn 0.1821542640978274 -0.0429135551937823 -0.9823330651319893
v 4.5604516392537668 -1.5924065475241389 11.9639189581881205
vn -0.7608799044630895 -0.1123063384649829 -0.6391001934945947
v 5.6596392099307611 1.1617978963413036 11.7798061943744710
vn -0.7777332855337750 -0.0679158057470610 0.6249146981009226
v 5.9295196297359682 0.4327281524766411 10.4648127237666166
vn 0.8205629416696181 0.2969736873497793 0.4883473024194755
v 3.9716609481752405 0.9636339266501569 10.5242134224544639
vn 0.2983492490371466 -0.0469974419791667 0.9532989908976017
v 4.7474764193451735 0.1461352677490437 10.0263965882539043
vn -0.8372503072880491 -0.4188582599698839 0.3515247942906287
v 5.4729330683194366 2.3699446153548895 10.4384360966093759
vn 0.7131922294663379 0.2852460929604906 -0.6403057943511128
v 3.9477900294226163 1.8141467865879084 11.7666648903081370
vn -0.0761852654067691 -0.1254627477190756 0.9891687946299558
v 3.6101467862742385 3.8557666621025279 10.0620463971362728
vn -0.1366421548694673 -0.0397171344292694 -0.9898239594722670
v 5.0208251098952292 1.7579316041805930 12.0216816781981652
vn -0.6474731004219585 -0.4558354812746926 -0.6107311996623768
v 4.7086387401478085 3.5513954124701774 11.6348989067930404
vn -0.5912942352661883 -0.7691082015272361 0.2425772076772960
v 3.8574913960586650 4.6296296823634613 10.8045639297472658
vn 0.6614476230825626 0.7044533743786117 -0.2573567276078394
v 2.5963792127331953 3.1096816889143586 11.3378876652230751
vn 0.4041076631539307 0.5796626771241111 0.7075932287194232
v 2.8781553242199740 3.3043515433795023 10.3448212226212650
vn -0.3758564946930921 -0.6495196384853952 -0.6609509320810609
v 3.0218082991186659 4.9054814967356188 11.8056485419585684
vn 0.0570144417034366 0.9825400789392710 -0.1770998213303917
v 0.2523949690514793 4.1033553689245759 11.4131427964602938
vn 0.0337772391525815 0.0730200325065728 0.9967583322791781
v 1.2725367057901011 4.8860903219229188 10.1048164987103721
vn 0.0082086277914420 -0.6674601566784213 -0.7446002670403757
v -0.0642314268865906 5.8580691880072893 11.8555722386067472
vn 0.0891543568240582 0.1977295848387937 -0.9761938905457086
v 2.2161573809844279 4.3053934213628571 12.0886066976339794
vn -0.2303638748951780 -0.9731043288686989 -0.0006710292675319
v 1.1418940196179481 5.9860180810126229 11.1100000000000012
vn -0.1382115138233428 0.3226529458408312 -0.9363720702727594
v -1.2101821225948188 4.6997391563784428 12.1422962195952149
vn -0.1299547816331992 -0.6218408755074588 0.7722860093765682
v 1.5064846422600857 5.5876072159006673 10.3787164098592548
vn 0.2218308271233495 -0.9566388268259354 0.1887676856532087
v -1.5434252240738244 5.8370748221643041 10.8753584254627498
vn 0.0289636833580547 0.6605686605998581 0.7502067379593733
v 0.0424337833897049 4.3469551090488423 10.3962929444727585
vn -0.3521153177932174 0.6373203900566922 0.6854469515530484
v -2.4790546768106676 3.6482259824137753 10.3907218107116979
vn -0.0036575130444088 0.0155741836041044 0.9998720255129632
v -1.8647359998726387 4.7622615353039057 10.1547815339860552
vn 0.2030009705259316 -0.5323727133861421 0.8218089194012234
v -1.6398489362636561 5.3332118212680584 10.2784252707606178
vn 0.3441137927290425 -0.6120785598569147 -0.7120010773988469
v -3.1519889667735996 4.8228663328746118 11.8956485419585736
vn 0.6083132164268468 -0.7612102070696535 0.2247533122634668
v -3.6431400150528077 4.8073283126153941 10.8700629858486977
vn -0.0828543621310102 0.0359477569076933 -0.9959131053707291
v -4.0810904038491911 2.8792971640705503 12.2035940581195277
vn 0.6324525177186212 -0.4846334314147773 -0.6042633945445607
v -4.7060607365327982 3.3238631824282914 11.9256485419585729
vn -0.6333138850565729 0.7665340625128420 -0.1064849942579168
v -2.4666578364784471 3.2436326955392452 11.3161274408064312
vn -0.5006257536854707 0.4992887082151217 -0.7071666285930985
v -3.1238559195388094 2.9934075272312133 11.9239146165980152
vn -0.6999416666322805 0.4078240559563537 0.5863115235907737
v -3.7236676375470972 2.3565478437950249 10.4930918210865052
vn -0.1521383152649061 0.0850664889467868 0.9846916397972627
v -4.3498291356401557 2.5052058831109139 10.2121460582234711
vn 0.4192937028481845 -0.3318331963698347 0.8450322600580625
v -4.2228288370377562 3.6007598639133613 10.3251351090193833
vn 0.8628738689798953 -0.4847452722529271 0.1430758793790978
v -5.2704480213773790 2.9216585222176090 10.9445639297472681
vn 0.7576149917019369 -0.1700586120493712 -0.6301583870871795
v -5.5991802612066301 1.3580333257884309 11.9556485419585705
vn 0.8434038536954339 -0.1334819142550878 0.5204349317047122
v -5.8928494867830263 0.8896427309026428 10.6813099579411297
vn -0.8883436227523061 0.2540696791664079 -0.3824842559421071
v -3.9385052184174225 1.0169673165767548 11.4984829757061195
vn -0.8921917876148162 0.0811475514703967 0.4443072011604561
v -4.0947210671436398 -0.8015442449003594 10.7690722448570657
vn -0.0947864399454861 0.0106510782379827 -0.9954406488258499
v -4.9898146716287854 -1.2654858006215053 12.3170684857131238
vn -0.9237118608190510 -0.2298728615518010 -0.3064553241570341
v -3.8473801985485041 -1.2470748084565708 11.5445593176796457
vn 0.9068287495285684 0.2638975222976846 -0.3286635312193853
v -5.8243183510354726 -1.9131425793325820 11.5448236315586517
vn -0.6570532748781990 -0.1422755870045418 0.7402963266924584
v -4.2972913683117069 -1.2774702514014669 10.4617997603460449
vn 0.0086999876415576 0.0364989182958689 0.9992958216555637
v -3.4291226424335397 -3.7516392596833819 10.2555176749613395
vn 0.4589213213936542 0.1821743985316074 0.8695997408520483
v -5.3785685384645392 -1.4870702365708659 10.3158057942416406
vn -0.0006566190692024 -0.0506158594058811 -0.9987179800263946
v -4.2055232705941865 -2.8325351160388288 12.3626683819601126
vn 0.6983449175211114 0.7157369107859024 0.0059203641007280
v -4.1752754909380245 -4.4747915725646861 11.3109052932173242
vn -0.6788920894598051 -0.7297186619537763 0.0813400594128777
v -2.7141623336070944 -2.8810381101860378 11.3363614540610271
vn 0.2746088253146353 0.9172792796862175 0.2884245414621476
v -1.8425157936259344 -5.7865315605960577 11.0949626678072040
vn -0.1832656535201465 -0.6717733189017729 -0.7177285756130450
v -0.8306520779036783 -4.2829916925404321 12.0859546771871535
vn -0.2224081487679176 -0.8497671381758889 0.4779439572146378
v -1.3097532334518101 -3.8814549317375460 10.8151578023614157
vn 0.1526353862905964 0.5086244717330637 -0.8473509223492841
v -1.4554876864631929 -5.4345922843865138 12.2867559912222486
vn -0.1791321901210056 0.4578135342959851 -0.8708148059592641
v 1.4857155451730086 -5.4151651750496947 12.2693413511393992
vn 0.0715822022968709 -0.0229769243528669 0.9971700202380799
v -1.4397254362985781 -5.0721639953542113 10.3208432751759567
vn -0.1598302553227047 0.9549824782660017 -0.2499255002763919
v 1.7491582412245004 -5.8042322907889323 11.7082622619103187
vn 0.0792069555268307 -0.2423382013642156 -0.9669531810567292
v 0.6415809668700911 -4.8884094911888925 12.3893852848981680
vn 0.2299332225580205 -0.9002110794546144 -0.3697982228070350
v 1.0739568377457480 -3.8910952341769010 11.6572282669508240
vn 0.2767564727165607 -0.7959295708211712 0.5384254573308302
v 1.3368368305902152 -4.0366333139331809 10.9201758235248363
vn -0.1506981210189609 0.7549707532838358 0.6382078329254448
v 0.6327456671771907 -5.7896015044082194 10.6054277781605748
vn -0.6391846541131686 0.7690084970660249 -0.0083011677782473
v 3.9306574073380460 -4.7363413583363778 11.4522697845480490
vn 0.2988297630904818 -0.2608992144336499 -0.9179500926516598
v 3.7414952692086927 -3.0908416423902896 12.4422962195952156
vn 0.6315081326837164 -0.7563050540588310 -0.1708804949647391
v 2.5681154350922268 -3.1009683845951894 11.7003224088222364
vn 0.6846407283067756 -0.4288950929726414 0.5893352800974646
v 3.8135582776253512 -2.0794020884682132 10.7270075499155428
vn -0.0430093625843471 0.0206054457932172 0.9988621578244673
v 3.2876819290535018 -3.8318293626143358 10.3886937821550092
vn 0.2067140670328032 0.0033635319392123 0.9783956158648973
v 4.7751721156804985 -1.4994139774257920 10.4769108775779305
vn -0.9172869024902035 0.3175268802194018 -0.2403360540120057
v 5.7680460530040341 -1.7708229509685796 11.7519070713673646
vn -0.4358754366650788 0.2760879351091064 -0.8566142981524513
v 4.7899756704095768 -2.9304432482346723 12.3293413511393961
vn -0.6869890968451076 0.3708693997153986 0.6249014875727879
v 5.0065404050647304 -3.2824112423555434 10.8709069569731227
vn -0.6985018681031918 -0.1121369239846118 -0.7067676071635007
v 5.7422709080583845 1.1607864171097659 12.2455722386067443
vn 0.3162127846940779 0.0022125708440514 -0.9486857115643078
v 4.8631172800026174 0.3015661500912341 12.5102450770387712
vn 0.8716725879096855 -0.2856373780213092 -0.3982438797570446
v 3.8932237245927315 -1.2725474275010997 11.7417932972168515
vn -0.7900803931916768 -0.0068656392007635 0.6129647912339259
v 5.9835075553220962 0.5646089264333618 10.9866728124310100
vn 0.9764574069240504 0.1714410455692476 -0.1309156230450843
v 3.8860264254741979 0.8141938694119556 11.5373941044670119
vn 0.1394688644979376 0.1085919776871921 -0.9842541431041275
v 3.8170478804345165 3.0633455453885241 12.5555377765274656
vn -0.6047013319720859 -0.5190849681133465 -0.6040588506014553
v 4.1468162745976027 3.9998736100245020 12.2856485419585653
vn -0.8763224623735141 -0.4548241847297814 0.1587258735194446
v 5.5636972929362551 2.3833198512808842 11.1949893119329680
vn 0.7754404720618405 0.4293022048705415 0.4630245038675618
v 3.5522970894838806 2.2814974121851312 11.0571507933353885
vn 0.1594082216020367 0.1761667826660220 0.9713672238503720
v 4.2467801588878809 2.3755313352822931 10.5411441863831445
vn -0.3915089222734773 -0.2364818374380085 0.8892677349045132
v 5.1194872096299466 2.3069926884745851 10.6606586488606059
vn 0.6594743979256146 0.7006002267931822 -0.2724937443281765
v 3.0905094617732130 2.6658222335089139 11.8141338243391179
vn 0.0311633037749354 -0.3090911048487391 0.9505217185321001
v 0.3687372372398978 5.4845098405147734 10.6482503102760813
vn 0.3621330054199528 0.7201474618353292 0.5918169646078469
v 1.8463944695940560 3.8844905100778977 10.8542235391627759
vn -0.5429344914480462 -0.7606931224860063 0.3557641232594166
v 3.5435981085446708 4.8458589350099235 11.0778868947111366
vn -0.2963963208510270 -0.6594824746134023 -0.6908198655682667
v 2.3831605799340232 5.2455333152775276 12.3156485419585735
vn 0.0679198730766401 0.2098911552095457 -0.9753628011186686
v 0.6855038266468712 4.8460318772820576 12.6155377765274679
vn 0.0898441004841913 0.9344189859467882 -0.3446580860945563
v 0.6000978889339375 4.0624770072661072 11.9234667420575082
vn -0.1389341330465050 0.9322117672503868 0.3341833743239280
v -0.5342048491294953 4.0337772154710470 11.3814415832144977
vn -0.0993750876504134 -0.9832849559338785 0.1525624048990542
v 0.4020203913758060 6.0748706401255479 11.3525311278418410
vn -0.0466179223641784 0.3376205321464541 0.9401271964939597
v -0.5060661567965870 4.8090831292192666 10.6403174493232360
vn 0.0284582553554327 -0.7158535045214093 -0.6976703288563600
v -0.0462211685524444 5.8003903215358825 12.3309071105104007
vn -0.0690038656980674 0.0709014944879174 -0.9950936863421971
v -1.9643167927069503 4.6499606509693310 12.7284111613710902
vn 0.4263839234526168 -0.9010306493649409 0.0796273742261160
v -2.8134856799807602 5.4374666269807976 11.6202321414305665
vn -0.3951525218100303 0.8899181608647020 -0.2278160474381904
v -1.7359810210999818 3.6372247780644416 11.9505126114171727
vn 0.2011520539956800 -0.2514244285259382 0.9467436864926666
v -3.0057758544902926 4.3999817271659474 10.6810347122623703
vn 0.5392991472076648 -0.5270621847068495 -0.6567814577720115
v -4.3302817071641106 4.0905744728168179 12.2582133900310364
vn -0.8610921776913966 0.4875863121577779 -0.1441521755474617
v -3.4544412659898449 2.2007733787916099 11.9717932972168501
vn -0.4365597343711820 0.5789156116588082 0.6886743155537828
v -2.9599148133518121 3.1461246142932402 10.9505051410131777
vn 0.6334003506170161 -0.1556308286356743 -0.7580125599331548
v -5.4859585380331080 1.6995680368572554 12.5111093859773757
vn -0.7375990769685397 0.1548891486394350 0.6572343214477691
v -4.2871934054979723 1.0429699785373518 10.9530109231195674
vn 0.7995066157239218 -0.5266961141132686 0.2887566012953887
v -5.1389090353250468 3.1652073626733404 11.4097026597289339
vn -0.2737891529999321 0.0517241186823119 -0.9603978942324466
v -4.4173268047208856 1.9673859303885171 12.7096825506767619
vn 0.1690063696492260 -0.0532588475534137 0.9841749550640229
v -4.9446245079122804 2.0716622368869717 10.7270898424615915
vn 0.9730904705582415 -0.1034441670682242 0.2058986168197872
v -6.0828295272261395 0.7884929550405188 11.6477745778354649
vn -0.9607290359515019 -0.0454034760111685 -0.2737485047371056
v -4.0366425681750098 -0.2510911126814059 12.0245593176796426
vn -0.9510033193667454 0.0448887718170614 0.3059046987514053
v -4.1654138229758928 0.2419534616494443 11.2490722448570679
vn -0.7333043163940004 -0.2531130514022285 0.6310297637732950
v -4.0855295278530397 -1.4131059206721837 11.0314361971084480
vn 0.8692229813932271 0.3828177190780910 -0.3128929570599466
v -5.5766093346485048 -2.4701527180950933 12.0990689162082443
vn 0.4861930981182795 0.1728917139656524 0.8565773325183010
v -5.2921258060628471 -1.7415922243514281 10.8300357021906883
vn -0.5784715982578366 -0.6449524136062228 -0.4994066421189566
v -2.9779985577668966 -3.0518602865620892 12.2362769086814716
vn 0.4263658625965139 0.2553754312966318 -0.8677531563194627
v -5.0408523800862923 -2.4741002074325951 12.6593413511394015
vn -0.2791352747588012 -0.1389940548860540 -0.9501390167189542
v -4.6144773305038047 -1.5028931678969613 12.7722962195952157
vn 0.6043159605386644 0.6535657989136849 0.4556906476202340
v -4.0395209463087030 -4.4794134882689498 11.5100629858486965
vn -0.1144723329152587 -0.1717424232566452 -0.9784685099945084
v -2.7689017115250061 -3.9116844863199822 12.8235738308087388
vn 0.2079083757320717 0.4412602609240695 -0.8729624788212113
v -1.9809851037699753 -5.2542423405169600 12.7193413511394020
vn -0.0361193626498715 -0.0358708047362342 0.9987034980460127
v -2.8554471232041103 -3.9819907064782325 10.7398478323628641
vn -0.3907784200526222 -0.8565408145174765 0.3370905805372115
v -1.9851072966898042 -3.6223436871652632 11.5958182960170699
vn 0.4213384020894685 0.8678403969134014 -0.2633002020695831
v -2.4546936376588500 -5.5431786487582153 12.1357553754665055
vn 0.2215954941667418 0.6472141494365290 0.7293896638520099
v -1.8615133729929922 -5.4721171565105911 11.1471415666731204
vn 0.0016110684886603 -0.2128014880093388 0.9770941260489370
v 0.2304407603839459 -4.8696189087594641 10.8859532574006082
vn -0.0567309229740895 0.7639151175674788 0.6428182445531341
v 0.3914202845134383 -5.7327510358111020 11.1280747237270248
vn -0.0694622312051085 0.9010072930062041 -0.4282065580834097
v 0.2039891989651384 -5.9940432058642497 12.4384943979085030
vn -0.3876944995383027 0.6498075819243720 -0.6537913134183917
v 3.1703081809971350 -4.8673251533962842 12.5876205131926415
vn 0.1006222510941425 -0.7536752109890816 -0.6494989137214247
v 0.7968961546025221 -4.3104552433702104 12.6173231291387236
vn 0.3577907570100045 -0.9027977769176635 0.2386251206196291
v 1.2529811203002954 -3.9068534597918738 11.6361926793529395
vn -0.0336841245529276 0.0216307022821535 -0.9991984249746813
v 0.7340633703006345 -5.1028048830423911 12.8852330901282368
vn -0.1613826306825991 0.0854347486127596 -0.9831869355536811
v 4.1742616839345832 -3.2803649263864392 12.9619207702367216
vn 0.3707344458214413 -0.3513503910651962 0.8597144138490425
v 3.9034812559757714 -2.8926264256691492 10.9509758203968879
vn -0.4378281326794748 0.3043831648638552 0.8459653746944182
v 4.5048710195571049 -3.5206295816177273 11.0401344933961276
vn -0.7646960303150542 0.5853041049179617 -0.2695534937384064
v 4.7876408096422294 -3.6291194987420905 12.2557889457975744
vn 0.7204753321769887 -0.6347780664741260 0.2792348510623768
v 3.1057924701460169 -2.5743725189626105 11.6768082016802683
vn -0.4980577429862382 0.8508126437037719 0.1675002387020774
v 3.3618172085608089 -5.0686344945893369 11.5770246294774548
vn 0.6459671125005133 -0.5482453855983321 -0.5311812183595022
v 3.3257710449236080 -2.7565272985604579 12.6794948589868230
vn 0.9304250853635964 -0.2478682051908647 0.2699453896283540
v 3.9492438461751669 -0.9440638797818878 11.7113468052058529
vn -0.1188120648051032 0.1194114314418563 -0.9857102024924743
v 5.3691380688986543 -0.3600241456924896 12.9952100029047788
vn 0.7317388947550159 -0.0013865858819452 -0.6815836465778061
v 4.3347228330220089 -0.4303564616107908 12.7231629419964953
vn -0.9584369946006506 0.2274200288664640 -0.1722749484145881
v 5.9748436058188688 -1.3778214031650811 11.9660734095345678
vn 0.2204196773017675 -0.0260182647820585 0.9750580576334495
v 4.8089850455620784 -0.1388924448569146 11.0143854016843008
vn 0.8700016376851182 0.3876851210270325 0.3046266524115500
v 3.5579593445026858 1.9538600620540338 11.9359875185078845
vn -0.7055675619064902 -0.0554964007024987 0.7064662519146960
v 5.6776309297165239 0.3239949633415039 11.2194511733686806
vn -0.8419411752667372 -0.2701348012579329 -0.4670784158359305
v 5.6856529606538437 1.9123702799553475 12.6218900899178994
vn 0.6597836478618956 0.5956148266952306 -0.4581795676750116
v 2.9940355724283290 2.9803179892936167 12.5738518660927863
vn -0.5540117733710956 -0.4319292722885139 0.7116937956077236
v 5.0053137005039874 3.2309810052462655 11.4045012417444784
vn 0.0584932644362436 0.1119505149054520 -0.9919907359587568
v 2.8498121406745742 3.9281878354667183 13.0722962195952164
vn 0.2486628842998891 0.1919401411641102 0.9493817736725102
v 3.9583123179780326 2.7440156012313364 11.0463838784721098
vn -0.4652447488457268 -0.7027257146097078 -0.5382600613994613
v 2.8925054501820613 5.2272422968683800 12.7060184007236234
vn 0.3810161398704328 0.7602383685393649 0.5261789849080247
v 1.5895789930219981 4.0733931640146315 11.3641903169341845
vn -0.0267065861890072 -0.0116393467928368 0.9995755518520675
v 1.2905839840915301 4.9488148338630058 11.1047815339860581
vn -0.2180883273837295 -0.9269847928853493 0.3051830192167859
v 1.6180678119510756 5.7802626411247946 11.5298698477238855
vn 0.1644782394274851 -0.7191997198464979 0.6750545694442440
v -0.8377679196162120 5.7958403553974698 11.3943045678162225
vn 0.1055858842643115 -0.0804877825383627 0.9911474854461272
v -3.1109963833085224 4.2686997872969217 11.1720463971362758
vn -0.0173435104643858 -0.4585376612823727 -0.8885057207640611
v -0.4927586857509241 5.5227093842975510 13.0869654574618401
vn -0.0150648329694607 0.8417709072677567 -0.5396246755711046
v -0.1558071020304830 4.1646753447174971 12.6593529231637820
vn -0.2104907864308023 0.7438226199598040 0.6343670379708226
v -1.3565156615090574 4.1263791685267464 11.4170075499155352
vn 0.2692410852014025 -0.8983100945617474 -0.3472005357830481
v -1.8425157936258303 5.7865315605960932 12.4050373321927943
vn -0.1444733589256932 0.0871490480840146 -0.9856634780587022
v -2.7749846364307453 4.1585526358176770 13.2315964890873143
vn -0.5507264729870340 0.8188072839270497 -0.1620338968835511
v -2.1781574348713204 3.3909680595222369 12.4605126114171672
vn 0.6006902608445153 -0.7515441724291758 0.2726766719290330
v -3.6934733229053069 4.7361993489972170 11.8699055227600141
vn 0.4606455151269314 -0.5132395935854291 -0.7241483473499800
v -4.3267735779010046 3.7865563512664870 12.9426077247577549
vn -0.5527666818240672 0.4894538557768023 0.6744508273628491
v -3.1238027426717476 2.9563990740610930 11.4542235391627720
vn 0.1330681400613039 0.0273916388177457 0.9907283019191000
v -5.1899448489259141 0.9821246540714054 11.2320463971362763
vn 0.6962612910868410 -0.3652428954314408 0.6179141055769345
v -5.0500552660265683 2.7412745371084446 11.4580747237270248
vn 0.8219107720292511 -0.4134394254483090 -0.3918297134052655
v -5.2445041051381569 2.9934013234010690 12.7013895284096261
vn -0.0851117831445260 -0.0282086341774660 -0.9959720163377087
v -4.9361990591449452 0.5743407842855719 13.2316130468345836
vn -0.8907867752194567 0.3671150122046269 -0.2678161475865820
v -3.8980736552314643 1.4022411750455506 12.4624493706418065
vn 0.9422636308962467 -0.0256614922985482 0.3338873128815072
v -6.0881263398253207 0.0197828123994300 11.9825311278418454
vn -0.7073810866970998 0.0724826592852388 0.7031061529286813
v -4.2590970493830067 0.7955200883955950 11.5437326836204104
vn 0.2117807368011161 0.0797513611137824 0.9740578216515052
v -5.1134671135201675 -1.4989935843021081 11.2810347122623700
vn 0.7775631115961099 0.0742230582541154 -0.6244089566208847
v -5.7709224029287505 -0.4327874720064512 12.9812835901407411
vn 0.5348498379309212 0.3541482802502116 -0.7671470826778166
v -4.7135882674716401 -3.6354558680885813 12.9436174992410518
vn -0.8911616818097994 -0.3790245095220147 -0.2493416893652687
v -3.5210016831828619 -2.0178933571833677 12.5577596090752834
vn 0.8572264017644642 0.4334055468131063 0.2780692865269047
v -5.3443961240627793 -2.7405764958412568 11.9799055227600082
vn -0.5008656215384852 -0.3671472775580047 0.7837962144222261
v -3.6802768478529702 -2.3611132050063488 11.5641903169341962
vn -0.2571370068915242 -0.2353221532192025 -0.9372854655285904
v -3.6547079461308689 -3.1001938708878316 13.3035738308087392
vn 0.2805275845700604 0.3218889727354180 0.9042631052556689
v -3.4666124533156597 -4.1712524534877913 11.3518060087830950
vn 0.5489697068451141 0.8357977350839573 0.0086259489284645
v -3.6727645959714401 -4.9446926990828306 12.4550022235346187
vn 0.0966090793840158 0.3719102614445071 0.9232277309596215
v -1.5018701936434071 -5.3845132247165690 11.4022039087471967
vn 0.0903343790351187 0.1513362625665087 -0.9843459938440042
v -1.9236995976344093 -4.6577783105383386 13.4040434378190074
vn -0.3681020445876785 -0.8575623233832911 -0.3592878320842814
v -1.5772977795172518 -3.7716858440003587 12.6196173301324990
vn -0.1188474817955734 -0.6786310600981085 0.7248000830166677
v -1.0665131510530830 -4.2405003174541500 11.6241903169341914
vn -0.0166101146967860 0.1696770080018585 0.9853597399149698
v 1.3006666135236737 -5.1727008728466926 11.4040842324686427
vn 0.0464565672039708 0.9986791828915109 0.0219471415625589
v -0.1011155602546416 -6.1461412563404378 12.2240336624779520
vn 0.3954462434750562 -0.6412240851692395 0.6576123030481855
v 2.3174631435350843 -3.7391522018465007 11.6865654089935394
vn 0.1137863370757996 -0.6113488006333552 -0.7831381190179868
v 0.7677717282778562 -4.2578740004113920 13.1239146165980056
vn 0.2536899558855986 -0.9596071302293079 -0.1216370087425501
v 1.1637071035207134 -3.8792737932490287 12.5959488317910360
vn -0.2420139869882293 0.9394069336352748 -0.2427835314432003
v 1.2723097917126271 -5.9273584488137647 12.6857553754665258
vn -0.4078928348966789 0.6960192199178957 0.5909151214386330
v 3.0297654539283574 -4.9223794557705132 11.7171415666731242
vn -0.4516603733585799 0.7544764513508833 -0.4762018390289630
v 2.9033416783371937 -5.1196289083579520 13.0428933381532062
vn -0.7464247059493367 0.6596726012812698 0.0876482599213980
v 4.7424649492458819 -3.8883388263107679 12.4250905601223565
vn -0.6629210210819717 0.3677987326559617 -0.6521194768325084
v 5.1142923069283670 -3.0462295442118741 13.0612643640706310
vn -0.0275228540937821 0.3642045033543502 -0.9309122258510431
v 0.6410468769693064 -5.3406325519406641 13.3796436760168813
vn 0.2454038037032160 -0.2766728497138364 -0.9291012363349961
v 3.8067024283325890 -2.9579217516150207 13.4358250361049549
vn -0.7148120619683928 0.2845253374089616 0.6388184784716323
v 5.3412711642561499 -2.1893325928897673 11.6819250038810125
vn 0.7396381874485020 -0.6573845962773460 -0.1441556250902661
v 2.8610842045634128 -2.9127763151781720 12.6986811729124192
vn -0.9991218418318061 0.0151781516146837 0.0390534107112455
v 6.1492844613538642 -0.0312447971202242 12.5009288992345535
vn -0.1257326168240180 0.0989009359926950 -0.9871220359845856
v 5.2912292601729787 -0.2893086678958508 13.4948463449052092
vn 0.7586408184561698 -0.1696004373124974 -0.6290467393092204
v 4.2423102047663157 -0.2632285155477868 13.1501962854604777
vn 0.8534189568202851 -0.1975106614701864 0.4823542502615540
v 4.1446424871206622 -1.2733526552441132 11.7576943619564318
vn 0.0694811209317220 -0.0309876473260932 0.9971018701954505
v 4.6193263939982820 -2.1950396227783640 11.4647815339860593
vn -0.3240290006137398 -0.0463466601547198 0.9449112095079432
v 5.2610196110241967 0.8462862040999614 11.5210347122623737
vn -0.7919019111835930 -0.2207758470518719 -0.5693411880606402
v 5.7461295410516255 1.4434154225464981 13.1250259345941629
vn 0.8202636040360552 0.3370966021877792 -0.4620968520637588
v 4.1012110661977736 1.3039076016373183 13.1714390172907407
vn -0.7191433588897335 -0.4967093822439143 -0.4859142094605395
v 5.1158407100718710 3.1219857692684361 13.0465520967884121
vn 0.4115769760289482 0.0491133619420211 0.9100506966546527
v 4.5014805576416794 0.9229905617979922 11.6552243973159335
vn 0.7541690641638157 0.3873605296750918 0.5302648797611501
v 3.7588011998166659 1.7187359949900907 12.0914662415762599
vn -0.7807988586781495 -0.3817975713068726 0.4945540989932980
v 5.1029068112293272 2.7147081405408318 11.8371415666731217
vn 0.1383000168638170 0.2483484029134736 -0.9587471909245914
v 2.8138199769068417 3.9782283344479006 13.5689965179763909
vn -0.6313600418380171 -0.7360415099922922 0.2441872092034380
v 3.8574913960586050 4.6296296823635164 12.3045639297472675
vn -0.0374654777964431 -0.1659528660487928 0.9854217291209260
v 3.2889755133779515 4.1860847008221933 11.5756070175150381
vn -0.2403214504536579 -0.7500203164001735 0.6162102931944854
v 2.1655228250474639 5.5392228521500311 12.0527797994318018
vn -0.3343614335573749 -0.6535455141346229 -0.6790292281661876
v 2.3830876738923101 5.2660047984278942 13.3665877141235967
vn 0.1383057865431800 0.9708263908360811 -0.1958765638479017
v 0.7076242615855305 4.0049073743742341 12.8960395096349867
vn 0.6602372386004076 0.7454433104847820 -0.0916572944112876
v 2.3109498733221923 3.2754245422109149 12.5605190543032634
vn 0.0773947058379001 -0.8871031748421828 -0.4550362806339559
v -0.2897955818323054 6.0087755097467763 13.1430508249710432
vn 0.2331017281397039 0.4126193379182087 0.8805730329247101
v 1.8304515704643192 4.2719420512215205 11.6690126842787834
vn 0.0424700159405069 -0.7717273227234672 0.6345338738854549
v -0.3407178014502712 5.8203788241887739 11.9227958761484469
vn -0.0250805157859929 0.2219025131293726 -0.9747462451298683
v 0.0131256613361711 4.8566624577303967 13.6345611926737451
vn 0.0180261618342140 -0.1044962530007937 0.9943619012202352
v -1.2531623622455090 4.9584230732872534 11.6447815339860572
vn -0.3188405829314234 0.8451057559840889 -0.4291118081322299
v -1.4861929926828954 3.7614837974621618 12.9245593176796412
vn -0.2253419824384682 0.7497153916073025 0.6222120398528221
v -1.0781360311833748 4.1829198521159157 11.9105051410131768
vn 0.5873912861204001 -0.7479710996375859 -0.3090480724689332
v -3.6894341556879477 4.7699111228461275 12.9840933013317343
vn 0.0104101307819093 -0.0354302858536709 -0.9993179294005641
v -3.0910127460716406 4.0193682795589840 13.7426683819601152
vn 0.3580029572923629 -0.7051254325608248 0.6120718968600275
v -2.4716636799754714 5.4125415005109785 12.0658907960367223
vn 0.4155674501622393 -0.1679330295468776 -0.8939251601520467
v -5.2197209793374704 1.9714882099932760 13.5915747292393867
vn -0.0670191682897112 0.1128204639247216 0.9913525982220281
v -3.5672607303187585 3.2052110007975725 11.7012199439522515
vn 0.0626397520061104 0.0254722725241646 0.9977110928525691
v -4.8226173550051197 1.7376587168649864 11.6632089666551391
vn 0.8475705688174796 -0.3650585630144725 -0.3851705809692927
v -5.5871932690228325 2.3520073156490113 13.0282622619103190
vn -0.3968845236426140 0.1012437391385678 -0.9122677129977895
v -4.3544596875651029 1.3522226832649777 13.6760254234781868
vn -0.8432389873288720 0.5241426493555137 0.1192580956378285
v -3.4697168207223750 2.1334270322086804 12.6064434778175265
vn 0.6645694214021960 -0.3934019791364169 0.6352813289785091
v -5.0934799954181225 2.9083362546354401 12.0334665472600104
vn 0.9455034897579063 0.0691878400171086 0.3181763562073519
v -6.0525052402885127 -0.6518333408201189 12.5337895703285138
vn 0.5713067411966871 0.0496310631246009 -0.8192346214829689
v -5.7059115577063331 -0.7985282756867631 13.4856485419585663
vn -0.2896716433989091 -0.1192057844848824 -0.9496737966038228
v -4.6419538994336467 -0.9893117891186580 13.7357291990528090
vn -0.6855393112996794 -0.0946370202099585 0.7218584951834682
v -4.2691314449158915 -0.5224516879704687 12.0242235391627705
vn -0.9508803197090331 -0.1525719992580428 -0.2693481067920300
v -4.0363001801424474 -0.5043081739062102 13.0284829757061189
vn -0.7591622759722246 -0.5733264351558394 0.3081711172257530
v -3.1195894761047112 -2.6124499890837307 12.5514415832144994
vn 0.2625349981449311 0.0361924509855574 0.9642434761203724
v -5.3490834705934116 -0.4131338321654525 11.7812817005432002
vn 0.5857138785514296 0.4710427386245912 0.6595892592070356
v -4.6701392754185198 -3.4550947346816998 12.0456039903603216
vn 0.7984030251376556 0.5229292939121135 -0.2984921490083424
v -4.8723096281344977 -3.4600476418068782 13.3497435815836081
vn 0.3134734477912428 0.4689328437261712 -0.8257338467113706
v -3.3817814884795210 -4.5403241760993138 13.7217922932019007
vn -0.6366542006469967 -0.5730244870662387 -0.5160565531228218
v -2.8246030541607539 -3.0337009798457215 13.1727824800439155
vn 0.5646682026705550 0.8248438830300511 -0.0279712266572675
v -3.2317675406121853 -5.0924507860357942 12.8300000000000001
vn -0.1929261211532323 -0.3030287352128261 -0.9332486792983332
v -2.7602626203070182 -3.9704324406457481 13.8196825506767649
vn -0.2041316452948155 -0.1466491885668357 0.9678968369004624
v -3.3805056871354728 -3.5094251441922530 11.8210034820236114
vn 0.2096370684312148 0.8936713564046019 0.3967414854556115
v -1.3067326180157808 -5.9078002455703809 12.3756162286913973
vn 0.0260076907915545 0.7417154275172776 -0.6702102838680952
v -0.2995476948213907 -5.8118356196046230 13.5978096201675651
vn -0.1273001331447286 0.1844866775772663 -0.9745559716598304
v 2.5387916565341277 -4.9105873233171389 13.8900701647638627
vn -0.1933539837125022 -0.9801374195248646 0.0441007463615447
v -0.5710442956239833 -3.9232727514102530 12.8771113398374784
vn -0.3273846782932572 0.9266734563977921 0.1846498784905904
v 2.0504714842533565 -5.6709384762375841 12.5959066986682657
vn 0.2865502862881705 -0.5860057835377159 0.7579486493744250
v 1.2349797283253148 -4.1773022148030075 12.1668370580035017
vn -0.0598854051816201 0.1163758706847235 0.9913982020200590
v 0.9379641599880301 -5.3187673385730259 11.8869714888968296
vn -0.7391432800187997 0.6642319604085158 -0.1116383194736913
v 4.4423048156213447 -4.1716018917625171 12.9399999999999959
vn -0.3862887826043269 0.2814596503812479 -0.8783857020929546
v 4.5171388862114839 -3.4014209025566382 13.8470111527721578
vn 0.5439889188112664 -0.7804359266274895 -0.3082139202561126
v 1.9007264467506106 -3.6194918656802502 13.1896173301325010
vn 0.5733093539320637 -0.4883814210635082 0.6578753470483508
v 3.2913686629379022 -2.7978168932036929 12.2025724262418116
vn 0.5018751790040936 -0.2530275563285890 -0.8271023881225297
v 3.1073189211375896 -3.5492115219976794 13.8731263384075429
vn -0.5095001852863960 0.4698238267682961 0.7208849651601303
v 4.1468162745975574 -3.9998736100245460 12.2143514580414294
vn -0.8122885746209465 0.1604389183746709 -0.5607554056904285
v 5.8095151261110543 -1.0110994374517857 13.6705338227565054
vn 0.8587771537310285 -0.4776191629727681 0.1854231252859948
v 3.6484386998046627 -1.7211146933813706 12.6968082016802715
vn -0.9041388210368939 0.3081392350789732 0.2959445963334368
v 5.7730388701485271 -1.7478263295610295 12.6700629858486948
vn 0.5416579322981196 -0.1141680444511295 0.8328099074847336
v 4.4316814155740536 -0.7042068803841690 12.1236849998653717
vn 0.0020590183251171 -0.0418633668989385 0.9991212233535137
v 3.9283176048726620 -3.2748581763342965 11.9447815339860615
vn -0.4541752999567922 0.1010515039528435 0.8851629174666246
v 5.3816546730819539 -1.4731075466419778 12.1084252707606179
vn 0.1460122474251785 0.0317592612938233 -0.9887728621498060
v 4.8631172800026210 0.3015661500912224 14.0102450770387712
vn 0.9836586352693369 -0.0065856404254256 -0.1799230907922952
v 4.0882838259474763 0.2500065668489678 13.2717932972168544
vn 0.7665527795850897 0.4708618513664207 0.4366760275515009
v 3.5015576085702245 2.2626204525559328 12.4840515164232464
vn -0.9564876017587551 -0.1380763387326149 0.2570338350567513
v 5.9811898088582511 0.7342202237051845 12.7445639297472653
vn -0.6756352395766946 -0.2417503960853910 -0.6964723749257391
v 5.2286700613861976 2.5115082456072524 13.7409071105103937
vn 0.6224453217569534 0.4468446716626712 -0.6425664641339153
v 3.7041626788105497 2.2909042679628375 13.7849441618751900
vn -0.2625263357915202 -0.0664376295403588 0.9626349071153281
v 5.1094178214441275 1.4453180157555727 12.0272835671469540
vn -0.1687100249144745 -0.2448613680355958 -0.9547669024097420
v 3.4819864592581378 4.0608662223111391 14.0541984295500022
vn -0.7535999534274080 -0.6556968688897219 0.0463543560242532
v 4.7877311918034726 3.9268618127500807 13.1108990616755960
vn -0.4171346232889733 -0.4258137507640422 0.8029205164359824
v 4.2002756369601570 4.0131739372958455 12.3056039903603196
vn 0.2329479642699520 0.2542525996682854 0.9386644030240009
v 2.6307724100507204 3.6695192608558158 12.1168678604033477
vn 0.3891581644706000 0.9161566736287026 0.0959837089899337
v 1.4362927361075866 3.7163994432105989 13.1471644079840218
vn -0.2757839638054298 -0.9288379710879842 -0.2473928632214815
v 1.5760947238470300 5.8512616841809981 13.3147573820470697
vn -0.2305311866807251 -0.7052008404838732 0.6704827712539788
v 1.7559012641514002 5.4838684441645409 12.3596462415420518
vn 0.0913558012783206 0.4692046938798865 -0.8783513379131827
v 1.3720630847345077 4.5647802779013587 14.0635154755571072
vn 0.2667778469185054 -0.9041549956309851 0.3336664865836238
v -1.6649048113715004 5.8805552339972307 12.8345562942534634
vn 0.0556788495361072 0.0367137620036683 0.9977735040548399
v -0.2828053082204685 5.2352900488504961 12.1263213071102207
vn 0.1330651728927830 -0.7577932885767731 -0.6387824289623292
v -0.9494318867289254 5.8892775806747162 13.7460846950374336
vn -0.1688514344450779 0.8783310502910365 -0.4472401582824201
v -0.5020845490472611 4.0022724801997782 13.4058507776373386
vn -0.0771035932488016 -0.3474425962795007 -0.9345259109295382
v 0.8126118003733988 5.3061652229759773 14.1068686365124094
vn -0.6482894788639780 0.7280369420804672 -0.2228967531400904
v -2.4660079534743780 3.2595813981188222 13.4516753421585555
vn -0.0550576978424330 0.0905249577723889 -0.9943710986993731
v -2.7973910505612372 4.1570919916374356 14.1660955429320978
vn -0.2862458916698492 0.7313671478818597 0.6190035415902616
v -1.7990731332424559 4.0300567574534787 12.4410376988067792
vn 0.4840496481586965 -0.5529436608329850 -0.6781955809809284
v -4.0119928610934084 4.1707030173684467 13.9112835901407426
vn -0.3915649178309525 0.3830971282954877 -0.8366083345364125
v -3.0992540307505818 3.3926189354052956 14.0447756026840711
vn 0.7794564120771184 -0.5827085909326649 0.2299965211152852
v -4.8621949850676023 3.6886064068971627 13.0048123014299328
vn -0.9032135442725709 0.3812623113136792 0.1970896836831692
v -3.7733250269664267 1.4742196117102604 12.9521123347769223
vn 0.0475366008865517 -0.0227104118374101 -0.9986112901276091
v -4.8699520422161440 1.5620314933992052 14.2252184660139438
vn -0.0186437911120533 -0.1190736317368086 0.9927103702883218
v -3.0907806839626630 4.2790298464651357 12.1781379942887504
vn 0.5698504223030171 -0.2825423864554189 0.7716477797914990
v -4.9382756585747396 2.9448959430966655 12.4573922752422597
vn 0.8174624107919976 -0.1778114268756870 -0.5478487961240470
v -5.9406051379275517 1.0628570886813120 13.8285078733340558
vn 0.7305370853059550 0.1025662643228442 -0.6751264536481565
v -5.7252357604620805 0.6455614599432696 13.9656485419585703
vn -0.6795168240186327 0.1963517182731120 -0.7068966604864018
v -4.1795408841137931 1.1182139456040721 13.9639146165980108
vn 0.9413360703021322 -0.0065614727226612 0.3374068016858120
v -5.9188108084592539 0.1180191508572988 12.6416713362440465
vn 0.0625511177148567 0.0333520916168764 -0.9974843335398315
v -4.7749345448707565 -1.6333785638828509 14.3348153148059883
vn -0.8858179157835255 -0.2980450126299862 -0.3556624671276434
v -3.9209116297051438 -1.1364605705054553 13.5423518389174511
vn -0.7727396841571231 -0.0381605195546321 0.6335749010780574
v -4.3223435035597593 -0.3418113045198869 12.5376943619564436
vn 0.1846689380994954 0.0511058059483979 0.9814711304463158
v -5.2711376572587536 -0.3394173968083713 12.2520463971362759
vn 0.3987478932770233 0.4565102575768268 0.7953606115054196
v -3.9968739892149410 -3.8942747368146247 12.3558057942416433
vn 0.9374107478051249 0.3471453726020965 0.0274076664528056
v -5.7085316277566136 -2.2601675605364706 13.2799999999999958
vn -0.7547111033926941 -0.5773911642183407 0.3114973417195908
v -3.1144694868238911 -2.5802344439436165 13.0354406823203615
vn 0.6194430734463231 0.5847805296138227 -0.5237575879583516
v -4.3544032965985382 -4.0648875890524137 13.8782133900310587
vn -0.4421802567787534 -0.8542009608913745 -0.2735275834853377
v -1.9744912517283419 -3.7430510140284210 13.9366819019386039
vn -0.3592830912177790 -0.2304593468693062 0.9043252455867689
v -3.8455952864842908 -2.5152804377571725 12.4352243973159382
vn 0.3313558644719808 0.7841770436183571 -0.5246614673691975
v -1.9155096809447363 -5.6656667724566505 13.9587486191485031
vn -0.0433441644523875 -0.1035261877308776 -0.9936818463984514
v -1.8490850825020828 -4.8124994456315395 14.3690687521502092
vn -0.2038675680469658 -0.6872172022672935 0.6972593001219343
v -1.0758780257929497 -4.3408326309404197 12.5646977118101049
vn 0.0441236793675398 0.1405668039916872 0.9890874958943890
v -1.3521848085821824 -5.1594732485907597 12.3640842324686471
vn 0.2383801639153259 0.9067104779087394 0.3479238518730902
v -1.7401398577960734 -5.7501240102810982 13.0442110542024334
vn 0.0978065667405580 -0.9952045553462604 -0.0013298573145084
v -0.2732162993733149 -4.0937535951585460 13.1061926793529313
vn -0.0884047681313683 0.8901107594857016 -0.4470877238522956
v 0.5229545974270636 -5.9514623732966552 13.9259921369195467
vn 0.0313752250740601 -0.6898714742859278 -0.7232516465367447
v 0.2867578300724393 -4.2914110741252607 14.1157764608372229
vn -0.2344583548602452 0.8387051805672282 0.4915311789967350
v 1.8452974804589111 -5.6991828413128935 12.7710159640039560
vn 0.0137261353829745 0.0732801131064966 -0.9972169363937555
v 1.9006583093372260 -4.7480388868461691 14.4052184660139400
vn -0.4500563970521521 0.6829072209056741 -0.5754015703031445
v 3.1519889667735450 -4.8228663328746517 14.1456485419585629
vn 0.4589532569401572 -0.7982785661544454 0.3900169724030288
v 2.0275976478075077 -3.5937307067049740 12.8360140833348400
vn 0.3359068731653274 -0.6474174191298490 -0.6841178684755560
v 2.2492241161374000 -3.7319627837848799 14.1722164869944542
vn -0.5851755528390344 0.5632666271773743 0.5833526198344834
v 4.0854577953140261 -4.3974886868772076 12.8521832937855436
vn 0.6015099199302026 -0.2614908250356727 -0.7548565192456936
v 3.9288032476630650 -2.1294274764939312 14.2474324910601897
vn 0.5478786783470894 -0.4141436045119505 0.7268521367200456
v 3.4697056806696573 -2.5415706855724989 12.7142235391627771
vn 0.0205652573024574 -0.0282599880004078 0.9993890349960323
v 2.9904781732913608 -4.1489053465853019 12.4247815339860583
vn 0.8918321641440274 -0.4489011340193739 -0.0558852652700228
v 3.4798399003356688 -2.1366570696958300 13.6771986022344354
vn -0.2284351648513311 0.0880427957229536 -0.9695699260912704
v 4.9316508174991585 -2.1900601872336622 14.4592293522555462
vn -0.8439664144907645 0.4850091498138515 -0.2291000126766650
v 5.3638725726907381 -2.8347627431603248 13.7303539528163423
vn -0.9773324322340686 0.0790733537782548 -0.1963892095449709
v 5.9453432201619911 -1.0115808709713281 13.7847026549737208
vn 0.9818617144189630 -0.0522561445631619 -0.1822549563486517
v 3.9648545199803875 0.0299696043547527 13.6109808534669785
vn -0.7548611935776266 0.2071633696456138 0.6223085381927809
v 5.5608366099162474 -1.5073719876835272 12.7543514580414250
vn -0.3631979107793377 -0.0735249693017541 -0.9288064149728406
v 5.4790940650991287 1.1325706744679644 14.4520015077788528
vn 0.8005381940841207 -0.0808587625940000 0.5938017011800335
v 4.2321069135842686 -0.8661166868602592 12.7425724262418161
vn 0.0279326644347686 0.0031468409078893 0.9996048537546599
v 5.0200859170949101 -0.9772986569322146 12.4847815339860571
vn 0.6327744584716692 0.1483177720184225 -0.7599988968474737
v 4.2871934054979928 1.0429699785372597 14.2969890768804326
vn 0.9620703478222353 0.2325806386040436 0.1425724110329150
v 3.6489804762499225 1.9124566543113257 13.2589596068147735
vn -0.7192206765701830 -0.1196671570532666 0.6843985607208108
v 5.6131570500621395 1.3514893846848837 12.7271730960839946
vn -0.8675664835342404 -0.4911448074454756 0.0781356177897086
v 5.5036143424978619 2.7686300459762156 13.4325987867404262
vn -0.2498624518784078 -0.2528568856060320 -0.9346829144383288
v 3.5935288049031961 4.2635387287315369 14.5080688423388224
vn 0.5345913049080349 0.2703170265597615 0.8007127086968295
v 3.9191021097746614 2.4567973224345656 12.6994345020315471
vn -0.1811924544655572 -0.1954018949354194 0.9638399213045671
v 4.0649354041966435 3.3728914199446489 12.5520463971362783
vn 0.6054335988689586 0.6893154230054440 -0.3978622939754491
v 2.8130795388748231 3.1374617812956669 14.1860319125652286
vn -0.0002953613381211 0.0554273862364299 0.9984626771275317
v 1.2184928150452252 4.8999421475794582 12.6174694674631347
vn -0.3416981619855796 -0.6703437872668556 0.6586968748737202
v 2.7273275347839006 5.1012795141548377 12.8467895689276350
vn -0.5000335999538441 -0.8240683938540130 -0.2662286257487470
v 3.1194276161750492 5.1720459142680673 13.7628380724423085
vn -0.1667498842303017 -0.9838686186551164 -0.0647843911359395
v 1.0143015316679134 6.0107658831725370 13.6619641294864724
vn -0.0676490647756309 -0.1661644595043067 -0.9837748606427307
v 1.1036268003081342 4.9478115532520706 14.6766549962260271
vn 0.1253495757383680 0.8819916247711590 0.4542887382444586
v 0.6122853413154148 4.3098522393047025 12.8922535752991294
vn 0.1745530788228966 -0.9157775027763050 -0.3617772630808110
v -1.1500043693688671 5.9153360696515005 13.9054360702527333
vn 0.1330559660938908 0.9495526072291065 -0.2839823163354151
v 0.5097477921791099 4.0121923132420561 13.8845593176796402
vn 0.1258575034195669 -0.6532517039810694 0.7466070586853724
v -1.3496193866492383 5.6074710300093678 12.8686831036339342
vn -0.0797467989186121 -0.0722373632623015 -0.9941942523527003
v -0.8665282020199938 5.2161671882046887 14.6370313077765299
vn -0.0128634563409038 0.1212516427007379 0.9925384479370752
v -2.2821650261917141 4.2708248986639532 12.6573290313385396
vn -0.2067284145209204 0.8630536789942382 -0.4608705998479150
v -1.2202378748439153 3.9191704318419758 14.2357303784296523
vn 0.5700390341645900 -0.7445649274286312 0.3473882098918999
v -3.4665769614391739 4.9385233991216060 13.3980929286326464
vn 0.5057300025839297 -0.6019548343023181 -0.6179705024890162
v -3.6641711425838870 4.5079629895649340 14.4343960096396842
vn -0.5932521435966829 0.6007417123408083 -0.5358743221799066
v -2.5075058172664932 3.2616996079406353 14.2250105605488706
vn 0.8269864162924482 -0.5119362364199715 0.2324107508441222
v -5.0264434443869526 3.3324567760768842 13.4052973450262911
vn -0.4266202153521134 0.6716949151871592 0.6056576035720441
v -2.5860413455178470 3.4573682901065443 13.0221912372737929
vn 0.1417739882181015 -0.1085713187165493 0.9839270323641296
v -3.9343860848246250 3.6258086534811897 12.7082779905653585
vn 0.8592091632061883 -0.2492260336079350 -0.4468176339789848
v -5.7196885800829937 1.8289460399871174 14.2262373609914317
vn -0.9512894072071150 0.3037111072820965 -0.0529908204222094
v -3.8447764876206176 1.3684735212821411 13.9814803320194656
vn -0.5498508086346726 0.2070607193578465 0.8091909210704282
v -4.1094502154185886 1.3310201793952829 12.9905051410131787
vn -0.4750518946813670 0.1582488479980884 -0.8656113443497152
v -4.5014805576416501 0.9229905617980827 14.5947756026840576
vn -0.6822779852795352 -0.2373229536401495 0.6915016749642865
v -4.0274683403974469 -1.4300506977247247 13.1320247854940657
vn 0.3040548911864207 -0.1667133347436463 0.9379537766672017
v -5.1563511881047965 1.8819828986601916 12.7679594322256271
vn 0.8761996420766901 -0.0765398213353243 0.4758317380909316
v -5.8442876007975544 0.7705562092316135 13.2363341300454955
vn 0.9351010140512090 0.1799952523566090 -0.3052667729208030
v -5.9517770350726629 -1.1758420081749799 14.1254858828970651
vn 0.5259161483484898 0.0929277806164267 -0.8454446359732817
v -5.4977684345077362 -1.1427627902456812 14.6393413511393984
vn -0.0430542545666034 -0.0233116019864216 -0.9988007310652814
v -5.2225391354523412 1.3188375160615344 14.7304622916518770
vn -0.7821466749998364 -0.2910358593201043 -0.5509489153964359
v -3.7184810454760497 -1.7734678188424700 14.2446922428645077
vn -0.2150091649390058 -0.2256002916902251 -0.9501976464828339
v -3.3196730042147422 -3.5400367304496663 14.8122962195952166
vn 0.5855566961070778 0.4688368326211451 -0.6612982534544725
v -4.1468162745976773 -3.9998736100244190 14.5356485419585741
vn 0.8582690634010606 0.4413716981142126 0.2618496494411294
v -5.5688556079219866 -2.3867965398650388 13.4366976943292116
vn 0.3438900800914614 0.2374162433074848 0.9085004899439788
v -4.7947695175971461 -2.7498404078607641 12.8181100367727936
vn -0.5269554266894035 -0.8484166322962650 -0.0500719115438300
v -1.8848871171261283 -3.5616507131140893 13.7476172539308283
vn 0.5349548086014381 0.8421734798379218 0.0675809337896722
v -2.9564547926777669 -5.3777713037725841 13.8349999999999937
vn 0.0876059538197905 0.4831413335455751 -0.8711484653462508
v -1.5115972449730177 -5.4476332851160043 14.7838603585739072
vn -0.1483824645971563 -0.2607257885903396 0.9539416687429159
v -2.1012177110901002 -4.3768854308509324 12.8442310542304465
vn -0.0957601077665246 -0.6873871453194448 -0.7199506331757254
v -0.8535718623065813 -4.2415067494937055 14.5939146165980205
vn 0.0620133424022919 -0.8870475741729177 0.4574942038081338
v 0.2314662555905144 -4.0691597633914798 13.3617164976559621
vn 0.2198611791300733 0.6163651848776092 0.7561448411397941
v -2.4279696609820136 -5.2775793506855635 13.0856039903603190
vn -0.0084143794422799 0.9967326411795440 0.0803320622531992
v 0.3834739054913857 -6.0951431872858146 13.8800000000000008
vn 0.3014298760248977 -0.7483980526879332 -0.5907963985778216
v 1.5269807686320880 -4.0711580115174462 14.6348129395194988
vn 0.3663139476668171 -0.3214449897457436 0.8732051364439579
v 3.0235723032662603 -3.5423957705192688 13.1350386351891864
vn -0.4649897581732453 0.8332297490086221 -0.2991867479702529
v 3.2788844050495318 -5.1297749217352866 14.1874688721581546
vn -0.1332262387210834 0.1052694953475558 -0.9854791234041966
v 2.9614976435355156 -4.4688508204373791 14.9129101575384126
vn -0.1287685699569087 0.3567135199584851 0.9252967740514825
v 1.4542950181058123 -5.2580120588454529 12.9259756767059919
vn -0.1288962112709654 0.1209825935872736 0.9842504654654157
v 3.5923770984381020 -4.0395115083895607 12.9441971579538020
vn 0.7636907814476395 -0.6452622909812923 0.0203215690700287
v 3.0144174620118882 -2.7773177740391555 13.7222564679015644
vn -0.5896601516326794 0.5920447690127841 0.5493486115947910
v 4.0704517105175482 -4.3953362028338452 13.4173671330821112
vn -0.2090556944404567 0.0867541676737188 -0.9740479613516260
v 5.1672506027569476 -1.5546911647507917 14.9692293522555460
vn 0.4960606099217794 -0.3633111819089676 -0.7886246612831361
v 3.3672047577019066 -2.6846135210497062 14.6728008700187988
vn -0.3713772398470662 0.0863559214542024 0.9244574628144716
v 5.3243729547434890 -1.1126304381603842 13.0331719724872350
vn -0.9071191823319429 0.3931517138281506 -0.1502215662260759
v 5.7126360571737935 -2.2617926191029567 13.9700000000000042
vn -0.8723600096193337 -0.1255888236866127 -0.4724568350463025
v 5.9760462736346156 0.4176462605780951 14.5226328669178777
vn -0.9284444084822611 -0.0946544964952611 0.3592095581290298
v 5.9811898088582600 0.7342202237051162 13.7445639297472653
vn 0.9526743679387926 -0.0709080899432511 0.2956071573102075
v 4.0366425681750000 -0.2510911126814717 13.7254406823203592
vn 0.2912160262464902 -0.0837416534686155 0.9529850793855830
v 4.7544516143571265 -0.7532434700829357 12.9894775837871652
vn -0.0894354363755044 -0.0094974689577490 -0.9959473383687111
v 5.0261621715096618 1.6788390079801230 15.0248463449052121
vn 0.6814425914389687 -0.0716592324011441 -0.7283549608430092
v 4.3566590858537992 -0.1666042676179826 14.7319085449886575
vn 0.6962423349189873 0.5081419696415302 -0.5069894966913838
v 3.4326363588158606 2.2964443982898177 14.5652021936700553
vn 0.5587951715614139 0.3239683504236324 0.7634084517238727
v 3.7991039610065451 2.1056943927918970 13.3070075499155340
vn -0.5430879493213741 -0.2468333045524909 0.8025763509259428
v 5.1194872096299351 2.3069926884746006 13.1606586488606023
vn -0.0009997128799655 -0.0618730165356041 0.9980835287684807
v 3.9529447514691380 3.2450890699160722 13.0547815339860556
vn -0.6651091603158572 -0.5690880215306171 -0.4834962550157996
v 4.3459148726428189 4.0538883536408017 14.6379865890335008
vn -0.8727133755129468 -0.4627314452804502 0.1557272415136932
v 5.2908851504873411 2.8844835223727801 13.7745639297472682
vn 0.2138454927452551 0.9696272959222850 0.1187139934252763
v 1.1155419978661960 4.0044308460019078 13.8212840745665630
vn -0.4836535904540932 -0.5902771347446497 0.6462600936453611
v 3.7452120428540372 4.4025770823996311 13.3671415666731246
vn -0.0183242005059482 -0.0572793847880927 -0.9981900098448768
v 2.1132461519826551 4.6739727664421968 15.1467368872036783
vn 0.1886372046282790 0.6115842885834140 -0.7683623253309262
v 0.8957558717275192 4.3027384183971114 14.8546724126818059
vn -0.1773281861240962 -0.6702327022114893 0.7206544520727134
v 1.7464330340703391 5.4742685296968814 13.3480747237270201
vn -0.3322932246839038 -0.9049422738177965 -0.2658207928034393
v 1.9965433984038574 5.7238519806656836 14.4082622619103145
vn 0.0521190852701632 -0.4064962488734229 -0.9121646784448726
v -0.9945115834767994 5.4865433993902899 15.0780688423388156
vn 0.0671298019295960 -0.9901313766237475 0.1230180747616208
v -0.2810048176219310 6.0248442242813383 13.9055079932874577
vn -0.2303655305479481 0.6381475054332246 0.7346424188982793
v -1.8629915744502936 3.9238249420556630 13.4270075499155261
vn 0.0498125033132665 0.1355699324615461 0.9895147840866440
v 1.2203698612356149 4.7225125799375700 13.1158592439951658
vn 0.4407566632897068 -0.8659698298579906 -0.2362833416503306
v -2.8706441094810695 5.3115916916262833 14.4346415745372454
vn -0.1422228821920767 0.4846130977265093 -0.8630891015954816
v -1.1919564595677650 4.1785681892501803 14.8463633433064182
vn -0.5593491700927677 0.6771994081193287 -0.4780475578426930
v -2.5351461627112402 3.2814361100914655 14.7196092173154778
vn 0.0535480971396265 -0.1143651099398268 -0.9919945679897529
v -2.9579199487681618 4.3860955702468978 15.1703947206266765
vn -0.6818400404663127 0.4037246559571089 0.6100004601549175
v -3.8396814252556495 1.9078910854689788 13.5808770633108367
vn 0.5882560594672909 -0.4821138272095136 -0.6492465372363649
v -4.7060607365327156 3.3238631824283926 14.9256485419585747
vn 0.0611563748051696 -0.3402384667226436 0.9383483807109777
v -1.6175682753560725 5.3140442009333446 13.1945362607834724
vn 0.6668165699153740 -0.6019260940485697 0.4393639031483215
v -3.9703113493281399 4.4662409406153047 13.5950921860134617
vn 0.7159412317978481 -0.2165936402515464 0.6637133022731755
v -5.4819883960770772 1.8543606989545027 13.4987164098592576
vn -0.1679688428512747 0.0717551704576886 -0.9831773305684951
v -4.5758707050203427 1.4246050328210793 15.2235738308087374
vn -0.9421693599110421 0.2018174610943669 -0.2675567409770140
v -3.9690232417391837 1.1075963748153372 14.5088538859224627
vn -0.0484778291429223 0.0147775395859424 0.9987149365085993
v -4.7965454979170588 1.5768257950653652 13.2248164987103678
vn 0.8200900230546184 -0.2432612223726761 -0.5179539861570976
v -5.7523642894673088 1.6641174370355405 14.7912639569325037
vn 0.7412376066613068 0.2508994524871823 -0.6225883673926539
v -5.5536153809295969 -2.1108731736860835 14.9191118089829740
vn -0.2025585401432035 -0.1064528499299027 -0.9734669118962677
v -4.6361147183685230 -1.4220607004866013 15.2765661966440316
vn 0.9530464761585281 0.1090305697644859 0.2825150423227827
v -6.0272180394194868 -0.2807345695649057 13.9780929286326430
vn 0.5895203378539010 0.6533250386937096 -0.4750075421216862
v -4.3687194456355742 -4.1619737958638838 14.8390020153365434
vn -0.8531537339941385 -0.4137682945771514 -0.3176861730931554
v -3.6315948373756544 -1.9962226262855585 14.6162575931604906
vn -0.7311358903481450 -0.1207014529997042 0.6714696337799541
v -4.3541833442293578 -0.6286259475836276 13.5509649531618717
vn 0.3351602429730694 0.0983311820155768 0.9370157897141609
v -5.2179777682772865 -1.2303674076283961 13.2770898424615922
vn -0.7180075064461249 -0.6903290443108797 0.0889439782551086
v -2.8964639115555673 -2.8533058224434082 14.1791069587842671
vn 0.6993806527064759 0.5986098529156800 0.3905546653314128
v -4.6094657748968020 -3.9941271126563422 13.9909310837917555
vn 0.1608533539102554 0.2325184653327277 -0.9591982911865174
v -3.0330731338358277 -4.3714441056546542 15.3218610017671448
vn -0.0960809311613672 -0.1145286528254055 0.9887626825225365
v -3.6452289434514045 -3.6027731469358466 13.2551325076976578
vn -0.4037950486057321 -0.5505224977489710 -0.7306671870241119
v -2.7517840323122984 -3.6800711171804039 15.1847756026840770
vn 0.1560695648621332 0.7156492381740100 0.6807998669393990
v -1.1841270336725425 -5.7278936982141602 13.6702493331090587
vn 0.2840656160042970 0.9285425523133830 -0.2389883979348110
v -1.4068250168140997 -5.8896928807363915 14.5820075128029476
vn 0.0605025805823422 -0.2932170593398287 0.9541295477318479
v 0.2593656287120176 -4.8515134777589193 13.3809758203968912
vn -0.2558211923183873 0.9590418946636837 0.1216312535522462
v 1.7633954716654470 -5.8778495269283235 14.3599552399852719
vn -0.0560150581257859 0.6018747654137068 -0.7966235497531819
v 0.0923422429194762 -5.6145202345714633 15.2493413511393960
vn -0.0528335716452524 -0.9926245385179557 0.1091106742680171
v -0.0323375913527528 -4.0056208881151179 14.3797651443319214
vn -0.5291690492455686 0.7596256590028482 -0.3780859366665596
v 3.8769590007887809 -4.6232510136330109 14.7830526774818640
vn 0.0816422164941112 -0.3549929322705642 -0.9312972492839627
v 0.6116059697166296 -4.8143563480128790 15.3822962195952169
vn 0.4060823531216876 -0.6550579913006425 0.6371782721627602
v 2.0061103808834200 -3.8106087148125227 13.6871991299811846
vn -0.1726373941745913 0.4958860136463026 0.8510542824065841
v 1.3068332620676300 -5.4610943389941049 13.5206586488606089
vn -0.1045004306069029 0.2302428194704786 -0.9675060227643322
v 2.7258767594835969 -4.5308792912972553 15.4170313077765364
vn 0.4539519245489516 -0.3764745567561850 -0.8075856352818176
v 3.0671864512827476 -3.3487857223063089 15.2981971298263328
vn 0.5277074387882515 -0.7705263113762426 -0.3575109264406690
v 2.3749444880632971 -3.2737086994245348 14.6945593176796443
vn -0.5706863512385889 0.4713906931625448 0.6723896957194700
v 4.6690351964944252 -3.4737979827091143 13.7221903798324192
vn -0.7855437503595268 0.4179754415784381 -0.4563086088475639
v 5.1918412206038109 -2.9343759241581173 15.0897351129650108
vn -0.0226580345028280 0.0011850021498831 -0.9997425714864669
v 5.0273254737760942 -0.9393475717635237 15.4852184660139454
vn 0.7248041991175243 -0.0893486048414206 -0.6831366625752827
v 4.4318619093252085 -0.3566914052843393 15.2387663841965004
vn 0.8725633049800482 -0.4870936931825762 -0.0370541882120423
v 3.7700974264312936 -1.3727149975535666 14.4998045822244119
vn 0.5187348343966055 -0.2486533240976450 0.8179765864612004
v 3.9132686213465062 -2.4086443251711191 13.5952243973159295
vn 0.0397371351300439 -0.0817608829879528 0.9958594871289257
v 3.9283176048726256 -3.2748581763343441 13.4447815339860544
vn -0.8111957252502837 0.1359976974110827 0.5687408211431195
v 5.7045531015465691 -0.6897232701287889 13.7380747237270207
vn -0.9007892926592197 0.0018359847424626 -0.4342525525434802
v 5.9577303377446231 -0.5252630956973841 15.0298097596929345
vn -0.8542299275427311 -0.4839917263805487 -0.1898505719915443
v 5.4005181152979036 2.9236714399489769 14.8151318658226945
vn 0.9361468508863450 0.0621904136082550 0.3460656383272017
v 4.1724351238099704 0.1188499422342771 13.8861576587004745
vn 0.6723384921624084 0.3893316791157641 0.6295885923312771
v 3.6656589132771522 2.0399577594249192 14.0470888519522656
vn -0.1851271027913779 -0.1401790242569434 -0.9726653057297983
v 4.4916396261076637 2.9904375731029167 15.5392293522555391
vn 0.5145875761064932 0.3838205134039443 -0.7667342694879217
v 3.5257382790141345 2.5076152053328680 15.2839146165980164
vn 0.1036151113261912 0.0130205394620621 0.9945322389228908
v 5.0671829433375875 0.3449861960965847 13.5092409743914281
vn -0.6957554457478237 -0.1997740025327698 0.6899381911622838
v 5.5307821389346268 1.7484602398199220 13.8190928894895944
vn 0.6656218146503002 0.7133397922737821 -0.2193033073632012
v 2.8152100386285661 2.9720684309453116 14.8304855559047137
vn 0.4949636033673071 0.7988269516853930 0.3418867248119968
v 1.9936345536706908 3.5147678263641540 14.3075378437000360
vn -0.5531994552886300 -0.5383458406875195 0.6357311684059630
v 4.2523615214140458 3.8874793379045993 13.8343514580414286
vn -0.5191239238217902 -0.8214829598141700 -0.2359578319336295
v 2.9465571613960160 5.2698581381738858 14.8546415745372435
vn 0.1293575529291325 0.1319955866984599 0.9827735184630871
v 3.0740649222815200 3.7720572233769447 13.5711441863831404
vn -0.0919964376280601 -0.9636942941203274 0.2506590571746219
v 0.4400834005938267 6.1297507034450440 14.4055332265509985
vn 0.0763445524232629 0.3302655668142224 -0.9407954956802100
v 0.5705627927222818 5.0315337581649935 15.6084238489595464
vn -0.2478717182494448 -0.5880053246466227 0.7699411337753607
v 2.5226691597696287 5.1798855606842382 13.8643514580414244
vn -0.0804876297792646 -0.4220902397590581 -0.9029737376871250
v 1.1739004142523388 5.3620681666067407 15.5620405677743729
vn 0.0398771097974145 0.4083356669224668 0.9119604153871971
v 0.3259709635881827 4.5351765385713865 13.6666676511285949
vn 0.2225270845967927 0.9252160422383933 -0.3073385296469927
v 0.6443715312320935 4.0580299598952276 15.1848827497844159
vn -0.4848862210644131 0.8599110612788907 -0.1594939475719537
v -1.9993245721340449 3.6558066306640393 14.9252392020565274
vn 0.1539796683958535 -0.6260458538061094 0.7644323715364770
v -1.1068380431958356 5.6384886116632540 13.8880747237270246
vn -0.2275641063969360 0.3671524398624613 0.9018944857259111
v -2.1941226227104180 4.0004987434497643 13.7233684804352922
vn 0.2517747456555219 -0.7388219414541588 -0.6251012848139131
v -2.1040685153742555 5.5053327100266785 15.2685237960922731
vn -0.2194753213890871 0.1756935393299904 -0.9596678402128822
v -3.3246072840045127 3.5354031333058731 15.6822962195952158
vn 0.5679774088371899 -0.7910258727605937 0.2273317656508496
v -3.4761733775642658 4.9582111195918541 14.4479924871970571
vn 0.6232581552686773 -0.4177525479161331 -0.6610840193202859
v -4.6701392754184594 3.4550947346817704 15.4543960096396802
vn 0.1803459737401650 -0.2158394009140724 0.9596294507614728
v -3.4617744843485418 4.0936707816355495 13.7032367593201538
vn -0.2915221620083415 0.0102389024750741 -0.9565092754041061
v -4.7183389530803703 0.8398629247960252 15.7335738308087389
vn -0.5868631344889139 0.3236430648809920 0.7421905603901772
v -3.9102249100137767 1.8355753713942267 13.9805051410131771
vn 0.9624256905190012 -0.1176854178643673 0.2447180676842499
v -6.0101292628391603 0.4987465368357671 14.4452973450262849
vn 0.7738285530624226 -0.4432950551907074 0.4524144830891083
v -5.2122343128562560 2.9303741688737115 14.1762591929145341
vn -0.9161452259488049 0.2834004634168902 -0.2834821022680361
v -3.8456081453636219 1.2525286273706759 14.9945593176796415
vn -0.6800378761167071 -0.2270125415430562 0.6971468948714039
v -4.2169138559867978 -1.4007081025504682 14.0523652389735449
vn 0.1791270890108247 -0.0222607146675590 0.9835740676558109
v -5.1335948963755440 1.2838557298295108 13.7392586478482457
vn 0.4717392920776969 0.2192640373093294 0.8540405858346817
v -5.1200062117698382 -2.1715502645151843 13.8179594232773191
vn -0.8913030910390725 -0.2653620318406473 -0.3676435664629510
v -3.8976687668271177 -1.2588669941942814 15.0417932972168540
vn 0.9619600414389997 0.2731823557670412 -0.0020686160223150
v -5.9151286438567832 -1.5610201135778854 14.8083646223534320
vn 0.6100937009886415 0.0319360941890564 -0.7916853932604351
v -5.7721354147138575 -0.0693369065482111 15.5380749961189863
vn 0.7699143829993248 0.5868908846499553 -0.2505811891694225
v -4.5858288984950821 -3.9212679718402152 15.0819070713673629
vn -0.2497241151947606 -0.1418170987106561 -0.9578756583207896
v -4.3918095801431329 -1.8525076803542060 15.7435154755570998
vn 0.4511416318689908 0.6725474679022597 0.5866439562569811
v -3.6390050230274773 -4.4469412768893823 14.0680747237270207
vn 0.3214052338081478 0.8110613661324527 -0.4887516097652155
v -2.2020117931764207 -5.5240823251536879 15.4855968874909085
vn 0.1911423980817092 0.0733160470716637 -0.9788203823467098
v -4.0211073414986691 -3.4827724670550713 15.8016816781981664
vn -0.4736247247245492 -0.6576016838028529 -0.5858665766104495
v -2.1225763930317454 -3.6330905704666061 15.4434382512549195
vn -0.0261857574621405 0.0192411911935467 0.9994719018899869
v -2.4807581176465896 -4.4723835302427526 13.8347815339860549
vn -0.3543160287474183 -0.8397555270023341 0.4114253354397256
v -1.9413761461786563 -3.6453721981614935 14.2701224719751654
vn -0.0212960706369224 0.6549657138771167 0.7553584520086251
v -0.0873027258919812 -5.7669387091649789 14.0986831036339222
vn 0.1911819342079587 0.9695062315023962 0.1533203675658448
v -1.2673289266667767 -5.9699777796448270 14.6648123014299347
vn 0.0266758137168383 -0.2756841308081210 0.9608780676980381
v 0.8653763251091492 -4.7807507119880457 13.8909758203968892
vn -0.2342580831849153 0.9279913043786783 -0.2897503916478605
v 1.9576433834970202 -5.7361264639647986 15.1765505425081937
vn -0.0058450394422177 -0.8048517844355954 -0.5934470832388991
v 0.2280645022971491 -4.3205267054971497 15.6139146165980058
vn 0.1307719080452612 -0.9823031497552529 0.1340866512636920
v 0.2819356357769920 -4.0418179761322559 14.6093108702888053
vn -0.5214838341513256 0.6509119619177310 0.5516957753610614
v 3.7299863036488308 -4.7600283355005857 14.4309282721656391
vn -0.7098478339789929 0.5137590496545390 -0.4818378269640078
v 4.9068701903234464 -3.5114612923179633 15.4790020153365226
vn -0.0665975103341809 0.1033713956062589 -0.9924107648487612
v 1.0018128948335032 -5.2383025984443146 15.8878181272960433
vn 0.4350797741767139 -0.3354378656499330 0.8355758663284605
v 3.6368393642720336 -2.9214280968679693 14.0935553571944912
vn -0.1714924103565066 0.0710322588192371 -0.9826213774374911
v 4.4645740794140591 -3.1083423421108258 15.9450528282197439
vn 0.3970360830250553 -0.6378724564987795 -0.6599099014383205
v 2.4914636863788902 -3.5635104211956805 15.6548129395194913
vn 0.7245021364785078 -0.6076440609349291 0.3253695582696481
v 3.1444381968435349 -2.9050913580498103 14.5291175510109554
vn 0.7148572862952353 -0.2731752737350093 -0.6437036041924999
v 3.5885512281018692 -2.0333022960775033 15.4733928536937295
vn -0.8519745938211840 0.3460281209414627 0.3929425288778866
v 5.5950698744825154 -2.2380580792610774 14.7045639297472714
vn -0.1983594803988085 0.0979079018955368 0.9752269270699658
v 4.4916396261076112 -2.9904375731029798 13.9607706477444555
vn -0.9576153709580730 0.2640363426986209 -0.1151416998275111
v 5.9526882078868670 -0.7519994013858228 14.9900000000000002
vn -0.7620968122690855 0.2619798853571852 -0.5920937327801521
v 5.8197700413787379 -0.7352079320266545 15.4900000000000002
vn -0.4789643845118166 0.1646939666682707 -0.8622464935923412
v 5.4566308572296283 -0.6893327846036709 15.8560254037844395
vn 0.1491358447136006 0.0317729416740959 -0.9883061165443303
v 4.9605735065723895 -0.6266661678215190 15.9900000000000002
vn 0.4949735297178712 -0.0695386758718504 -0.8661209946864360
v 4.4645161559151507 -0.5639995510393671 15.8560254037844395
vn 0.8252409710278628 -0.2738966813958436 -0.4939209933353046
v 4.1013769717660411 -0.5181244036163835 15.4900000000000002
vn 0.9433827552700506 -0.3260181531137306 -0.0611648665444462
v 3.9684588052579115 -0.5013329342572151 14.9900000000000002
vn 0.7616664611430619 -0.2913696260196462 0.5787641514494277
v 4.1013769717660411 -0.5181244036163835 14.4900000000000002
vn 0.3723168634634230 -0.1290044632858030 0.9190962961698305
v 4.4645161559151498 -0.5639995510393671 14.1239745962155610
vn -0.0015800955795505 -0.0120511792168958 0.9999261334605880
v 4.9605735065723895 -0.6266661678215190 13.9900000000000002
vn -0.5430238777709036 0.1575338101381139 0.8248079575477067
v 5.4566308572296283 -0.6893327846036709 14.1239745962155610
vn -0.8447811400120185 0.1973230180649775 0.4974017008633191
v 5.8197700413787379 -0.7352079320266545 14.4900000000000002
# 2012 vertices, 0 vertices normals

f 1//1 2//2 17//17
f 2//2 3//3 17//17
f 3//3 14//14 17//17
f 3//3 4//4 14//14
f 4//4 22//22 14//14
f 4//4 5//5 22//22
f 5//5 19//19 22//22
f 5//5 6//6 19//19
f 6//6 7//7 19//19
f 7//7 15//15 19//19
f 7//7 8//8 15//15
f 8//8 9//9 15//15
f 9//9 13//13 15//15
f 9//9 10//10 13//13
f 10//10 16//16 13//13
f 10//10 11//11 16//16
f 11//11 21//21 16//16
f 11//11 12//12 21//21
f 12//12 1//1 21//21
f 1//1 17//17 21//21
f 13//13 18//18 15//15
f 13//13 16//16 18//18
f 14//14 22//22 17//17
f 15//15 20//20 19//19
f 15//15 18//18 20//20
f 19//19 20//20 23//23
f 17//17 25//25 21//21
f 17//17 22//22 25//25
f 19//19 23//23 22//22
f 16//16 27//27 18//18
f 16//16 21//21 27//27
f 21//21 24//24 27//27
f 21//21 25//25 24//24
f 22//22 26//26 25//25
f 18//18 28//28 20//20
f 18//18 27//27 28//28
f 25//25 26//26 29//29
f 20//20 32//32 23//23
f 20//20 28//28 32//32
f 25//25 29//29 24//24
f 22//22 31//31 26//26
f 22//22 23//23 31//31
f 23//23 32//32 31//31
f 24//24 33//33 27//27
f 24//24 29//29 33//33
f 29//29 26//26 30//30
f 26//26 31//31 30//30
f 27//27 36//36 28//28
f 27//27 33//33 36//36
f 29//29 30//30 33//33
f 30//30 31//31 39//39
f 28//28 35//35 32//32
f 28//28 36//36 35//35
f 33//33 37//37 36//36
f 33//33 30//30 37//37
f 30//30 39//39 38//38
f 32//32 34//34 31//31
f 32//32 35//35 34//34
f 30//30 38//38 37//37
f 31//31 34//34 39//39
f 36//36 40//40 35//35
f 35//35 40//40 43//43
f 37//37 44//44 36//36
f 37//37 38//38 44//44
f 38//38 41//41 44//44
f 38//38 39//39 41//41
f 34//34 35//35 42//42
f 35//35 43//43 42//42
f 36//36 44//44 40//40
f 41//41 48//48 44//44
f 34//34 45//45 39//39
f 34//34 42//42 45//45
f 44//44 46//46 40//40
f 44//44 48//48 46//46
f 41//41 47//47 48//48
f 41//41 39//39 47//47
f 48//48 47//47 50//50
f 39//39 45//45 47//47
f 43//43 53//53 42//42
f 43//43 40//40 53//53
f 48//48 50//50 46//46
f 47//47 49//49 50//50
f 45//45 54//54 47//47
f 42//42 55//55 45//45
f 42//42 53//53 55//55
f 40//40 51//51 53//53
f 40//40 46//46 51//51
f 46//46 52//52 51//51
f 46//46 50//50 52//52
f 47//47 54//54 49//49
f 45//45 55//55 54//54
f 50//50 49//49 52//52
f 49//49 58//58 59//59
f 49//49 59//59 52//52
f 53//53 56//56 55//55
f 52//52 59//59 51//51
f 54//54 55//55 57//57
f 55//55 56//56 57//57
f 53//53 51//51 56//56
f 49//49 61//61 58//58
f 49//49 54//54 61//61
f 54//54 57//57 61//61
f 59//59 63//63 51//51
f 58//58 61//61 64//64
f 56//56 51//51 60//60
f 51//51 62//62 60//60
f 51//51 63//63 62//62
f 59//59 58//58 63//63
f 58//58 64//64 63//63
f 56//56 65//65 57//57
f 57//57 67//67 61//61
f 57//57 65//65 67//67
f 56//56 60//60 65//65
f 63//63 66//66 62//62
f 63//63 64//64 66//66
f 61//61 70//70 64//64
f 61//61 67//67 70//70
f 60//60 71//71 65//65
f 60//60 62//62 71//71
f 62//62 72//72 71//71
f 62//62 66//66 72//72
f 66//66 68//68 72//72
f 64//64 69//69 66//66
f 64//64 70//70 69//69
f 65//65 73//73 67//67
f 65//65 71//71 73//73
f 66//66 69//69 68//68
f 67//67 73//73 70//70
f 69//69 70//70 74//74
f 70//70 73//73 74//74
f 68//68 69//69 80//80
f 73//73 77//77 74//74
f 72//72 68//68 75//75
f 68//68 80//80 75//75
f 69//69 76//76 80//80
f 69//69 74//74 76//76
f 73//73 71//71 77//77
f 71//71 78//78 77//77
f 71//71 72//72 78//78
f 72//72 75//75 78//78
f 80//80 76//76 84//84
f 74//74 77//77 79//79
f 76//76 79//79 84//84
f 76//76 74//74 79//79
f 78//78 75//75 87//87
f 75//75 80//80 81//81
f 79//79 83//83 84//84
f 77//77 86//86 79//79
f 77//77 78//78 86//86
f 78//78 87//87 86//86
f 79//79 82//82 83//83
f 79//79 85//85 82//82
f 79//79 86//86 85//85
f 80//80 84//84 81//81
f 75//75 81//81 87//87
f 84//84 83//83 90//90
f 86//86 88//88 85//85
f 86//86 87//87 88//88
f 84//84 90//90 81//81
f 83//83 89//89 90//90
f 83//83 82//82 89//89
f 81//81 93//93 91//91
f 81//81 90//90 93//93
f 87//87 81//81 88//88
f 81//81 91//91 88//88
f 82//82 96//96 89//89
f 82//82 85//85 96//96
f 85//85 92//92 96//96
f 85//85 88//88 92//92
f 89//89 95//95 90//90
f 89//89 96//96 95//95
f 88//88 91//91 97//97
f 90//90 94//94 93//93
f 90//90 95//95 94//94
f 88//88 97//97 92//92
f 96//96 92//92 101//101
f 92//92 102//102 101//101
f 92//92 97//97 102//102
f 91//91 103//103 97//97
f 91//91 98//98 103//103
f 91//91 93//93 98//98
f 93//93 94//94 98//98
f 94//94 95//95 100//100
f 95//95 96//96 100//100
f 96//96 101//101 100//100
f 94//94 99//99 98//98
f 94//94 100//100 99//99
f 97//97 103//103 102//102
f 99//99 100//100 104//104
f 102//102 106//106 101//101
f 102//102 103//103 106//106
f 98//98 107//107 103//103
f 98//98 99//99 107//107
f 99//99 104//104 107//107
f 100//100 105//105 104//104
f 100//100 101//101 105//105
f 101//101 108//108 105//105
f 101//101 106//106 108//108
f 104//104 105//105 110//110
f 103//103 109//109 106//106
f 103//103 107//107 109//109
f 107//107 115//115 109//109
f 104//104 110//110 107//107
f 105//105 111//111 110//110
f 105//105 108//108 111//111
f 106//106 112//112 108//108
f 106//106 109//109 112//112
f 109//109 113//113 112//112
f 109//109 116//116 113//113
f 109//109 115//115 116//116
f 108//108 112//112 111//111
f 107//107 110//110 115//115
f 110//110 111//111 114//114
f 110//110 114//114 115//115
f 112//112 113//113 119//119
f 114//114 118//118 117//117
f 114//114 111//111 118//118
f 111//111 112//112 118//118
f 114//114 117//117 115//115
f 115//115 117//117 120//120
f 118//118 112//112 125//125
f 112//112 119//119 125//125
f 113//113 122//122 119//119
f 113//113 116//116 122//122
f 116//116 115//115 122//122
f 115//115 120//120 122//122
f 117//117 121//121 124//124
f 117//117 118//118 121//121
f 118//118 125//125 121//121
f 117//117 124//124 120//120
f 122//122 120//120 123//123
f 120//120 124//124 123//123
f 119//119 122//122 127//127
f 122//122 123//123 127//127
f 124//124 121//121 128//128
f 121//121 126//126 128//128
f 121//121 125//125 126//126
f 119//119 127//127 131//131
f 119//119 131//131 125//125
f 125//125 130//130 126//126
f 125//125 131//131 130//130
f 124//124 128//128 123//123
f 126//126 130//130 129//129
f 128//128 132//132 123//123
f 128//128 126//126 132//132
f 126//126 129//129 132//132
f 127//127 134//134 131//131
f 127//127 135//135 134//134
f 127//127 123//123 135//135
f 130//130 142//142 129//129
f 130//130 131//131 142//142
f 129//129 142//142 133//133
f 131//131 137//137 142//142
f 131//131 134//134 137//137
f 132//132 136//136 123//123
f 132//132 129//129 133//133
f 134//134 135//135 138//138
f 123//123 136//136 135//135
f 132//132 133//133 136//136
f 134//134 138//138 137//137
f 133//133 140//140 136//136
f 135//135 136//136 139//139
f 136//136 140//140 139//139
f 138//138 135//135 144//144
f 135//135 139//139 144//144
f 138//138 148//148 137//137
f 138//138 144//144 148//148
f 140//140 133//133 141//141
f 133//133 142//142 141//141
f 137//137 148//148 142//142
f 142//142 145//145 141//141
f 142//142 148//148 145//145
f 140//140 141//141 149//149
f 141//141 143//143 149//149
f 140//140 149//149 139//139
f 139//139 146//146 144//144
f 139//139 149//149 146//146
f 144//144 147//147 148//148
f 144//144 146//146 147//147
f 149//149 143//143 151//151
f 143//143 150//150 151//151
f 143//143 141//141 150//150
f 141//141 145//145 150//150
f 148//148 153//153 145//145
f 148//148 147//147 153//153
f 149//149 151//151 146//146
f 145//145 157//157 150//150
f 145//145 153//153 157//157
f 147//147 146//146 154//154
f 146//146 155//155 154//154
f 146//146 151//151 155//155
f 150//150 152//152 151//151
f 150//150 157//157 152//152
f 147//147 154//154 153//153
f 151//151 152//152 158//158
f 155//155 156//156 154//154
f 155//155 158//158 156//156
f 155//155 151//151 158//158
f 153//153 161//161 157//157
f 158//158 152//152 159//159
f 161//161 153//153 162//162
f 158//158 159//159 156//156
f 157//157 163//163 152//152
f 157//157 161//161 163//163
f 153//153 154//154 162//162
f 154//154 164//164 162//162
f 154//154 156//156 164//164
f 156//156 167//167 164//164
f 156//156 159//159 167//167
f 152//152 160//160 159//159
f 152//152 163//163 160//160
f 161//161 165//165 163//163
f 161//161 162//162 165//165
f 164//164 167//167 166//166
f 159//159 160//160 168//168
f 160//160 169//169 168//168
f 160//160 163//163 169//169
f 163//163 170//170 169//169
f 162//162 164//164 165//165
f 159//159 168//168 167//167
f 165//165 164//164 172//172
f 167//167 171//171 166//166
f 167//167 168//168 171//171
f 163//163 165//165 170//170
f 165//165 173//173 170//170
f 165//165 172//172 173//173
f 164//164 166//166 172//172
f 168//168 169//169 171//171
f 171//171 169//169 178//178
f 166//166 174//174 172//172
f 166//166 180//180 174//174
f 166//166 171//171 180//180
f 171//171 178//178 180//180
f 169//169 175//175 178//178
f 169//169 170//170 175//175
f 170//170 176//176 175//175
f 173//173 183//183 170//170
f 172//172 177//177 173//173
f 172//172 174//174 177//177
f 173//173 177//177 183//183
f 178//178 175//175 179//179
f 170//170 183//183 176//176
f 178//178 179//179 180//180
f 176//176 182//182 175//175
f 175//175 181//181 179//179
f 175//175 182//182 181//181
f 180//180 188//188 174//174
f 179//179 181//181 186//186
f 183//183 177//177 184//184
f 177//177 174//174 184//184
f 174//174 187//187 184//184
f 174//174 188//188 187//187
f 180//180 186//186 188//188
f 180//180 179//179 186//186
f 176//176 183//183 182//182
f 183//183 185//185 182//182
f 183//183 184//184 185//185
f 186//186 181//181 190//190
f 187//187 188//188 193//193
f 186//186 189//189 188//188
f 186//186 190//190 189//189
f 181//181 195//195 190//190
f 181//181 182//182 195//195
f 182//182 191//191 195//195
f 182//182 185//185 191//191
f 187//187 192//192 184//184
f 187//187 193//193 192//192
f 184//184 192//192 185//185
f 188//188 196//196 193//193
f 188//188 189//189 196//196
f 190//190 194//194 189//189
f 190//190 195//195 194//194
f 185//185 197//197 191//191
f 185//185 192//192 197//197
f 189//189 198//198 196//196
f 189//189 194//194 198//198
f 194//194 199//199 198//198
f 194//194 195//195 199//199
f 195//195 191//191 199//199
f 191//191 204//204 199//199
f 191//191 197//197 204//204
f 198//198 199//199 202//202
f 193//193 200//200 192//192
f 193//193 196//196 200//200
f 196//196 201//201 200//200
f 196//196 198//198 201//201
f 198//198 202//202 201//201
f 192//192 200//200 197//197
f 199//199 203//203 202//202
f 199//199 204//204 203//203
f 202//202 203//203 207//207
f 197//197 206//206 204//204
f 200//200 201//201 209//209
f 197//197 200//200 206//206
f 201//201 202//202 207//207
f 207//207 203//203 205//205
f 204//204 218//218 203//203
f 200//200 209//209 206//206
f 201//201 211//211 209//209
f 201//201 207//207 211//211
f 207//207 208//208 211//211
f 207//207 205//205 208//208
f 204//204 210//210 218//218
f 204//204 206//206 210//210
f 203//203 212//212 205//205
f 203//203 218//218 212//212
f 206//206 209//209 217//217
f 205//205 212//212 208//208
f 209//209 211//211 217//217
f 208//208 213//213 211//211
f 208//208 212//212 213//213
f 206//206 217//217 210//210
f 212//212 215//215 214//214
f 212//212 218//218 215//215
f 210//210 216//216 218//218
f 210//210 219//219 216//216
f 210//210 217//217 219//219
f 211//211 221//221 217//217
f 211//211 213//213 221//221
f 212//212 214//214 213//213
f 217//217 221//221 220//220
f 213//213 227//227 221//221
f 213//213 214//214 227//227
f 215//215 218//218 225//225
f 218//218 216//216 225//225
f 217//217 220//220 219//219
f 219//219 220//220 222//222
f 214//214 215//215 224//224
f 220//220 223//223 222//222
f 220//220 221//221 223//223
f 221//221 227//227 231//231
f 214//214 224//224 227//227
f 215//215 225//225 224//224
f 219//219 226//226 216//216
f 219//219 222//222 226//226
f 221//221 231//231 223//223
f 222//222 223//223 232//232
f 227//227 229//229 231//231
f 227//227 224//224 229//229
f 225//225 228//228 224//224
f 225//225 216//216 228//228
f 216//216 226//226 228//228
f 224//224 228//228 229//229
f 222//222 230//230 226//226
f 222//222 232//232 230//230
f 229//229 228//228 237//237
f 229//229 237//237 231//231
f 228//228 235//235 237//237
f 228//228 226//226 235//235
f 223//223 233//233 232//232
f 223//223 231//231 233//233
f 231//231 237//237 233//233
f 226//226 236//236 235//235
f 226//226 230//230 236//236
f 232//232 234//234 230//230
f 232//232 233//233 234//234
f 230//230 241//241 236//236
f 230//230 234//234 241//241
f 237//237 235//235 238//238
f 237//237 238//238 233//233
f 233//233 240//240 234//234
f 233//233 238//238 240//240
f 235//235 239//239 238//238
f 235//235 236//236 239//239
f 236//236 244//244 239//239
f 238//238 239//239 242//242
f 236//236 243//243 244//244
f 236//236 241//241 243//243
f 234//234 240//240 248//248
f 238//238 242//242 240//240
f 234//234 247//247 241//241
f 234//234 248//248 247//247
f 239//239 244//244 242//242
f 241//241 247//247 243//243
f 243//243 247//247 245//245
f 240//240 242//242 248//248
f 242//242 244//244 246//246
f 244//244 243//243 249//249
f 247//247 248//248 251//251
f 242//242 246//246 248//248
f 244//244 249//249 246//246
f 243//243 245//245 249//249
f 248//248 250//250 251//251
f 248//248 246//246 250//250
f 247//247 251//251 245//245
f 246//246 249//249 252//252
f 246//246 256//256 250//250
f 246//246 252//252 256//256
f 249//249 253//253 252//252
f 249//249 258//258 253//253
f 249//249 245//245 258//258
f 245//245 251//251 258//258
f 251//251 250//250 255//255
f 250//250 263//263 255//255
f 250//250 256//256 263//263
f 252//252 253//253 254//254
f 251//251 255//255 258//258
f 256//256 257//257 263//263
f 256//256 254//254 257//257
f 256//256 252//252 254//254
f 254//254 253//253 259//259
f 253//253 260//260 259//259
f 253//253 261//261 260//260
f 253//253 258//258 261//261
f 258//258 255//255 261//261
f 254//254 259//259 257//257
f 263//263 257//257 264//264
f 257//257 268//268 264//264
f 257//257 259//259 268//268
f 259//259 260//260 262//262
f 255//255 267//267 261//261
f 255//255 263//263 267//267
f 259//259 262//262 268//268
f 268//268 271//271 264//264
f 261//261 267//267 265//265
f 263//263 270//270 267//267
f 263//263 264//264 270//270
f 262//262 266//266 269//269
f 262//262 260//260 266//266
f 260//260 261//261 266//266
f 261//261 265//265 266//266
f 262//262 269//269 268//268
f 268//268 269//269 271//271
f 267//267 273//273 265//265
f 267//267 270//270 273//273
f 264//264 271//271 270//270
f 269//269 266//266 274//274
f 266//266 275//275 274//274
f 266//266 265//265 275//275
f 270//270 271//271 272//272
f 271//271 269//269 272//272
f 269//269 274//274 272//272
f 270//270 272//272 273//273
f 265//265 280//280 275//275
f 274//274 275//275 276//276
f 265//265 273//273 280//280
f 274//274 278//278 272//272
f 274//274 276//276 278//278
f 275//275 280//280 277//277
f 273//273 272//272 279//279
f 276//276 284//284 285//285
f 276//276 275//275 284//284
f 275//275 277//277 284//284
f 273//273 279//279 280//280
f 276//276 285//285 278//278
f 272//272 281//281 279//279
f 272//272 278//278 281//281
f 278//278 285//285 281//281
f 279//279 281//281 282//282
f 285//285 284//284 283//283
f 280//280 288//288 277//277
f 280//280 279//279 288//288
f 285//285 283//283 281//281
f 277//277 287//287 284//284
f 277//277 288//288 287//287
f 281//281 290//290 282//282
f 281//281 283//283 290//290
f 283//283 284//284 286//286
f 284//284 287//287 286//286
f 279//279 282//282 288//288
f 283//283 292//292 290//290
f 283//283 286//286 292//292
f 282//282 289//289 288//288
f 282//282 290//290 289//289
f 286//286 287//287 291//291
f 287//287 296//296 291//291
f 287//287 293//293 296//296
f 287//287 288//288 293//293
f 286//286 291//291 292//292
f 288//288 289//289 293//293
f 290//290 292//292 297//297
f 292//292 294//294 297//297
f 292//292 291//291 294//294
f 290//290 297//297 289//289
f 291//291 295//295 294//294
f 291//291 296//296 295//295
f 289//289 298//298 293//293
f 294//294 301//301 297//297
f 293//293 300//300 296//296
f 293//293 298//298 300//300
f 289//289 297//297 298//298
f 295//295 296//296 299//299
f 296//296 300//300 299//299
f 294//294 295//295 301//301
f 295//295 299//299 302//302
f 300//300 307//307 299//299
f 298//298 305//305 300//300
f 297//297 301//301 306//306
f 301//301 302//302 306//306
f 295//295 302//302 301//301
f 299//299 307//307 304//304
f 297//297 306//306 298//298
f 299//299 303//303 302//302
f 299//299 304//304 303//303
f 300//300 305//305 307//307
f 298//298 306//306 305//305
f 306//306 313//313 305//305
f 302//302 309//309 306//306
f 302//302 303//303 309//309
f 303//303 304//304 312//312
f 303//303 312//312 309//309
f 307//307 310//310 304//304
f 307//307 314//314 310//310
f 307//307 305//305 314//314
f 305//305 308//308 314//314
f 305//305 313//313 308//308
f 306//306 309//309 313//313
f 309//309 312//312 311//311
f 304//304 310//310 312//312
f 313//313 309//309 315//315
f 309//309 311//311 315//315
f 308//308 313//313 318//318
f 313//313 315//315 318//318
f 311//311 312//312 316//316
f 312//312 317//317 316//316
f 312//312 310//310 317//317
f 308//308 319//319 314//314
f 308//308 318//318 319//319
f 314//314 319//319 310//310
f 311//311 316//316 320//320
f 318//318 315//315 328//328
f 311//311 320//320 315//315
f 310//310 322//322 317//317
f 310//310 319//319 322//322
f 319//319 318//318 322//322
f 316//316 321//321 320//320
f 316//316 317//317 321//321
f 317//317 323//323 321//321
f 315//315 320//320 328//328
f 320//320 331//331 328//328
f 320//320 324//324 331//331
f 320//320 321//321 324//324
f 318//318 327//327 322//322
f 318//318 328//328 327//327
f 322//322 327//327 326//326
f 321//321 325//325 324//324
f 321//321 323//323 325//325
f 317//317 322//322 323//323
f 322//322 326//326 323//323
f 328//328 331//331 330//330
f 324//324 325//325 331//331
f 327//327 329//329 326//326
f 327//327 328//328 329//329
f 328//328 330//330 329//329
f 325//325 332//332 331//331
f 325//325 323//323 332//332
f 326//326 333//333 323//323
f 326//326 329//329 333//333
f 329//329 330//330 335//335
f 331//331 332//332 330//330
f 323//323 334//334 332//332
f 323//323 333//333 334//334
f 332//332 334//334 336//336
f 330//330 337//337 335//335
f 330//330 332//332 337//337
f 332//332 336//336 337//337
f 329//329 335//335 333//333
f 334//334 333//333 338//338
f 333//333 339//339 338//338
f 333//333 335//335 339//339
f 337//337 340//340 335//335
f 337//337 341//341 340//340
f 336//336 338//338 341//341
f 336//336 334//334 338//338
f 335//335 340//340 344//344
f 337//337 336//336 341//341
f 335//335 344//344 339//339
f 341//341 338//338 342//342
f 338//338 343//343 342//342
f 338//338 339//339 343//343
f 341//341 346//346 340//340
f 344//344 347//347 339//339
f 339//339 347//347 343//343
f 340//340 345//345 344//344
f 340//340 346//346 345//345
f 341//341 342//342 346//346
f 344//344 345//345 347//347
f 342//342 349//349 346//346
f 343//343 347//347 351//351
f 346//346 348//348 345//345
f 346//346 349//349 348//348
f 342//342 350//350 349//349
f 342//342 343//343 350//350
f 343//343 351//351 350//350
f 345//345 348//348 355//355
f 350//350 353//353 349//349
f 347//347 345//345 352//352
f 345//345 355//355 352//352
f 348//348 349//349 354//354
f 347//347 352//352 351//351
f 349//349 353//353 354//354
f 348//348 354//354 355//355
f 351//351 352//352 357//357
f 354//354 353//353 356//356
f 351//351 357//357 350//350
f 352//352 360//360 362//362
f 352//352 355//355 360//360
f 354//354 356//356 355//355
f 353//353 350//350 364//364
f 350//350 357//357 364//364
f 352//352 362//362 357//357
f 355//355 361//361 360//360
f 355//355 356//356 361//361
f 356//356 353//353 358//358
f 353//353 364//364 358//358
f 357//357 362//362 359//359
f 362//362 360//360 366//366
f 356//356 358//358 361//361
f 357//357 359//359 364//364
f 361//361 365//365 360//360
f 358//358 367//367 361//361
f 358//358 364//364 367//367
f 359//359 362//362 363//363
f 362//362 366//366 363//363
f 360//360 365//365 373//373
f 361//361 367//367 365//365
f 364//364 371//371 367//367
f 360//360 373//373 366//366
f 363//363 368//368 359//359
f 367//367 371//371 370//370
f 359//359 368//368 364//364
f 363//363 369//369 368//368
f 363//363 366//366 369//369
f 365//365 370//370 373//373
f 365//365 367//367 370//370
f 364//364 368//368 371//371
f 366//366 373//373 369//369
f 371//371 374//374 370//370
f 368//368 369//369 372//372
f 373//373 378//378 369//369
f 371//371 368//368 377//377
f 368//368 372//372 377//377
f 369//369 376//376 372//372
f 370//370 375//375 373//373
f 370//370 374//374 375//375
f 371//371 377//377 374//374
f 369//369 378//378 376//376
f 373//373 375//375 378//378
f 372//372 381//381 377//377
f 372//372 376//376 381//381
f 375//375 383//383 378//378
f 375//375 374//374 380//380
f 374//374 379//379 380//380
f 374//374 377//377 379//379
f 375//375 380//380 383//383
f 377//377 381//381 379//379
f 381//381 376//376 382//382
f 379//379 385//385 380//380
f 376//376 386//386 382//382
f 376//376 378//378 386//386
f 378//378 383//383 386//386
f 380//380 385//385 387//387
f 382//382 386//386 384//384
f 380//380 387//387 383//383
f 379//379 390//390 385//385
f 379//379 381//381 390//390
f 381//381 382//382 390//390
f 383//383 387//387 386//386
f 385//385 388//388 387//387
f 385//385 390//390 388//388
f 382//382 384//384 390//390
f 386//386 387//387 395//395
f 384//384 386//386 389//389
f 386//386 395//395 389//389
f 387//387 391//391 395//395
f 387//387 388//388 391//391
f 384//384 396//396 390//390
f 384//384 389//389 396//396
f 388//388 392//392 391//391
f 388//388 390//390 392//392
f 389//389 394//394 396//396
f 389//389 395//395 394//394
f 391//391 393//393 395//395
f 391//391 392//392 393//393
f 390//390 403//403 392//392
f 390//390 396//396 403//403
f 395//395 397//397 394//394
f 395//395 393//393 397//397
f 392//392 402//402 393//393
f 392//392 403//403 402//402
f 394//394 398//398 396//396
f 394//394 397//397 398//398
f 393//393 399//399 397//397
f 393//393 402//402 400//400
f 393//393 400//400 399//399
f 396//396 401//401 403//403
f 396//396 398//398 401//401
f 398//398 409//409 401//401
f 403//403 404//404 402//402
f 403//403 407//407 404//404
f 403//403 401//401 407//407
f 399//399 413//413 397//397
f 399//399 406//406 413//413
f 399//399 400//400 406//406
f 400//400 408//408 406//406
f 400//400 404//404 408//408
f 400//400 402//402 404//404
f 398//398 405//405 409//409
f 398//398 397//397 405//405
f 397//397 413//413 405//405
f 401//401 409//409 407//407
f 406//406 408//408 414//414
f 404//404 410//410 408//408
f 404//404 407//407 410//410
f 405//405 412//412 409//409
f 405//405 413//413 412//412
f 406//406 414//414 413//413
f 408//408 410//410 411//411
f 409//409 417//417 407//407
f 409//409 412//412 417//417
f 408//408 411//411 414//414
f 407//407 421//421 410//410
f 407//407 417//417 421//421
f 413//413 418//418 412//412
f 413//413 414//414 418//418
f 410//410 415//415 411//411
f 410//410 421//421 415//415
f 412//412 416//416 417//417
f 412//412 418//418 416//416
f 414//414 422//422 418//418
f 414//414 411//411 422//422
f 411//411 415//415 422//422
f 417//417 419//419 421//421
f 417//417 416//416 419//419
f 415//415 420//420 422//422
f 418//418 423//423 416//416
f 421//421 419//419 426//426
f 419//419 416//416 425//425
f 421//421 426//426 415//415
f 418//418 422//422 423//423
f 422//422 420//420 423//423
f 420//420 415//415 424//424
f 415//415 426//426 424//424
f 416//416 431//431 425//425
f 416//416 423//423 431//431
f 420//420 424//424 427//427
f 419//419 425//425 426//426
f 420//420 427//427 423//423
f 424//424 428//428 427//427
f 426//426 429//429 424//424
f 423//423 436//436 431//431
f 423//423 427//427 436//436
f 426//426 430//430 429//429
f 426//426 425//425 430//430
f 425//425 431//431 430//430
f 427//427 428//428 432//432
f 424//424 429//429 428//428
f 430//430 431//431 434//434
f 431//431 436//436 434//434
f 436//436 427//427 432//432
f 432//432 428//428 433//433
f 430//430 441//441 429//429
f 430//430 434//434 441//441
f 428//428 435//435 433//433
f 428//428 429//429 435//435
f 432//432 433//433 436//436
f 434//434 436//436 439//439
f 429//429 437//437 435//435
f 429//429 441//441 437//437
f 436//436 442//442 439//439
f 436//436 433//433 442//442
f 433//433 440//440 442//442
f 433//433 435//435 440//440
f 435//435 438//438 440//440
f 435//435 437//437 438//438
f 434//434 439//439 441//441
f 441//441 444//444 437//437
f 441//441 439//439 444//444
f 440//440 443//443 442//442
f 437//437 444//444 452//452
f 439//439 446//446 444//444
f 439//439 442//442 446//446
f 440//440 438//438 443//443
f 437//437 445//445 438//438
f 437//437 452//452 445//445
f 442//442 451//451 446//446
f 442//442 443//443 451//451
f 443//443 448//448 451//451
f 438//438 445//445 443//443
f 444//444 446//446 450//450
f 443//443 445//445 447//447
f 444//444 450//450 452//452
f 443//443 447//447 448//448
f 445//445 449//449 447//447
f 445//445 452//452 449//449
f 446//446 451//451 450//450
f 450//450 458//458 452//452
f 451//451 448//448 460//460
f 448//448 454//454 460//460
f 448//448 447//447 454//454
f 447//447 453//453 454//454
f 447//447 449//449 453//453
f 452//452 458//458 449//449
f 450//450 459//459 458//458
f 450//450 451//451 459//459
f 451//451 460//460 459//459
f 454//454 453//453 455//455
f 453//453 456//456 455//455
f 453//453 449//449 456//456
f 449//449 457//457 456//456
f 449//449 458//458 457//457
f 454//454 455//455 460//460
f 455//455 463//463 460//460
f 458//458 464//464 457//457
f 458//458 465//465 464//464
f 458//458 459//459 465//465
f 460//460 462//462 459//459
f 460//460 463//463 462//462
f 455//455 461//461 463//463
f 455//455 456//456 461//461
f 456//456 457//457 461//461
f 459//459 462//462 465//465
f 463//463 461//461 469//469
f 462//462 471//471 468//468
f 462//462 463//463 471//471
f 463//463 469//469 471//471
f 464//464 465//465 466//466
f 465//465 467//467 466//466
f 465//465 462//462 467//467
f 462//462 468//468 467//467
f 469//469 461//461 474//474
f 457//457 470//470 461//461
f 457//457 464//464 470//470
f 464//464 466//466 470//470
f 461//461 470//470 474//474
f 471//471 469//469 473//473
f 469//469 474//474 473//473
f 466//466 467//467 472//472
f 470//470 475//475 474//474
f 470//470 476//476 475//475
f 467//467 468//468 472//472
f 471//471 473//473 468//468
f 473//473 474//474 480//480
f 468//468 481//481 472//472
f 468//468 473//473 481//481
f 474//474 475//475 480//480
f 470//470 466//466 476//476
f 466//466 478//478 476//476
f 466//466 472//472 478//478
f 472//472 479//479 478//478
f 473//473 484//484 481//481
f 473//473 480//480 484//484
f 476//476 482//482 475//475
f 472//472 481//481 479//479
f 475//475 482//482 477//477
f 475//475 477//477 480//480
f 476//476 478//478 482//482
f 478//478 483//483 482//482
f 478//478 479//479 483//483
f 480//480 477//477 484//484
f 477//477 482//482 485//485
f 482//482 488//488 485//485
f 482//482 483//483 488//488
f 479//479 489//489 483//483
f 479//479 481//481 489//489
f 477//477 486//486 484//484
f 477//477 485//485 486//486
f 481//481 487//487 489//489
f 481//481 484//484 487//487
f 485//485 490//490 486//486
f 485//485 488//488 490//490
f 489//489 497//497 483//483
f 489//489 487//487 497//497
f 483//483 496//496 488//488
f 483//483 497//497 496//496
f 487//487 491//491 497//497
f 484//484 492//492 487//487
f 484//484 486//486 492//492
f 486//486 493//493 492//492
f 486//486 490//490 493//493
f 490//490 494//494 493//493
f 490//490 488//488 494//494
f 488//488 496//496 494//494
f 487//487 492//492 491//491
f 496//496 501//501 494//494
f 491//491 495//495 497//497
f 491//491 492//492 495//495
f 493//493 498//498 492//492
f 493//493 494//494 498//498
f 494//494 499//499 498//498
f 494//494 501//501 499//499
f 497//497 500//500 496//496
f 497//497 495//495 500//500
f 496//496 502//502 501//501
f 496//496 500//500 502//502
f 492//492 503//503 495//495
f 492//492 498//498 503//503
f 501//501 504//504 499//499
f 495//495 503//503 505//505
f 501//501 502//502 504//504
f 499//499 506//506 498//498
f 499//499 504//504 506//506
f 495//495 505//505 500//500
f 498//498 506//506 503//503
f 506//506 504//504 508//508
f 500//500 507//507 502//502
f 500//500 505//505 507//507
f 506//506 508//508 503//503
f 504//504 509//509 508//508
f 504//504 502//502 509//509
f 502//502 507//507 510//510
f 505//505 511//511 507//507
f 503//503 516//516 505//505
f 503//503 508//508 516//516
f 505//505 516//516 511//511
f 508//508 509//509 513//513
f 502//502 510//510 509//509
f 507//507 514//514 510//510
f 507//507 511//511 514//514
f 509//509 512//512 513//513
f 509//509 510//510 512//512
f 511//511 515//515 514//514
f 511//511 516//516 515//515
f 508//508 513//513 516//516
f 514//514 520//520 510//510
f 514//514 515//515 520//520
f 513//513 512//512 519//519
f 510//510 522//522 512//512
f 510//510 520//520 522//522
f 516//516 521//521 515//515
f 516//516 513//513 521//521
f 513//513 519//519 521//521
f 512//512 517//517 519//519
f 512//512 522//522 517//517
f 515//515 518//518 520//520
f 515//515 521//521 518//518
f 520//520 524//524 522//522
f 520//520 518//518 524//524
f 517//517 522//522 526//526
f 522//522 524//524 523//523
f 524//524 518//518 528//528
f 519//519 525//525 521//521
f 519//519 517//517 525//525
f 522//522 523//523 526//526
f 523//523 524//524 530//530
f 521//521 525//525 518//518
f 517//517 526//526 525//525
f 518//518 527//527 528//528
f 518//518 525//525 527//527
f 524//524 528//528 530//530
f 525//525 526//526 533//533
f 526//526 529//529 533//533
f 526//526 523//523 529//529
f 527//527 531//531 528//528
f 527//527 532//532 531//531
f 527//527 525//525 532//532
f 525//525 533//533 532//532
f 528//528 531//531 530//530
f 533//533 529//529 535//535
f 523//523 534//534 529//529
f 523//523 530//530 534//534
f 530//530 536//536 534//534
f 530//530 531//531 536//536
f 532//532 533//533 538//538
f 529//529 534//534 535//535
f 531//531 537//537 536//536
f 531//531 532//532 537//537
f 535//535 538//538 533//533
f 535//535 541//541 538//538
f 535//535 534//534 541//541
f 534//534 539//539 541//541
f 534//534 536//536 539//539
f 536//536 537//537 539//539
f 532//532 540//540 537//537
f 532//532 538//538 540//540
f 538//538 544//544 540//540
f 538//538 541//541 544//544
f 539//539 542//542 541//541
f 541//541 542//542 545//545
f 537//537 543//543 539//539
f 537//537 540//540 543//543
f 541//541 545//545 544//544
f 539//539 546//546 542//542
f 539//539 543//543 546//546
f 540//540 544//544 543//543
f 544//544 545//545 555//555
f 543//543 550//550 546//546
f 543//543 551//551 550//550
f 545//545 542//542 549//549
f 545//545 549//549 555//555
f 542//542 547//547 549//549
f 542//542 546//546 547//547
f 543//543 548//548 551//551
f 543//543 544//544 548//548
f 544//544 555//555 548//548
f 549//549 552//552 555//555
f 550//550 553//553 546//546
f 550//550 551//551 553//553
f 548//548 554//554 551//551
f 548//548 555//555 554//554
f 551//551 558//558 553//553
f 551//551 554//554 558//558
f 549//549 547//547 552//552
f 546//546 553//553 547//547
f 555//555 552//552 556//556
f 547//547 557//557 552//552
f 547//547 553//553 557//557
f 555//555 556//556 554//554
f 552//552 557//557 559//559
f 558//558 554//554 563//563
f 552//552 559//559 556//556
f 557//557 560//560 559//559
f 557//557 553//553 560//560
f 553//553 561//561 560//560
f 553//553 558//558 561//561
f 554//554 556//556 563//563
f 556//556 562//562 563//563
f 556//556 559//559 562//562
f 558//558 563//563 564//564
f 559//559 560//560 565//565
f 558//558 564//564 561//561
f 560//560 561//561 567//567
f 563//563 569//569 564//564
f 560//560 566//566 565//565
f 560//560 567//567 566//566
f 559//559 565//565 562//562
f 561//561 568//568 567//567
f 561//561 564//564 568//568
f 564//564 569//569 568//568
f 563//563 570//570 569//569
f 563//563 562//562 570//570
f 562//562 565//565 570//570
f 565//565 566//566 572//572
f 569//569 570//570 575//575
f 565//565 572//572 570//570
f 566//566 571//571 572//572
f 566//566 567//567 571//571
f 567//567 568//568 571//571
f 575//575 577//577 569//569
f 569//569 577//577 568//568
f 572//572 571//571 573//573
f 572//572 573//573 570//570
f 571//571 574//574 573//573
f 568//568 576//576 571//571
f 568//568 577//577 576//576
f 570//570 578//578 575//575
f 570//570 573//573 578//578
f 571//571 576//576 574//574
f 577//577 581//581 576//576
f 577//577 579//579 581//581
f 577//577 575//575 579//579
f 575//575 584//584 579//579
f 575//575 578//578 584//584
f 573//573 574//574 580//580
f 573//573 580//580 578//578
f 574//574 582//582 580//580
f 574//574 576//576 582//582
f 576//576 583//583 582//582
f 576//576 581//581 583//583
f 578//578 580//580 584//584
f 579//579 587//587 581//581
f 579//579 584//584 587//587
f 580//580 582//582 588//588
f 581//581 589//589 583//583
f 581//581 587//587 589//589
f 584//584 580//580 585//585
f 580//580 588//588 585//585
f 582//582 586//586 588//588
f 582//582 583//583 586//586
f 583//583 590//590 586//586
f 584//584 585//585 587//587
f 587//587 592//592 589//589
f 583//583 589//589 590//590
f 589//589 591//591 590//590
f 587//587 585//585 592//592
f 588//588 586//586 595//595
f 589//589 594//594 591//591
f 589//589 592//592 594//594
f 588//588 595//595 585//585
f 585//585 599//599 592//592
f 586//586 593//593 595//595
f 586//586 590//590 593//593
f 590//590 591//591 593//593
f 592//592 599//599 594//594
f 585//585 595//595 599//599
f 595//595 593//593 597//597
f 594//594 596//596 591//591
f 594//594 599//599 596//596
f 595//595 597//597 599//599
f 593//593 600//600 597//597
f 593//593 591//591 600//600
f 591//591 596//596 598//598
f 599//599 602//602 596//596
f 597//597 600//600 601//601
f 591//591 598//598 600//600
f 599//599 606//606 602//602
f 599//599 597//597 606//606
f 600//600 598//598 601//601
f 597//597 601//601 606//606
f 596//596 603//603 598//598
f 596//596 602//602 603//603
f 598//598 603//603 604//604
f 601//601 605//605 606//606
f 601//601 598//598 605//605
f 598//598 604//604 605//605
f 606//606 605//605 607//607
f 606//606 609//609 602//602
f 606//606 607//607 609//609
f 605//605 608//608 607//607
f 605//605 604//604 608//608
f 602//602 612//612 603//603
f 602//602 609//609 612//612
f 607//607 608//608 610//610
f 603//603 612//612 615//615
f 607//607 610//610 609//609
f 603//603 615//615 604//604
f 609//609 610//610 616//616
f 610//610 608//608 611//611
f 609//609 616//616 612//612
f 608//608 614//614 611//611
f 608//608 604//604 614//614
f 615//615 612//612 618//618
f 612//612 613//613 618//618
f 612//612 616//616 613//613
f 604//604 615//615 614//614
f 610//610 611//611 616//616
f 614//614 617//617 611//611
f 613//613 616//616 619//619
f 611//611 617//617 621//621
f 615//615 628//628 614//614
f 615//615 618//618 628//628
f 616//616 611//611 620//620
f 611//611 621//621 620//620
f 614//614 628//628 617//617
f 613//613 623//623 618//618
f 613//613 619//619 623//623
f 616//616 620//620 619//619
f 617//617 625//625 621//621
f 618//618 623//623 624//624
f 621//621 625//625 622//622
f 617//617 628//628 625//625
f 618//618 624//624 628//628
f 621//621 622//622 620//620
f 625//625 627//627 622//622
f 619//619 626//626 623//623
f 619//619 620//620 626//626
f 620//620 629//629 626//626
f 620//620 622//622 629//629
f 624//624 623//623 631//631
f 623//623 626//626 631//631
f 624//624 630//630 628//628
f 629//629 635//635 626//626
f 625//625 633//633 627//627
f 625//625 628//628 633//633
f 622//622 627//627 629//629
f 628//628 630//630 633//633
f 624//624 638//638 630//630
f 624//624 631//631 638//638
f 627//627 633//633 632//632
f 627//627 632//632 629//629
f 631//631 634//634 638//638
f 631//631 626//626 634//634
f 626//626 635//635 634//634
f 629//629 636//636 635//635
f 629//629 632//632 636//636
f 633//633 637//637 632//632
f 633//633 630//630 637//637
f 630//630 638//638 642//642
f 635//635 639//639 634//634
f 635//635 636//636 639//639
f 632//632 640//640 636//636
f 632//632 637//637 640//640
f 637//637 630//630 646//646
f 630//630 642//642 646//646
f 638//638 634//634 642//642
f 639//639 636//636 643//643
f 636//636 640//640 643//643
f 637//637 641//641 640//640
f 637//637 646//646 641//641
f 640//640 641//641 644//644
f 634//634 645//645 642//642
f 634//634 639//639 645//645
f 643//643 640//640 644//644
f 639//639 649//649 645//645
f 639//639 643//643 649//649
f 646//646 648//648 641//641
f 644//644 641//641 647//647
f 641//641 648//648 647//647
f 646//646 642//642 648//648
f 642//642 652//652 648//648
f 642//642 645//645 652//652
f 645//645 653//653 652//652
f 643//643 650//650 649//649
f 643//643 644//644 650//650
f 644//644 647//647 650//650
f 647//647 651//651 650//650
f 645//645 649//649 653//653
f 647//647 648//648 651//651
f 649//649 650//650 656//656
f 649//649 656//656 653//653
f 651//651 654//654 650//650
f 650//650 654//654 658//658
f 651//651 655//655 654//654
f 651//651 648//648 655//655
f 648//648 652//652 655//655
f 652//652 657//657 655//655
f 652//652 653//653 657//657
f 650//650 658//658 656//656
f 653//653 656//656 660//660
f 653//653 660//660 657//657
f 656//656 658//658 663//663
f 658//658 661//661 663//663
f 654//654 655//655 659//659
f 655//655 667//667 659//659
f 655//655 664//664 667//667
f 655//655 657//657 664//664
f 656//656 663//663 660//660
f 654//654 659//659 658//658
f 660//660 665//665 657//657
f 658//658 659//659 661//661
f 659//659 667//667 662//662
f 657//657 665//665 664//664
f 659//659 662//662 661//661
f 660//660 663//663 665//665
f 665//665 663//663 666//666
f 663//663 661//661 671//671
f 661//661 662//662 671//671
f 664//664 668//668 667//667
f 664//664 669//669 668//668
f 664//664 665//665 669//669
f 665//665 666//666 669//669
f 663//663 671//671 666//666
f 662//662 668//668 670//670
f 662//662 667//667 668//668
f 662//662 670//670 671//671
f 666//666 671//671 674//674
f 668//668 672//672 670//670
f 666//666 673//673 669//669
f 666//666 674//674 673//673
f 671//671 675//675 674//674
f 671//671 670//670 675//675
f 668//668 669//669 672//672
f 669//669 673//673 672//672
f 670//670 672//672 676//676
f 670//670 676//676 675//675
f 672//672 677//677 676//676
f 673//673 680//680 672//672
f 674//674 678//678 673//673
f 674//674 675//675 679//679
f 673//673 678//678 680//680
f 674//674 679//679 678//678
f 675//675 682//682 679//679
f 675//675 676//676 682//682
f 676//676 681//681 682//682
f 676//676 677//677 681//681
f 677//677 683//683 681//681
f 672//672 680//680 677//677
f 678//678 679//679 684//684
f 680//680 678//678 685//685
f 678//678 684//684 685//685
f 679//679 682//682 690//690
f 677//677 680//680 683//683
f 680//680 686//686 683//683
f 680//680 685//685 686//686
f 679//679 690//690 684//684
f 683//683 688//688 681//681
f 682//682 687//687 690//690
f 682//682 681//681 687//687
f 681//681 688//688 687//687
f 684//684 689//689 685//685
f 684//684 690//690 689//689
f 685//685 692//692 686//686
f 685//685 689//689 692//692
f 683//683 694//694 688//688
f 683//683 686//686 694//694
f 686//686 692//692 694//694
f 690//690 695//695 689//689
f 690//690 687//687 695//695
f 687//687 696//696 695//695
f 687//687 691//691 696//696
f 687//687 688//688 691//691
f 688//688 694//694 691//691
f 692//692 693//693 701//701
f 692//692 689//689 693//693
f 696//696 691//691 698//698
f 691//691 700//700 698//698
f 691//691 694//694 700//700
f 692//692 701//701 694//694
f 689//689 695//695 693//693
f 701//701 693//693 699//699
f 694//694 701//701 700//700
f 695//695 697//697 693//693
f 695//695 696//696 697//697
f 696//696 698//698 697//697
f 698//698 700//700 703//703
f 698//698 703//703 697//697
f 693//693 705//705 699//699
f 693//693 697//697 705//705
f 703//703 702//702 704//704
f 703//703 700//700 702//702
f 699//699 706//706 701//701
f 699//699 705//705 706//706
f 700//700 701//701 702//702
f 701//701 706//706 702//702
f 697//697 707//707 705//705
f 697//697 703//703 707//707
f 703//703 704//704 707//707
f 706//706 705//705 709//709
f 704//704 708//708 707//707
f 704//704 716//716 708//708
f 704//704 702//702 716//716
f 702//702 706//706 716//716
f 706//706 712//712 716//716
f 706//706 709//709 712//712
f 705//705 710//710 709//709
f 705//705 707//707 710//710
f 707//707 718//718 710//710
f 707//707 711//711 718//718
f 707//707 708//708 711//711
f 716//716 715//715 708//708
f 711//711 713//713 718//718
f 711//711 708//708 713//713
f 708//708 715//715 714//714
f 708//708 714//714 713//713
f 709//709 717//717 712//712
f 709//709 710//710 717//717
f 712//712 717//717 716//716
f 718//718 713//713 720//720
f 713//713 714//714 720//720
f 710//710 722//722 717//717
f 710//710 718//718 722//722
f 716//716 719//719 715//715
f 716//716 717//717 719//719
f 714//714 724//724 720//720
f 714//714 721//721 724//724
f 714//714 715//715 721//721
f 715//715 719//719 721//721
f 718//718 725//725 722//722
f 718//718 720//720 725//725
f 720//720 724//724 726//726
f 724//724 721//721 727//727
f 717//717 723//723 719//719
f 717//717 722//722 723//723
f 721//721 729//729 727//727
f 721//721 719//719 729//729
f 722//722 725//725 723//723
f 720//720 726//726 725//725
f 724//724 727//727 726//726
f 727//727 729//729 731//731
f 719//719 734//734 729//729
f 719//719 723//723 734//734
f 726//726 727//727 728//728
f 727//727 731//731 728//728
f 725//725 730//730 723//723
f 725//725 726//726 730//730
f 726//726 728//728 730//730
f 723//723 732//732 734//734
f 723//723 730//730 732//732
f 729//729 733//733 731//731
f 729//729 734//734 733//733
f 734//734 732//732 735//735
f 730//730 736//736 732//732
f 728//728 731//731 737//737
f 730//730 728//728 736//736
f 731//731 738//738 737//737
f 731//731 733//733 738//738
f 732//732 741//741 735//735
f 732//732 736//736 741//741
f 728//728 737//737 736//736
f 737//737 738//738 750//750
f 733//733 740//740 738//738
f 733//733 734//734 740//740
f 734//734 745//745 740//740
f 736//736 739//739 741//741
f 736//736 737//737 739//739
f 741//741 742//742 735//735
f 741//741 739//739 742//742
f 738//738 743//743 750//750
f 738//738 740//740 743//743
f 734//734 735//735 745//745
f 735//735 746//746 745//745
f 735//735 742//742 746//746
f 739//739 748//748 742//742
f 739//739 749//749 748//748
f 739//739 737//737 749//749
f 737//737 751//751 749//749
f 737//737 750//750 751//751
f 740//740 745//745 744//744
f 745//745 754//754 744//744
f 742//742 747//747 746//746
f 742//742 748//748 747//747
f 740//740 744//744 743//743
f 745//745 746//746 754//754
f 750//750 743//743 751//751
f 743//743 752//752 751//751
f 743//743 744//744 752//752
f 744//744 754//754 752//752
f 747//747 748//748 755//755
f 752//752 753//753 751//751
f 752//752 754//754 753//753
f 754//754 746//746 756//756
f 747//747 755//755 746//746
f 748//748 757//757 755//755
f 748//748 749//749 757//757
f 749//749 758//758 757//757
f 749//749 751//751 758//758
f 751//751 753//753 758//758
f 754//754 756//756 753//753
f 755//755 757//757 761//761
f 746//746 762//762 756//756
f 746//746 755//755 762//762
f 755//755 761//761 762//762
f 753//753 763//763 758//758
f 753//753 756//756 759//759
f 757//757 760//760 761//761
f 757//757 758//758 760//760
f 753//753 759//759 763//763
f 756//756 764//764 759//759
f 756//756 762//762 764//764
f 758//758 763//763 760//760
f 759//759 764//764 766//766
f 761//761 768//768 762//762
f 759//759 766//766 769//769
f 762//762 772//772 764//764
f 762//762 768//768 772//772
f 763//763 765//765 760//760
f 763//763 769//769 765//765
f 763//763 759//759 769//769
f 761//761 767//767 768//768
f 761//761 760//760 767//767
f 760//760 765//765 767//767
f 766//766 771//771 769//769
f 769//769 771//771 770//770
f 769//769 770//770 765//765
f 766//766 764//764 771//771
f 764//764 772//772 771//771
f 768//768 775//775 772//772
f 768//768 767//767 775//775
f 772//772 776//776 771//771
f 772//772 775//775 776//776
f 765//765 773//773 767//767
f 765//765 770//770 773//773
f 770//770 774//774 773//773
f 770//770 771//771 774//774
f 771//771 776//776 774//774
f 767//767 779//779 775//775
f 767//767 780//780 779//779
f 767//767 773//773 780//780
f 774//774 781//781 773//773
f 775//775 778//778 776//776
f 773//773 784//784 780//780
f 773//773 781//781 784//784
f 774//774 777//777 781//781
f 774//774 776//776 777//777
f 775//775 779//779 778//778
f 781//781 777//777 785//785
f 776//776 783//783 777//777
f 776//776 778//778 783//783
f 779//779 782//782 778//778
f 781//781 785//785 784//784
f 777//777 787//787 785//785
f 779//779 780//780 782//782
f 780//780 788//788 782//782
f 780//780 784//784 788//788
f 778//778 786//786 783//783
f 778//778 782//782 786//786
f 777//777 783//783 787//787
f 782//782 788//788 786//786
f 784//784 797//797 788//788
f 785//785 787//787 789//789
f 788//788 797//797 792//792
f 785//785 790//790 784//784
f 785//785 789//789 790//790
f 783//783 793//793 787//787
f 783//783 786//786 793//793
f 786//786 794//794 793//793
f 786//786 788//788 794//794
f 784//784 790//790 797//797
f 789//789 787//787 791//791
f 787//787 793//793 791//791
f 788//788 792//792 794//794
f 789//789 791//791 795//795
f 790//790 789//789 795//795
f 791//791 799//799 795//795
f 791//791 793//793 799//799
f 793//793 794//794 796//796
f 792//792 800//800 794//794
f 792//792 797//797 800//800
f 790//790 798//798 797//797
f 790//790 795//795 798//798
f 794//794 803//803 796//796
f 794//794 800//800 803//803
f 795//795 799//799 802//802
f 793//793 796//796 799//799
f 796//796 803//803 801//801
f 797//797 805//805 800//800
f 797//797 798//798 805//805
f 795//795 802//802 798//798
f 799//799 804//804 802//802
f 799//799 796//796 804//804
f 796//796 801//801 804//804
f 800//800 805//805 803//803
f 805//805 798//798 806//806
f 798//798 802//802 806//806
f 802//802 804//804 810//810
f 801//801 803//803 809//809
f 802//802 810//810 806//806
f 801//801 811//811 804//804
f 801//801 812//812 811//811
f 801//801 809//809 812//812
f 804//804 807//807 810//810
f 804//804 811//811 807//807
f 803//803 808//808 809//809
f 803//803 805//805 808//808
f 805//805 806//806 808//808
f 806//806 817//817 808//808
f 806//806 810//810 817//817
f 810//810 813//813 817//817
f 810//810 807//807 813//813
f 807//807 811//811 814//814
f 809//809 816//816 812//812
f 809//809 808//808 816//816
f 811//811 819//819 814//814
f 811//811 812//812 819//819
f 812//812 816//816 819//819
f 807//807 814//814 813//813
f 808//808 815//815 816//816
f 808//808 817//817 815//815
f 813//813 822//822 817//817
f 813//813 814//814 822//822
f 814//814 821//821 822//822
f 816//816 815//815 820//820
f 814//814 818//818 821//821
f 814//814 819//819 818//818
f 816//816 823//823 819//819
f 816//816 820//820 823//823
f 817//817 828//828 815//815
f 817//817 822//822 828//828
f 819//819 823//823 818//818
f 818//818 825//825 821//821
f 818//818 823//823 825//825
f 820//820 815//815 827//827
f 815//815 828//828 827//827
f 822//822 824//824 828//828
f 822//822 821//821 824//824
f 821//821 825//825 826//826
f 821//821 826//826 824//824
f 820//820 833//833 823//823
f 820//820 827//827 833//833
f 824//824 829//829 828//828
f 824//824 826//826 829//829
f 826//826 825//825 830//830
f 823//823 832//832 825//825
f 823//823 833//833 832//832
f 828//828 834//834 827//827
f 828//828 829//829 834//834
f 826//826 830//830 829//829
f 825//825 832//832 830//830
f 827//827 831//831 833//833
f 827//827 834//834 831//831
f 829//829 835//835 834//834
f 829//829 830//830 835//835
f 830//830 836//836 835//835
f 833//833 837//837 832//832
f 833//833 831//831 837//837
f 830//830 838//838 836//836
f 830//830 832//832 838//838
f 831//831 845//845 837//837
f 831//831 834//834 845//845
f 832//832 841//841 838//838
f 832//832 837//837 841//841
f 834//834 835//835 845//845
f 836//836 840//840 835//835
f 836//836 839//839 840//840
f 836//836 838//838 839//839
f 837//837 845//845 844//844
f 835//835 840//840 845//845
f 837//837 844//844 841//841
f 839//839 838//838 842//842
f 838//838 843//843 842//842
f 838//838 841//841 843//843
f 840//840 846//846 845//845
f 840//840 839//839 846//846
f 839//839 842//842 850//850
f 839//839 850//850 846//846
f 841//841 844//844 848//848
f 845//845 846//846 855//855
f 846//846 847//847 855//855
f 846//846 850//850 847//847
f 841//841 848//848 843//843
f 844//844 849//849 848//848
f 844//844 845//845 849//849
f 845//845 855//855 849//849
f 850//850 842//842 851//851
f 843//843 853//853 842//842
f 843//843 848//848 853//853
f 850//850 852//852 847//847
f 850//850 851//851 852//852
f 842//842 853//853 851//851
f 848//848 849//849 858//858
f 849//849 854//854 858//858
f 849//849 855//855 854//854
f 848//848 858//858 853//853
f 855//855 856//856 854//854
f 855//855 847//847 856//856
f 847//847 859//859 856//856
f 847//847 852//852 859//859
f 851//851 857//857 852//852
f 851//851 853//853 857//857
f 853//853 858//858 864//864
f 852//852 857//857 859//859
f 853//853 864//864 857//857
f 858//858 862//862 864//864
f 858//858 854//854 862//862
f 854//854 863//863 862//862
f 854//854 856//856 863//863
f 859//859 860//860 856//856
f 859//859 857//857 860//860
f 856//856 861//861 863//863
f 856//856 860//860 861//861
f 860//860 866//866 861//861
f 857//857 866//866 860//860
f 857//857 872//872 866//866
f 857//857 864//864 872//872
f 862//862 865//865 864//864
f 864//864 865//865 872//872
f 862//862 867//867 865//865
f 862//862 863//863 867//867
f 866//866 872//872 870//870
f 863//863 868//868 867//867
f 863//863 861//861 868//868
f 861//861 869//869 868//868
f 861//861 866//866 869//869
f 866//866 870//870 869//869
f 868//868 869//869 871//871
f 865//865 875//875 872//872
f 867//867 868//868 873//873
f 868//868 871//871 873//873
f 870//870 874//874 869//869
f 870//870 872//872 874//874
f 872//872 875//875 874//874
f 865//865 878//878 875//875
f 865//865 867//867 878//878
f 867//867 873//873 878//878
f 875//875 878//878 877//877
f 869//869 874//874 879//879
f 874//874 876//876 879//879
f 874//874 875//875 876//876
f 875//875 877//877 876//876
f 869//869 879//879 871//871
f 871//871 883//883 873//873
f 876//876 880//880 879//879
f 876//876 877//877 880//880
f 878//878 873//873 882//882
f 873//873 883//883 882//882
f 871//871 885//885 883//883
f 871//871 879//879 885//885
f 878//878 882//882 877//877
f 879//879 880//880 885//885
f 877//877 882//882 881//881
f 877//877 886//886 880//880
f 877//877 881//881 886//886
f 883//883 885//885 884//884
f 882//882 883//883 887//887
f 880//880 886//886 890//890
f 882//882 887//887 881//881
f 885//885 880//880 884//884
f 880//880 890//890 884//884
f 883//883 891//891 887//887
f 883//883 884//884 891//891
f 886//886 888//888 890//890
f 886//886 881//881 888//888
f 887//887 889//889 881//881
f 881//881 889//889 888//888
f 884//884 890//890 891//891
f 887//887 892//892 889//889
f 887//887 891//891 892//892
f 890//890 895//895 891//891
f 890//890 888//888 895//895
f 888//888 893//893 895//895
f 888//888 889//889 893//893
f 889//889 892//892 894//894
f 892//892 891//891 897//897
f 891//891 898//898 897//897
f 892//892 896//896 894//894
f 889//889 894//894 893//893
f 891//891 895//895 898//898
f 893//893 900//900 895//895
f 893//893 894//894 900//900
f 892//892 897//897 896//896
f 898//898 899//899 906//906
f 898//898 895//895 899//899
f 895//895 900//900 899//899
f 896//896 897//897 901//901
f 897//897 903//903 901//901
f 897//897 898//898 903//903
f 898//898 906//906 903//903
f 900//900 894//894 902//902
f 894//894 896//896 902//902
f 896//896 910//910 902//902
f 896//896 901//901 910//910
f 899//899 900//900 907//907
f 900//900 902//902 907//907
f 899//899 907//907 906//906
f 901//901 903//903 904//904
f 903//903 905//905 904//904
f 903//903 906//906 905//905
f 906//906 911//911 905//905
f 906//906 907//907 911//911
f 902//902 908//908 907//907
f 907//907 908//908 909//909
f 901//901 913//913 910//910
f 901//901 904//904 913//913
f 907//907 909//909 911//911
f 902//902 916//916 908//908
f 902//902 910//910 916//916
f 910//910 913//913 916//916
f 904//904 914//914 913//913
f 908//908 912//912 909//909
f 908//908 916//916 912//912
f 904//904 905//905 914//914
f 905//905 915//915 914//914
f 911//911 909//909 905//905
f 909//909 912//912 918//918
f 913//913 920//920 916//916
f 913//913 914//914 920//920
f 905//905 909//909 915//915
f 909//909 922//922 915//915
f 909//909 918//918 922//922
f 914//914 915//915 920//920
f 916//916 919//919 912//912
f 916//916 920//920 919//919
f 912//912 917//917 918//918
f 912//912 919//919 917//917
f 915//915 921//921 920//920
f 915//915 922//922 921//921
f 918//918 923//923 922//922
f 918//918 917//917 923//923
f 920//920 926//926 919//919
f 920//920 921//921 926//926
f 922//922 924//924 921//921
f 922//922 923//923 924//924
f 917//917 925//925 923//923
f 917//917 919//919 925//925
f 919//919 926//926 927//927
f 923//923 925//925 928//928
f 923//923 928//928 924//924
f 919//919 935//935 925//925
f 919//919 927//927 935//935
f 926//926 931//931 927//927
f 926//926 921//921 931//931
f 925//925 929//929 928//928
f 925//925 935//935 929//929
f 921//921 930//930 931//931
f 921//921 924//924 930//930
f 924//924 928//928 930//930
f 928//928 936//936 930//930
f 928//928 929//929 936//936
f 927//927 937//937 935//935
f 927//927 931//931 937//937
f 931//931 930//930 932//932
f 933//933 929//929 934//934
f 929//929 935//935 934//934
f 929//929 933//933 936//936
f 935//935 944//944 934//934
f 935//935 937//937 944//944
f 931//931 938//938 937//937
f 931//931 932//932 938//938
f 936//936 933//933 939//939
f 932//932 940//940 938//938
f 932//932 930//930 940//940
f 930//930 941//941 940//940
f 930//930 936//936 941//941
f 936//936 939//939 941//941
f 933//933 934//934 939//939
f 937//937 938//938 944//944
f 934//934 943//943 939//939
f 934//934 948//948 943//943
f 934//934 944//944 948//948
f 938//938 940//940 942//942
f 938//938 946//946 944//944
f 938//938 942//942 946//946
f 939//939 943//943 941//941
f 944//944 951//951 948//948
f 944//944 946//946 951//951
f 941//941 943//943 947//947
f 941//941 947//947 940//940
f 943//943 948//948 945//945
f 943//943 945//945 947//947
f 940//940 952//952 942//942
f 940//940 947//947 952//952
f 942//942 956//956 946//946
f 942//942 949//949 956//956
f 942//942 952//952 949//949
f 948//948 950//950 945//945
f 948//948 951//951 950//950
f 946//946 956//956 951//951
f 947//947 953//953 952//952
f 947//947 945//945 953//953
f 951//951 957//957 950//950
f 951//951 956//956 957//957
f 945//945 950//950 953//953
f 952//952 955//955 949//949
f 952//952 953//953 955//955
f 953//953 954//954 955//955
f 955//955 959//959 949//949
f 953//953 962//962 954//954
f 953//953 950//950 962//962
f 950//950 957//957 962//962
f 956//956 949//949 958//958
f 949//949 961//961 958//958
f 949//949 959//959 961//961
f 954//954 962//962 960//960
f 956//956 958//958 957//957
f 954//954 959//959 955//955
f 954//954 960//960 959//959
f 957//957 965//965 962//962
f 957//957 958//958 965//965
f 958//958 961//961 968//968
f 958//958 968//968 965//965
f 959//959 966//966 961//961
f 959//959 960//960 966//966
f 962//962 963//963 960//960
f 963//963 962//962 964//964
f 962//962 965//965 964//964
f 960//960 963//963 966//966
f 965//965 967//967 964//964
f 965//965 968//968 967//967
f 966//966 963//963 969//969
f 968//968 973//973 972//972
f 968//968 961//961 973//973
f 961//961 971//971 973//973
f 961//961 966//966 971//971
f 966//966 969//969 971//971
f 963//963 964//964 969//969
f 968//968 972//972 967//967
f 971//971 970//970 973//973
f 964//964 974//974 969//969
f 967//967 974//974 964//964
f 967//967 976//976 974//974
f 967//967 972//972 976//976
f 969//969 974//974 971//971
f 974//974 976//976 975//975
f 972//972 980//980 976//976
f 972//972 973//973 980//980
f 971//971 974//974 978//978
f 974//974 975//975 978//978
f 973//973 977//977 980//980
f 973//973 970//970 977//977
f 971//971 978//978 970//970
f 978//978 975//975 982//982
f 978//978 986//986 970//970
f 978//978 982//982 986//986
f 975//975 979//979 982//982
f 977//977 981//981 980//980
f 977//977 970//970 981//981
f 980//980 984//984 976//976
f 975//975 984//984 979//979
f 975//975 976//976 984//984
f 980//980 985//985 984//984
f 980//980 981//981 985//985
f 970//970 986//986 981//981
f 982//982 979//979 983//983
f 982//982 983//983 986//986
f 984//984 985//985 989//989
f 981//981 986//986 987//987
f 986//986 983//983 987//987
f 984//984 989//989 979//979
f 985//985 981//981 992//992
f 981//981 987//987 992//992
f 983//983 979//979 988//988
f 979//979 989//989 988//988
f 989//989 985//985 991//991
f 985//985 992//992 991//991
f 983//983 988//988 987//987
f 987//987 988//988 990//990
f 989//989 994//994 988//988
f 987//987 990//990 993//993
f 988//988 994//994 990//990
f 990//990 994//994 995//995
f 987//987 993//993 992//992
f 993//993 990//990 995//995
f 989//989 996//996 994//994
f 989//989 991//991 996//996
f 992//992 1000//1000 991//991
f 992//992 1001//1001 1000//1000
f 992//992 993//993 1001//1001
f 991//991 999//999 996//996
f 996//996 997//997 994//994
f 991//991 1000//1000 999//999
f 994//994 998//998 995//995
f 994//994 997//997 998//998
f 993//993 1002//1002 1001//1001
f 993//993 995//995 1002//1002
f 995//995 1003//1003 1002//1002
f 995//995 998//998 1003//1003
f 999//999 1006//1006 996//996
f 999//999 1000//1000 1006//1006
f 1002//1002 1004//1004 1001//1001
f 1002//1002 1008//1008 1004//1004
f 1002//1002 1003//1003 1008//1008
f 998//998 1005//1005 1003//1003
f 998//998 997//997 1005//1005
f 996//996 1006//1006 997//997
f 1000//1000 1001//1001 1007//1007
f 1001//1001 1004//1004 1007//1007
f 1003//1003 1005//1005 1008//1008
f 1006//1006 1000//1000 1009//1009
f 1000//1000 1007//1007 1009//1009
f 997//997 1014//1014 1005//1005
f 997//997 1006//1006 1014//1014
f 1006//1006 1009//1009 1014//1014
f 1005//1005 1011//1011 1008//1008
f 1005//1005 1014//1014 1011//1011
f 1007//1007 1010//1010 1009//1009
f 1007//1007 1004//1004 1010//1010
f 1008//1008 1013//1013 1004//1004
f 1004//1004 1013//1013 1012//1012
f 1008//1008 1011//1011 1013//1013
f 1009//1009 1010//1010 1014//1014
f 1004//1004 1012//1012 1010//1010
f 1011//1011 1014//1014 1017//1017
f 1010//1010 1018//1018 1014//1014
f 1010//1010 1019//1019 1018//1018
f 1010//1010 1012//1012 1019//1019
f 1014//1014 1015//1015 1017//1017
f 1013//1013 1011//1011 1017//1017
f 1017//1017 1015//1015 1016//1016
f 1013//1013 1020//1020 1012//1012
f 1013//1013 1017//1017 1020//1020
f 1017//1017 1016//1016 1020//1020
f 1014//1014 1018//1018 1015//1015
f 1012//1012 1026//1026 1019//1019
f 1012//1012 1020//1020 1026//1026
f 1015//1015 1018//1018 1025//1025
f 1016//1016 1015//1015 1021//1021
f 1015//1015 1024//1024 1021//1021
f 1015//1015 1025//1025 1024//1024
f 1019//1019 1022//1022 1018//1018
f 1019//1019 1026//1026 1022//1022
f 1016//1016 1023//1023 1020//1020
f 1016//1016 1021//1021 1023//1023
f 1018//1018 1022//1022 1025//1025
f 1020//1020 1023//1023 1026//1026
f 1022//1022 1026//1026 1029//1029
f 1023//1023 1021//1021 1028//1028
f 1025//1025 1027//1027 1024//1024
f 1025//1025 1022//1022 1027//1027
f 1021//1021 1024//1024 1028//1028
f 1024//1024 1032//1032 1028//1028
f 1024//1024 1027//1027 1032//1032
f 1026//1026 1023//1023 1029//1029
f 1023//1023 1028//1028 1030//1030
f 1028//1028 1032//1032 1034//1034
f 1022//1022 1033//1033 1027//1027
f 1022//1022 1029//1029 1033//1033
f 1028//1028 1031//1031 1030//1030
f 1028//1028 1034//1034 1031//1031
f 1023//1023 1030//1030 1029//1029
f 1032//1032 1038//1038 1034//1034
f 1032//1032 1027//1027 1038//1038
f 1029//1029 1035//1035 1033//1033
f 1029//1029 1030//1030 1035//1035
f 1027//1027 1043//1043 1038//1038
f 1027//1027 1033//1033 1043//1043
f 1033//1033 1039//1039 1043//1043
f 1030//1030 1036//1036 1035//1035
f 1030//1030 1031//1031 1036//1036
f 1031//1031 1040//1040 1036//1036
f 1031//1031 1034//1034 1040//1040
f 1034//1034 1038//1038 1037//1037
f 1033//1033 1044//1044 1039//1039
f 1033//1033 1035//1035 1044//1044
f 1034//1034 1037//1037 1040//1040
f 1040//1040 1037//1037 1045//1045
f 1038//1038 1042//1042 1037//1037
f 1038//1038 1043//1043 1042//1042
f 1035//1035 1036//1036 1044//1044
f 1040//1040 1045//1045 1036//1036
f 1037//1037 1041//1041 1045//1045
f 1037//1037 1042//1042 1041//1041
f 1043//1043 1039//1039 1042//1042
f 1039//1039 1044//1044 1049//1049
f 1036//1036 1047//1047 1044//1044
f 1036//1036 1045//1045 1047//1047
f 1041//1041 1048//1048 1045//1045
f 1041//1041 1046//1046 1048//1048
f 1041//1041 1042//1042 1046//1046
f 1044//1044 1047//1047 1049//1049
f 1039//1039 1049//1049 1054//1054
f 1039//1039 1054//1054 1042//1042
f 1046//1046 1050//1050 1048//1048
f 1046//1046 1042//1042 1050//1050
f 1042//1042 1051//1051 1050//1050
f 1042//1042 1054//1054 1051//1051
f 1047//1047 1055//1055 1049//1049
f 1047//1047 1052//1052 1055//1055
f 1047//1047 1045//1045 1052//1052
f 1045//1045 1053//1053 1052//1052
f 1045//1045 1048//1048 1053//1053
f 1048//1048 1050//1050 1053//1053
f 1050//1050 1056//1056 1053//1053
f 1050//1050 1051//1051 1056//1056
f 1054//1054 1057//1057 1051//1051
f 1054//1054 1049//1049 1057//1057
f 1053//1053 1058//1058 1052//1052
f 1053//1053 1056//1056 1058//1058
f 1049//1049 1055//1055 1057//1057
f 1056//1056 1063//1063 1058//1058
f 1051//1051 1059//1059 1056//1056
f 1051//1051 1057//1057 1059//1059
f 1057//1057 1067//1067 1059//1059
f 1057//1057 1055//1055 1067//1067
f 1055//1055 1052//1052 1061//1061
f 1052//1052 1062//1062 1061//1061
f 1052//1052 1058//1058 1062//1062
f 1056//1056 1059//1059 1063//1063
f 1055//1055 1060//1060 1067//1067
f 1055//1055 1061//1061 1060//1060
f 1058//1058 1063//1063 1062//1062
f 1059//1059 1066//1066 1063//1063
f 1060//1060 1064//1064 1067//1067
f 1063//1063 1066//1066 1065//1065
f 1063//1063 1065//1065 1062//1062
f 1067//1067 1068//1068 1059//1059
f 1067//1067 1064//1064 1068//1068
f 1062//1062 1065//1065 1069//1069
f 1059//1059 1068//1068 1066//1066
f 1061//1061 1077//1077 1060//1060
f 1061//1061 1062//1062 1077//1077
f 1062//1062 1069//1069 1077//1077
f 1065//1065 1066//1066 1070//1070
f 1060//1060 1072//1072 1064//1064
f 1060//1060 1075//1075 1072//1072
f 1060//1060 1077//1077 1075//1075
f 1065//1065 1070//1070 1069//1069
f 1068//1068 1064//1064 1071//1071
f 1064//1064 1072//1072 1071//1071
f 1066//1066 1074//1074 1070//1070
f 1066//1066 1068//1068 1074//1074
f 1069//1069 1078//1078 1077//1077
f 1069//1069 1070//1070 1078//1078
f 1070//1070 1074//1074 1073//1073
f 1068//1068 1076//1076 1074//1074
f 1068//1068 1071//1071 1076//1076
f 1070//1070 1073//1073 1078//1078
f 1071//1071 1082//1082 1076//1076
f 1071//1071 1072//1072 1082//1082
f 1072//1072 1075//1075 1082//1082
f 1077//1077 1078//1078 1079//1079
f 1078//1078 1083//1083 1079//1079
f 1078//1078 1073//1073 1083//1083
f 1073//1073 1080//1080 1083//1083
f 1073//1073 1074//1074 1080//1080
f 1074//1074 1076//1076 1080//1080
f 1075//1075 1081//1081 1082//1082
f 1075//1075 1077//1077 1081//1081
f 1077//1077 1079//1079 1081//1081
f 1080//1080 1084//1084 1083//1083
f 1080//1080 1091//1091 1084//1084
f 1080//1080 1076//1076 1091//1091
f 1076//1076 1085//1085 1091//1091
f 1076//1076 1082//1082 1085//1085
f 1081//1081 1090//1090 1082//1082
f 1081//1081 1086//1086 1090//1090
f 1081//1081 1079//1079 1086//1086
f 1079//1079 1087//1087 1086//1086
f 1079//1079 1083//1083 1087//1087
f 1083//1083 1084//1084 1087//1087
f 1082//1082 1090//1090 1085//1085
f 1086//1086 1087//1087 1092//1092
f 1084//1084 1089//1089 1087//1087
f 1084//1084 1091//1091 1089//1089
f 1090//1090 1086//1086 1088//1088
f 1086//1086 1092//1092 1088//1088
f 1087//1087 1089//1089 1092//1092
f 1089//1089 1091//1091 1095//1095
f 1091//1091 1096//1096 1095//1095
f 1091//1091 1085//1085 1096//1096
f 1090//1090 1101//1101 1085//1085
f 1090//1090 1088//1088 1101//1101
f 1089//1089 1095//1095 1092//1092
f 1085//1085 1093//1093 1096//1096
f 1085//1085 1101//1101 1093//1093
f 1092//1092 1094//1094 1088//1088
f 1092//1092 1095//1095 1094//1094
f 1088//1088 1097//1097 1101//1101
f 1088//1088 1094//1094 1097//1097
f 1095//1095 1096//1096 1099//1099
f 1101//1101 1097//1097 1098//1098
f 1095//1095 1102//1102 1094//1094
f 1095//1095 1099//1099 1102//1102
f 1096//1096 1100//1100 1099//1099
f 1096//1096 1093//1093 1100//1100
f 1097//1097 1094//1094 1098//1098
f 1094//1094 1102//1102 1103//1103
f 1101//1101 1106//1106 1093//1093
f 1101//1101 1098//1098 1106//1106
f 1093//1093 1105//1105 1100//1100
f 1093//1093 1106//1106 1105//1105
f 1102//1102 1104//1104 1103//1103
f 1102//1102 1099//1099 1104//1104
f 1099//1099 1100//1100 1104//1104
f 1094//1094 1103//1103 1098//1098
f 1104//1104 1100//1100 1107//1107
f 1104//1104 1112//1112 1103//1103
f 1104//1104 1107//1107 1112//1112
f 1100//1100 1108//1108 1107//1107
f 1100//1100 1105//1105 1108//1108
f 1105//1105 1109//1109 1108//1108
f 1105//1105 1106//1106 1109//1109
f 1098//1098 1111//1111 1106//1106
f 1098//1098 1103//1103 1111//1111
f 1103//1103 1112//1112 1111//1111
f 1106//1106 1111//1111 1110//1110
f 1106//1106 1110//1110 1109//1109
f 1112//1112 1118//1118 1111//1111
f 1108//1108 1113//1113 1107//1107
f 1110//1110 1111//1111 1114//1114
f 1107//1107 1113//1113 1112//1112
f 1110//1110 1117//1117 1109//1109
f 1110//1110 1114//1114 1117//1117
f 1112//1112 1113//1113 1115//1115
f 1112//1112 1115//1115 1118//1118
f 1108//1108 1109//1109 1113//1113
f 1111//1111 1118//1118 1114//1114
f 1118//1118 1115//1115 1120//1120
f 1113//1113 1116//1116 1115//1115
f 1113//1113 1109//1109 1116//1116
f 1114//1114 1125//1125 1117//1117
f 1114//1114 1118//1118 1125//1125
f 1115//1115 1116//1116 1120//1120
f 1109//1109 1121//1121 1116//1116
f 1109//1109 1117//1117 1121//1121
f 1117//1117 1125//1125 1119//1119
f 1120//1120 1116//1116 1122//1122
f 1121//1121 1117//1117 1123//1123
f 1117//1117 1119//1119 1123//1123
f 1120//1120 1122//1122 1124//1124
f 1116//1116 1121//1121 1122//1122
f 1121//1121 1126//1126 1122//1122
f 1121//1121 1123//1123 1126//1126
f 1118//1118 1120//1120 1125//1125
f 1120//1120 1124//1124 1125//1125
f 1125//1125 1124//1124 1128//1128
f 1124//1124 1131//1131 1128//1128
f 1119//1119 1127//1127 1123//1123
f 1119//1119 1128//1128 1127//1127
f 1119//1119 1125//1125 1128//1128
f 1122//1122 1132//1132 1124//1124
f 1122//1122 1126//1126 1132//1132
f 1124//1124 1132//1132 1131//1131
f 1123//1123 1130//1130 1126//1126
f 1123//1123 1127//1127 1130//1130
f 1126//1126 1129//1129 1132//1132
f 1126//1126 1130//1130 1129//1129
f 1131//1131 1132//1132 1135//1135
f 1130//1130 1127//1127 1134//1134
f 1128//1128 1131//1131 1133//1133
f 1131//1131 1135//1135 1133//1133
f 1132//1132 1129//1129 1135//1135
f 1127//1127 1137//1137 1134//1134
f 1127//1127 1128//1128 1137//1137
f 1128//1128 1133//1133 1137//1137
f 1134//1134 1139//1139 1130//1130
f 1129//1129 1136//1136 1135//1135
f 1129//1129 1130//1130 1136//1136
f 1130//1130 1139//1139 1136//1136
f 1133//1133 1145//1145 1137//1137
f 1133//1133 1135//1135 1145//1145
f 1134//1134 1137//1137 1138//1138
f 1137//1137 1141//1141 1138//1138
f 1137//1137 1145//1145 1141//1141
f 1135//1135 1142//1142 1145//1145
f 1135//1135 1136//1136 1142//1142
f 1134//1134 1138//1138 1139//1139
f 1139//1139 1140//1140 1136//1136
f 1142//1142 1136//1136 1143//1143
f 1139//1139 1138//1138 1144//1144
f 1138//1138 1150//1150 1144//1144
f 1138//1138 1141//1141 1150//1150
f 1142//1142 1143//1143 1145//1145
f 1136//1136 1140//1140 1143//1143
f 1139//1139 1144//1144 1140//1140
f 1141//1141 1152//1152 1150//1150
f 1141//1141 1145//1145 1152//1152
f 1143//1143 1140//1140 1149//1149
f 1144//1144 1146//1146 1140//1140
f 1144//1144 1150//1150 1146//1146
f 1145//1145 1143//1143 1147//1147
f 1143//1143 1149//1149 1147//1147
f 1140//1140 1148//1148 1149//1149
f 1140//1140 1146//1146 1148//1148
f 1145//1145 1153//1153 1152//1152
f 1145//1145 1147//1147 1153//1153
f 1149//1149 1148//1148 1151//1151
f 1150//1150 1152//1152 1146//1146
f 1149//1149 1151//1151 1147//1147
f 1148//1148 1158//1158 1151//1151
f 1148//1148 1146//1146 1158//1158
f 1146//1146 1154//1154 1158//1158
f 1152//1152 1155//1155 1146//1146
f 1152//1152 1153//1153 1155//1155
f 1153//1153 1156//1156 1155//1155
f 1153//1153 1147//1147 1156//1156
f 1146//1146 1155//1155 1154//1154
f 1147//1147 1157//1157 1156//1156
f 1147//1147 1151//1151 1157//1157
f 1151//1151 1158//1158 1157//1157
f 1158//1158 1154//1154 1159//1159
f 1156//1156 1160//1160 1155//1155
f 1156//1156 1157//1157 1160//1160
f 1158//1158 1159//1159 1162//1162
f 1154//1154 1155//1155 1165//1165
f 1157//1157 1158//1158 1162//1162
f 1154//1154 1165//1165 1159//1159
f 1157//1157 1162//1162 1161//1161
f 1159//1159 1163//1163 1162//1162
f 1159//1159 1165//1165 1163//1163
f 1160//1160 1157//1157 1164//1164
f 1155//1155 1169//1169 1165//1165
f 1155//1155 1160//1160 1169//1169
f 1160//1160 1164//1164 1169//1169
f 1157//1157 1161//1161 1164//1164
f 1162//1162 1166//1166 1161//1161
f 1162//1162 1163//1163 1166//1166
f 1166//1166 1163//1163 1168//1168
f 1165//1165 1171//1171 1163//1163
f 1165//1165 1169//1169 1171//1171
f 1166//1166 1168//1168 1161//1161
f 1163//1163 1167//1167 1168//1168
f 1163//1163 1171//1171 1167//1167
f 1164//1164 1172//1172 1169//1169
f 1164//1164 1161//1161 1172//1172
f 1161//1161 1170//1170 1172//1172
f 1161//1161 1168//1168 1170//1170
f 1169//1169 1175//1175 1171//1171
f 1169//1169 1172//1172 1175//1175
f 1171//1171 1175//1175 1179//1179
f 1172//1172 1170//1170 1177//1177
f 1168//1168 1167//1167 1173//1173
f 1167//1167 1174//1174 1173//1173
f 1167//1167 1171//1171 1174//1174
f 1168//1168 1173//1173 1170//1170
f 1171//1171 1179//1179 1174//1174
f 1170//1170 1173//1173 1176//1176
f 1172//1172 1177//1177 1175//1175
f 1170//1170 1178//1178 1177//1177
f 1170//1170 1176//1176 1178//1178
f 1175//1175 1177//1177 1179//1179
f 1176//1176 1173//1173 1183//1183
f 1178//1178 1180//1180 1177//1177
f 1178//1178 1181//1181 1180//1180
f 1178//1178 1176//1176 1181//1181
f 1176//1176 1183//1183 1181//1181
f 1177//1177 1180//1180 1184//1184
f 1173//1173 1182//1182 1183//1183
f 1173//1173 1174//1174 1182//1182
f 1177//1177 1184//1184 1179//1179
f 1179//1179 1184//1184 1187//1187
f 1174//1174 1190//1190 1182//1182
f 1174//1174 1179//1179 1190//1190
f 1179//1179 1187//1187 1190//1190
f 1181//1181 1185//1185 1180//1180
f 1181//1181 1183//1183 1185//1185
f 1182//1182 1186//1186 1183//1183
f 1182//1182 1190//1190 1186//1186
f 1183//1183 1186//1186 1188//1188
f 1180//1180 1193//1193 1184//1184
f 1180//1180 1185//1185 1193//1193
f 1183//1183 1188//1188 1185//1185
f 1184//1184 1192//1192 1187//1187
f 1184//1184 1193//1193 1192//1192
f 1186//1186 1189//1189 1188//1188
f 1186//1186 1190//1190 1189//1189
f 1187//1187 1191//1191 1190//1190
f 1190//1190 1196//1196 1189//1189
f 1190//1190 1191//1191 1196//1196
f 1187//1187 1192//1192 1191//1191
f 1185//1185 1194//1194 1193//1193
f 1185//1185 1188//1188 1194//1194
f 1188//1188 1189//1189 1195//1195
f 1193//1193 1198//1198 1192//1192
f 1193//1193 1194//1194 1198//1198
f 1188//1188 1195//1195 1194//1194
f 1189//1189 1199//1199 1195//1195
f 1189//1189 1196//1196 1199//1199
f 1192//1192 1200//1200 1191//1191
f 1192//1192 1198//1198 1200//1200
f 1194//1194 1195//1195 1198//1198
f 1191//1191 1204//1204 1196//1196
f 1191//1191 1200//1200 1204//1204
f 1196//1196 1197//1197 1199//1199
f 1196//1196 1204//1204 1197//1197
f 1195//1195 1201//1201 1198//1198
f 1198//1198 1201//1201 1203//1203
f 1195//1195 1199//1199 1201//1201
f 1199//1199 1202//1202 1201//1201
f 1199//1199 1197//1197 1202//1202
f 1200//1200 1205//1205 1204//1204
f 1200//1200 1210//1210 1205//1205
f 1200//1200 1198//1198 1210//1210
f 1198//1198 1203//1203 1210//1210
f 1203//1203 1201//1201 1206//1206
f 1197//1197 1209//1209 1202//1202
f 1197//1197 1204//1204 1209//1209
f 1201//1201 1207//1207 1206//1206
f 1201//1201 1202//1202 1207//1207
f 1204//1204 1212//1212 1209//1209
f 1204//1204 1205//1205 1212//1212
f 1209//1209 1214//1214 1202//1202
f 1206//1206 1208//1208 1203//1203
f 1206//1206 1207//1207 1208//1208
f 1202//1202 1211//1211 1207//1207
f 1202//1202 1214//1214 1211//1211
f 1210//1210 1219//1219 1205//1205
f 1203//1203 1208//1208 1210//1210
f 1207//1207 1211//1211 1216//1216
f 1210//1210 1208//1208 1219//1219
f 1207//1207 1216//1216 1208//1208
f 1209//1209 1212//1212 1214//1214
f 1205//1205 1213//1213 1212//1212
f 1205//1205 1219//1219 1213//1213
f 1208//1208 1220//1220 1219//1219
f 1208//1208 1216//1216 1220//1220
f 1211//1211 1215//1215 1216//1216
f 1211//1211 1214//1214 1215//1215
f 1212//1212 1217//1217 1214//1214
f 1212//1212 1213//1213 1217//1217
f 1214//1214 1225//1225 1215//1215
f 1214//1214 1217//1217 1225//1225
f 1213//1213 1219//1219 1218//1218
f 1216//1216 1215//1215 1223//1223
f 1217//1217 1213//1213 1222//1222
f 1213//1213 1218//1218 1222//1222
f 1219//1219 1221//1221 1218//1218
f 1219//1219 1220//1220 1221//1221
f 1220//1220 1216//1216 1221//1221
f 1216//1216 1223//1223 1221//1221
f 1215//1215 1224//1224 1223//1223
f 1215//1215 1225//1225 1224//1224
f 1217//1217 1222//1222 1225//1225
f 1223//1223 1224//1224 1226//1226
f 1225//1225 1229//1229 1224//1224
f 1225//1225 1222//1222 1229//1229
f 1218//1218 1228//1228 1222//1222
f 1218//1218 1230//1230 1228//1228
f 1218//1218 1221//1221 1230//1230
f 1221//1221 1226//1226 1230//1230
f 1221//1221 1223//1223 1226//1226
f 1224//1224 1227//1227 1226//1226
f 1224//1224 1229//1229 1227//1227
f 1222//1222 1228//1228 1229//1229
f 1228//1228 1230//1230 1232//1232
f 1226//1226 1231//1231 1230//1230
f 1226//1226 1227//1227 1231//1231
f 1227//1227 1229//1229 1233//1233
f 1229//1229 1234//1234 1233//1233
f 1227//1227 1233//1233 1231//1231
f 1229//1229 1228//1228 1234//1234
f 1228//1228 1237//1237 1234//1234
f 1228//1228 1232//1232 1237//1237
f 1232//1232 1238//1238 1237//1237
f 1231//1231 1233//1233 1235//1235
f 1232//1232 1230//1230 1238//1238
f 1230//1230 1231//1231 1239//1239
f 1231//1231 1235//1235 1239//1239
f 1233//1233 1240//1240 1235//1235
f 1233//1233 1236//1236 1240//1240
f 1233//1233 1234//1234 1236//1236
f 1234//1234 1237//1237 1236//1236
f 1235//1235 1240//1240 1245//1245
f 1230//1230 1239//1239 1238//1238
f 1235//1235 1245//1245 1239//1239
f 1237//1237 1244//1244 1236//1236
f 1237//1237 1238//1238 1244//1244
f 1238//1238 1239//1239 1242//1242
f 1239//1239 1241//1241 1242//1242
f 1239//1239 1245//1245 1241//1241
f 1236//1236 1243//1243 1240//1240
f 1238//1238 1242//1242 1244//1244
f 1240//1240 1243//1243 1245//1245
f 1245//1245 1243//1243 1247//1247
f 1244//1244 1246//1246 1236//1236
f 1244//1244 1253//1253 1246//1246
f 1244//1244 1242//1242 1253//1253
f 1245//1245 1247//1247 1241//1241
f 1236//1236 1246//1246 1243//1243
f 1242//1242 1241//1241 1251//1251
f 1241//1241 1247//1247 1249//1249
f 1247//1247 1243//1243 1249//1249
f 1243//1243 1248//1248 1249//1249
f 1243//1243 1246//1246 1248//1248
f 1242//1242 1251//1251 1253//1253
f 1241//1241 1249//1249 1251//1251
f 1248//1248 1250//1250 1249//1249
f 1246//1246 1253//1253 1252//1252
f 1249//1249 1250//1250 1256//1256
f 1248//1248 1254//1254 1250//1250
f 1248//1248 1246//1246 1254//1254
f 1246//1246 1252//1252 1254//1254
f 1253//1253 1251//1251 1255//1255
f 1251//1251 1260//1260 1255//1255
f 1251//1251 1249//1249 1260//1260
f 1249//1249 1256//1256 1260//1260
f 1250//1250 1257//1257 1256//1256
f 1250//1250 1254//1254 1257//1257
f 1253//1253 1261//1261 1252//1252
f 1253//1253 1255//1255 1261//1261
f 1255//1255 1258//1258 1261//1261
f 1255//1255 1260//1260 1258//1258
f 1256//1256 1262//1262 1260//1260
f 1256//1256 1257//1257 1263//1263
f 1254//1254 1259//1259 1257//1257
f 1254//1254 1252//1252 1259//1259
f 1256//1256 1263//1263 1262//1262
f 1257//1257 1259//1259 1263//1263
f 1252//1252 1264//1264 1259//1259
f 1252//1252 1261//1261 1264//1264
f 1260//1260 1275//1275 1258//1258
f 1260//1260 1262//1262 1275//1275
f 1262//1262 1266//1266 1275//1275
f 1262//1262 1263//1263 1266//1266
f 1259//1259 1265//1265 1263//1263
f 1259//1259 1264//1264 1265//1265
f 1261//1261 1270//1270 1264//1264
f 1261//1261 1258//1258 1270//1270
f 1258//1258 1275//1275 1268//1268
f 1263//1263 1267//1267 1266//1266
f 1263//1263 1265//1265 1267//1267
f 1265//1265 1264//1264 1269//1269
f 1258//1258 1268//1268 1270//1270
f 1266//1266 1271//1271 1275//1275
f 1266//1266 1267//1267 1271//1271
f 1265//1265 1269//1269 1267//1267
f 1267//1267 1269//1269 1276//1276
f 1264//1264 1279//1279 1269//1269
f 1264//1264 1272//1272 1279//1279
f 1264//1264 1270//1270 1272//1272
f 1270//1270 1273//1273 1272//1272
f 1270//1270 1268//1268 1273//1273
f 1267//1267 1276//1276 1271//1271
f 1268//1268 1274//1274 1273//1273
f 1268//1268 1275//1275 1274//1274
f 1269//1269 1279//1279 1276//1276
f 1275//1275 1277//1277 1274//1274
f 1275//1275 1271//1271 1277//1277
f 1274//1274 1283//1283 1273//1273
f 1274//1274 1277//1277 1283//1283
f 1271//1271 1276//1276 1277//1277
f 1279//1279 1278//1278 1276//1276
f 1273//1273 1282//1282 1272//1272
f 1273//1273 1283//1283 1282//1282
f 1276//1276 1278//1278 1280//1280
f 1279//1279 1285//1285 1278//1278
f 1279//1279 1272//1272 1285//1285
f 1272//1272 1282//1282 1285//1285
f 1276//1276 1280//1280 1277//1277
f 1277//1277 1284//1284 1283//1283
f 1280//1280 1278//1278 1281//1281
f 1277//1277 1280//1280 1284//1284
f 1280//1280 1281//1281 1286//1286
f 1285//1285 1282//1282 1288//1288
f 1283//1283 1287//1287 1282//1282
f 1283//1283 1284//1284 1287//1287
f 1280//1280 1286//1286 1284//1284
f 1278//1278 1285//1285 1281//1281
f 1282//1282 1289//1289 1288//1288
f 1282//1282 1287//1287 1289//1289
f 1281//1281 1291//1291 1286//1286
f 1285//1285 1288//1288 1281//1281
f 1281//1281 1288//1288 1291//1291
f 1284//1284 1290//1290 1287//1287
f 1284//1284 1293//1293 1290//1290
f 1284//1284 1286//1286 1293//1293
f 1286//1286 1291//1291 1293//1293
f 1287//1287 1292//1292 1289//1289
f 1287//1287 1290//1290 1292//1292
f 1291//1291 1294//1294 1293//1293
f 1288//1288 1296//1296 1291//1291
f 1288//1288 1289//1289 1296//1296
f 1291//1291 1296//1296 1294//1294
f 1289//1289 1292//1292 1297//1297
f 1296//1296 1295//1295 1294//1294
f 1289//1289 1299//1299 1296//1296
f 1289//1289 1297//1297 1299//1299
f 1292//1292 1298//1298 1297//1297
f 1292//1292 1290//1290 1298//1298
f 1290//1290 1293//1293 1300//1300
f 1293//1293 1294//1294 1300//1300
f 1294//1294 1295//1295 1301//1301
f 1294//1294 1301//1301 1300//1300
f 1290//1290 1307//1307 1298//1298
f 1290//1290 1300//1300 1307//1307
f 1296//1296 1299//1299 1295//1295
f 1299//1299 1297//1297 1302//1302
f 1301//1301 1295//1295 1303//1303
f 1297//1297 1298//1298 1302//1302
f 1295//1295 1299//1299 1306//1306
f 1301//1301 1304//1304 1300//1300
f 1301//1301 1303//1303 1304//1304
f 1295//1295 1306//1306 1303//1303
f 1299//1299 1302//1302 1306//1306
f 1298//1298 1308//1308 1302//1302
f 1298//1298 1309//1309 1308//1308
f 1298//1298 1307//1307 1309//1309
f 1300//1300 1304//1304 1307//1307
f 1304//1304 1303//1303 1305//1305
f 1303//1303 1306//1306 1305//1305
f 1304//1304 1310//1310 1307//1307
f 1304//1304 1305//1305 1310//1310
f 1307//1307 1310//1310 1309//1309
f 1302//1302 1313//1313 1306//1306
f 1302//1302 1308//1308 1313//1313
f 1308//1308 1309//1309 1311//1311
f 1305//1305 1312//1312 1310//1310
f 1305//1305 1306//1306 1312//1312
f 1308//1308 1311//1311 1313//1313
f 1310//1310 1312//1312 1314//1314
f 1306//1306 1313//1313 1312//1312
f 1311//1311 1309//1309 1315//1315
f 1310//1310 1316//1316 1309//1309
f 1311//1311 1315//1315 1313//1313
f 1310//1310 1314//1314 1316//1316
f 1309//1309 1316//1316 1321//1321
f 1312//1312 1317//1317 1314//1314
f 1312//1312 1320//1320 1317//1317
f 1312//1312 1313//1313 1320//1320
f 1313//1313 1322//1322 1320//1320
f 1313//1313 1315//1315 1322//1322
f 1309//1309 1321//1321 1315//1315
f 1314//1314 1318//1318 1316//1316
f 1314//1314 1317//1317 1318//1318
f 1316//1316 1318//1318 1319//1319
f 1315//1315 1321//1321 1322//1322
f 1316//1316 1319//1319 1321//1321
f 1320//1320 1326//1326 1317//1317
f 1321//1321 1319//1319 1324//1324
f 1319//1319 1323//1323 1324//1324
f 1319//1319 1318//1318 1323//1323
f 1318//1318 1325//1325 1323//1323
f 1317//1317 1325//1325 1318//1318
f 1317//1317 1326//1326 1325//1325
f 1320//1320 1327//1327 1326//1326
f 1320//1320 1322//1322 1327//1327
f 1322//1322 1321//1321 1324//1324
f 1322//1322 1329//1329 1327//1327
f 1322//1322 1324//1324 1329//1329
f 1323//1323 1325//1325 1328//1328
f 1325//1325 1326//1326 1328//1328
f 1326//1326 1327//1327 1333//1333
f 1324//1324 1330//1330 1329//1329
f 1324//1324 1323//1323 1330//1330
f 1323//1323 1328//1328 1330//1330
f 1329//1329 1331//1331 1327//1327
f 1330//1330 1337//1337 1329//1329
f 1328//1328 1326//1326 1332//1332
f 1327//1327 1331//1331 1333//1333
f 1329//1329 1337//1337 1331//1331
f 1328//1328 1332//1332 1330//1330
f 1326//1326 1333//1333 1332//1332
f 1330//1330 1332//1332 1334//1334
f 1331//1331 1336//1336 1333//1333
f 1331//1331 1337//1337 1339//1339
f 1330//1330 1334//1334 1337//1337
f 1332//1332 1333//1333 1338//1338
f 1333//1333 1335//1335 1338//1338
f 1333//1333 1336//1336 1335//1335
f 1331//1331 1339//1339 1336//1336
f 1334//1334 1332//1332 1338//1338
f 1337//1337 1334//1334 1340//1340
f 1337//1337 1342//1342 1339//1339
f 1337//1337 1340//1340 1342//1342
f 1334//1334 1338//1338 1340//1340
f 1338//1338 1341//1341 1340//1340
f 1338//1338 1335//1335 1341//1341
f 1336//1336 1339//1339 1343//1343
f 1339//1339 1342//1342 1343//1343
f 1336//1336 1345//1345 1335//1335
f 1336//1336 1343//1343 1345//1345
f 1335//1335 1344//1344 1341//1341
f 1335//1335 1345//1345 1344//1344
f 1343//1343 1342//1342 1348//1348
f 1342//1342 1346//1346 1348//1348
f 1342//1342 1340//1340 1346//1346
f 1341//1341 1344//1344 1347//1347
f 1343//1343 1348//1348 1345//1345
f 1341//1341 1347//1347 1340//1340
f 1340//1340 1347//1347 1346//1346
f 1344//1344 1350//1350 1347//1347
f 1344//1344 1345//1345 1350//1350
f 1345//1345 1352//1352 1350//1350
f 1345//1345 1348//1348 1352//1352
f 1348//1348 1346//1346 1351//1351
f 1346//1346 1354//1354 1351//1351
f 1348//1348 1351//1351 1352//1352
f 1347//1347 1349//1349 1346//1346
f 1347//1347 1350//1350 1349//1349
f 1346//1346 1349//1349 1354//1354
f 1350//1350 1352//1352 1353//1353
f 1350//1350 1353//1353 1349//1349
f 1351//1351 1358//1358 1352//1352
f 1351//1351 1354//1354 1358//1358
f 1349//1349 1356//1356 1354//1354
f 1349//1349 1353//1353 1356//1356
f 1353//1353 1352//1352 1357//1357
f 1353//1353 1357//1357 1355//1355
f 1352//1352 1360//1360 1357//1357
f 1352//1352 1358//1358 1360//1360
f 1354//1354 1356//1356 1362//1362
f 1353//1353 1355//1355 1356//1356
f 1354//1354 1361//1361 1358//1358
f 1354//1354 1362//1362 1361//1361
f 1356//1356 1359//1359 1362//1362
f 1356//1356 1355//1355 1359//1359
f 1355//1355 1364//1364 1359//1359
f 1355//1355 1357//1357 1364//1364
f 1358//1358 1361//1361 1360//1360
f 1359//1359 1364//1364 1363//1363
f 1360//1360 1365//1365 1357//1357
f 1361//1361 1362//1362 1368//1368
f 1359//1359 1363//1363 1362//1362
f 1360//1360 1370//1370 1365//1365
f 1360//1360 1361//1361 1370//1370
f 1357//1357 1365//1365 1364//1364
f 1365//1365 1370//1370 1369//1369
f 1361//1361 1368//1368 1370//1370
f 1362//1362 1371//1371 1368//1368
f 1362//1362 1363//1363 1371//1371
f 1363//1363 1366//1366 1371//1371
f 1363//1363 1364//1364 1367//1367
f 1364//1364 1365//1365 1373//1373
f 1363//1363 1367//1367 1366//1366
f 1364//1364 1373//1373 1367//1367
f 1370//1370 1372//1372 1369//1369
f 1370//1370 1375//1375 1372//1372
f 1370//1370 1368//1368 1375//1375
f 1365//1365 1374//1374 1373//1373
f 1365//1365 1369//1369 1374//1374
f 1368//1368 1371//1371 1375//1375
f 1366//1366 1377//1377 1371//1371
f 1367//1367 1373//1373 1376//1376
f 1369//1369 1372//1372 1374//1374
f 1375//1375 1383//1383 1372//1372
f 1371//1371 1377//1377 1384//1384
f 1366//1366 1367//1367 1377//1377
f 1367//1367 1376//1376 1377//1377
f 1373//1373 1374//1374 1376//1376
f 1375//1375 1378//1378 1383//1383
f 1375//1375 1371//1371 1378//1378
f 1371//1371 1384//1384 1378//1378
f 1376//1376 1379//1379 1377//1377
f 1372//1372 1381//1381 1374//1374
f 1372//1372 1383//1383 1381//1381
f 1376//1376 1380//1380 1379//1379
f 1376//1376 1374//1374 1380//1380
f 1374//1374 1386//1386 1380//1380
f 1374//1374 1381//1381 1386//1386
f 1377//1377 1379//1379 1384//1384
f 1379//1379 1380//1380 1382//1382
f 1379//1379 1382//1382 1388//1388
f 1381//1381 1383//1383 1389//1389
f 1384//1384 1387//1387 1378//1378
f 1384//1384 1388//1388 1387//1387
f 1384//1384 1379//1379 1388//1388
f 1381//1381 1389//1389 1386//1386
f 1383//1383 1385//1385 1389//1389
f 1383//1383 1378//1378 1385//1385
f 1378//1378 1387//1387 1385//1385
f 1386//1386 1398//1398 1380//1380
f 1386//1386 1394//1394 1398//1398
f 1386//1386 1389//1389 1394//1394
f 1388//1388 1390//1390 1387//1387
f 1388//1388 1382//1382 1390//1390
f 1380//1380 1398//1398 1382//1382
f 1387//1387 1392//1392 1385//1385
f 1387//1387 1390//1390 1392//1392
f 1382//1382 1393//1393 1390//1390
f 1382//1382 1398//1398 1393//1393
f 1389//1389 1391//1391 1394//1394
f 1389//1389 1385//1385 1391//1391
f 1390//1390 1396//1396 1392//1392
f 1390//1390 1393//1393 1396//1396
f 1394//1394 1399//1399 1398//1398
f 1385//1385 1395//1395 1391//1391
f 1385//1385 1392//1392 1395//1395
f 1393//1393 1397//1397 1396//1396
f 1393//1393 1398//1398 1397//1397
f 1394//1394 1391//1391 1399//1399
f 1396//1396 1397//1397 1400//1400
f 1398//1398 1399//1399 1397//1397
f 1395//1395 1392//1392 1401//1401
f 1392//1392 1396//1396 1401//1401
f 1396//1396 1400//1400 1401//1401
f 1400//1400 1397//1397 1402//1402
f 1399//1399 1391//1391 1403//1403
f 1397//1397 1406//1406 1402//1402
f 1397//1397 1399//1399 1406//1406
f 1399//1399 1403//1403 1406//1406
f 1395//1395 1401//1401 1408//1408
f 1400//1400 1405//1405 1401//1401
f 1400//1400 1402//1402 1405//1405
f 1391//1391 1404//1404 1403//1403
f 1391//1391 1395//1395 1404//1404
f 1395//1395 1408//1408 1404//1404
f 1402//1402 1407//1407 1405//1405
f 1402//1402 1406//1406 1407//1407
f 1404//1404 1412//1412 1403//1403
f 1404//1404 1408//1408 1412//1412
f 1408//1408 1401//1401 1411//1411
f 1401//1401 1409//1409 1411//1411
f 1405//1405 1407//1407 1413//1413
f 1406//1406 1416//1416 1407//1407
f 1406//1406 1403//1403 1416//1416
f 1403//1403 1412//1412 1416//1416
f 1408//1408 1411//1411 1412//1412
f 1401//1401 1405//1405 1409//1409
f 1405//1405 1413//1413 1409//1409
f 1407//1407 1410//1410 1413//1413
f 1407//1407 1416//1416 1410//1410
f 1413//1413 1410//1410 1414//1414
f 1412//1412 1411//1411 1418//1418
f 1412//1412 1418//1418 1416//1416
f 1411//1411 1415//1415 1418//1418
f 1411//1411 1409//1409 1415//1415
f 1409//1409 1420//1420 1415//1415
f 1409//1409 1413//1413 1420//1420
f 1413//1413 1414//1414 1420//1420
f 1416//1416 1423//1423 1410//1410
f 1416//1416 1421//1421 1423//1423
f 1416//1416 1418//1418 1421//1421
f 1414//1414 1410//1410 1417//1417
f 1410//1410 1423//1423 1417//1417
f 1420//1420 1414//1414 1425//1425
f 1414//1414 1417//1417 1425//1425
f 1415//1415 1419//1419 1418//1418
f 1415//1415 1420//1420 1419//1419
f 1425//1425 1417//1417 1422//1422
f 1418//1418 1419//1419 1421//1421
f 1420//1420 1425//1425 1419//1419
f 1425//1425 1422//1422 1426//1426
f 1417//1417 1423//1423 1422//1422
f 1421//1421 1424//1424 1423//1423
f 1421//1421 1428//1428 1424//1424
f 1421//1421 1419//1419 1428//1428
f 1423//1423 1429//1429 1422//1422
f 1423//1423 1424//1424 1429//1429
f 1422//1422 1429//1429 1426//1426
f 1419//1419 1431//1431 1430//1430
f 1419//1419 1425//1425 1431//1431
f 1425//1425 1426//1426 1431//1431
f 1426//1426 1429//1429 1427//1427
f 1419//1419 1430//1430 1428//1428
f 1426//1426 1427//1427 1431//1431
f 1429//1429 1435//1435 1427//1427
f 1431//1431 1427//1427 1434//1434
f 1428//1428 1436//1436 1424//1424
f 1428//1428 1430//1430 1436//1436
f 1429//1429 1432//1432 1435//1435
f 1429//1429 1424//1424 1432//1432
f 1424//1424 1436//1436 1432//1432
f 1431//1431 1442//1442 1430//1430
f 1431//1431 1434//1434 1442//1442
f 1427//1427 1435//1435 1434//1434
f 1430//1430 1433//1433 1436//1436
f 1430//1430 1442//1442 1433//1433
f 1435//1435 1438//1438 1437//1437
f 1436//1436 1433//1433 1439//1439
f 1434//1434 1435//1435 1437//1437
f 1435//1435 1432//1432 1438//1438
f 1436//1436 1440//1440 1432//1432
f 1436//1436 1439//1439 1440//1440
f 1433//1433 1441//1441 1439//1439
f 1434//1434 1437//1437 1442//1442
f 1433//1433 1442//1442 1441//1441
f 1437//1437 1438//1438 1443//1443
f 1432//1432 1446//1446 1438//1438
f 1432//1432 1440//1440 1446//1446
f 1439//1439 1444//1444 1440//1440
f 1439//1439 1441//1441 1444//1444
f 1442//1442 1449//1449 1441//1441
f 1442//1442 1450//1450 1449//1449
f 1442//1442 1437//1437 1450//1450
f 1437//1437 1443//1443 1450//1450
f 1438//1438 1445//1445 1443//1443
f 1438//1438 1446//1446 1445//1445
f 1441//1441 1448//1448 1444//1444
f 1440//1440 1447//1447 1446//1446
f 1440//1440 1444//1444 1447//1447
f 1441//1441 1449//1449 1448//1448
f 1444//1444 1455//1455 1447//1447
f 1444//1444 1448//1448 1455//1455
f 1443//1443 1451//1451 1450//1450
f 1443//1443 1445//1445 1451//1451
f 1446//1446 1457//1457 1445//1445
f 1446//1446 1447//1447 1457//1457
f 1449//1449 1450//1450 1458//1458
f 1450//1450 1451//1451 1458//1458
f 1445//1445 1452//1452 1451//1451
f 1445//1445 1457//1457 1452//1452
f 1448//1448 1453//1453 1455//1455
f 1448//1448 1449//1449 1453//1453
f 1449//1449 1458//1458 1453//1453
f 1451//1451 1452//1452 1454//1454
f 1451//1451 1454//1454 1458//1458
f 1452//1452 1456//1456 1454//1454
f 1452//1452 1457//1457 1456//1456
f 1447//1447 1459//1459 1457//1457
f 1447//1447 1455//1455 1459//1459
f 1455//1455 1453//1453 1459//1459
f 1457//1457 1465//1465 1456//1456
f 1457//1457 1459//1459 1465//1465
f 1458//1458 1460//1460 1453//1453
f 1458//1458 1454//1454 1460//1460
f 1453//1453 1464//1464 1459//1459
f 1453//1453 1460//1460 1464//1464
f 1454//1454 1456//1456 1461//1461
f 1459//1459 1463//1463 1465//1465
f 1459//1459 1464//1464 1463//1463
f 1454//1454 1461//1461 1460//1460
f 1456//1456 1462//1462 1461//1461
f 1456//1456 1465//1465 1462//1462
f 1461//1461 1467//1467 1460//1460
f 1461//1461 1462//1462 1467//1467
f 1462//1462 1465//1465 1466//1466
f 1460//1460 1467//1467 1464//1464
f 1462//1462 1466//1466 1470//1470
f 1463//1463 1464//1464 1471//1471
f 1462//1462 1470//1470 1467//1467
f 1465//1465 1463//1463 1472//1472
f 1463//1463 1471//1471 1472//1472
f 1464//1464 1468//1468 1471//1471
f 1464//1464 1467//1467 1468//1468
f 1467//1467 1469//1469 1468//1468
f 1467//1467 1470//1470 1469//1469
f 1465//1465 1472//1472 1466//1466
f 1470//1470 1473//1473 1469//1469
f 1470//1470 1466//1466 1473//1473
f 1466//1466 1477//1477 1473//1473
f 1466//1466 1472//1472 1477//1477
f 1472//1472 1475//1475 1477//1477
f 1472//1472 1471//1471 1475//1475
f 1468//1468 1469//1469 1476//1476
f 1469//1469 1473//1473 1474//1474
f 1471//1471 1468//1468 1475//1475
f 1469//1469 1474//1474 1476//1476
f 1468//1468 1481//1481 1475//1475
f 1468//1468 1476//1476 1481//1481
f 1473//1473 1478//1478 1474//1474
f 1473//1473 1477//1477 1478//1478
f 1477//1477 1485//1485 1478//1478
f 1476//1476 1474//1474 1479//1479
f 1474//1474 1478//1478 1479//1479
f 1477//1477 1483//1483 1485//1485
f 1477//1477 1475//1475 1483//1483
f 1475//1475 1481//1481 1480//1480
f 1476//1476 1479//1479 1481//1481
f 1479//1479 1478//1478 1482//1482
f 1475//1475 1480//1480 1483//1483
f 1481//1481 1484//1484 1480//1480
f 1481//1481 1479//1479 1484//1484
f 1479//1479 1482//1482 1484//1484
f 1478//1478 1486//1486 1482//1482
f 1478//1478 1485//1485 1486//1486
f 1480//1480 1484//1484 1489//1489
f 1480//1480 1488//1488 1483//1483
f 1480//1480 1489//1489 1488//1488
f 1485//1485 1494//1494 1486//1486
f 1485//1485 1483//1483 1494//1494
f 1482//1482 1486//1486 1487//1487
f 1486//1486 1490//1490 1487//1487
f 1486//1486 1494//1494 1490//1490
f 1483//1483 1488//1488 1494//1494
f 1482//1482 1487//1487 1484//1484
f 1487//1487 1490//1490 1495//1495
f 1488//1488 1489//1489 1491//1491
f 1484//1484 1492//1492 1489//1489
f 1484//1484 1497//1497 1492//1492
f 1484//1484 1487//1487 1497//1497
f 1487//1487 1495//1495 1497//1497
f 1490//1490 1493//1493 1495//1495
f 1490//1490 1494//1494 1493//1493
f 1488//1488 1491//1491 1494//1494
f 1489//1489 1499//1499 1491//1491
f 1489//1489 1492//1492 1499//1499
f 1494//1494 1496//1496 1493//1493
f 1494//1494 1491//1491 1496//1496
f 1492//1492 1501//1501 1499//1499
f 1492//1492 1497//1497 1501//1501
f 1497//1497 1502//1502 1501//1501
f 1497//1497 1498//1498 1502//1502
f 1497//1497 1495//1495 1498//1498
f 1495//1495 1493//1493 1498//1498
f 1491//1491 1507//1507 1496//1496
f 1499//1499 1500//1500 1491//1491
f 1493//1493 1503//1503 1498//1498
f 1493//1493 1496//1496 1503//1503
f 1491//1491 1500//1500 1507//1507
f 1499//1499 1501//1501 1500//1500
f 1498//1498 1504//1504 1502//1502
f 1498//1498 1503//1503 1504//1504
f 1507//1507 1508//1508 1496//1496
f 1500//1500 1509//1509 1507//1507
f 1496//1496 1505//1505 1503//1503
f 1496//1496 1508//1508 1505//1505
f 1502//1502 1511//1511 1501//1501
f 1502//1502 1504//1504 1511//1511
f 1503//1503 1506//1506 1504//1504
f 1503//1503 1505//1505 1506//1506
f 1501//1501 1510//1510 1500//1500
f 1501//1501 1511//1511 1510//1510
f 1504//1504 1506//1506 1512//1512
f 1500//1500 1510//1510 1509//1509
f 1504//1504 1512//1512 1511//1511
f 1508//1508 1507//1507 1515//1515
f 1507//1507 1509//1509 1515//1515
f 1506//1506 1513//1513 1512//1512
f 1506//1506 1505//1505 1513//1513
f 1508//1508 1515//1515 1505//1505
f 1511//1511 1514//1514 1510//1510
f 1511//1511 1512//1512 1514//1514
f 1512//1512 1513//1513 1514//1514
f 1505//1505 1517//1517 1513//1513
f 1505//1505 1515//1515 1517//1517
f 1510//1510 1514//1514 1522//1522
f 1514//1514 1513//1513 1519//1519
f 1513//1513 1517//1517 1519//1519
f 1509//1509 1516//1516 1515//1515
f 1509//1509 1510//1510 1516//1516
f 1510//1510 1520//1520 1516//1516
f 1510//1510 1522//1522 1520//1520
f 1515//1515 1518//1518 1517//1517
f 1515//1515 1516//1516 1518//1518
f 1517//1517 1518//1518 1523//1523
f 1514//1514 1519//1519 1522//1522
f 1517//1517 1523//1523 1519//1519
f 1516//1516 1520//1520 1518//1518
f 1520//1520 1522//1522 1521//1521
f 1518//1518 1525//1525 1523//1523
f 1518//1518 1520//1520 1525//1525
f 1522//1522 1524//1524 1521//1521
f 1522//1522 1519//1519 1524//1524
f 1519//1519 1523//1523 1524//1524
f 1520//1520 1521//1521 1525//1525
f 1523//1523 1529//1529 1524//1524
f 1523//1523 1527//1527 1529//1529
f 1523//1523 1525//1525 1527//1527
f 1524//1524 1526//1526 1521//1521
f 1524//1524 1529//1529 1526//1526
f 1525//1525 1521//1521 1528//1528
f 1521//1521 1526//1526 1531//1531
f 1525//1525 1528//1528 1527//1527
f 1521//1521 1531//1531 1528//1528
f 1526//1526 1536//1536 1531//1531
f 1529//1529 1533//1533 1530//1530
f 1529//1529 1527//1527 1533//1533
f 1528//1528 1531//1531 1535//1535
f 1526//1526 1529//1529 1532//1532
f 1529//1529 1530//1530 1532//1532
f 1528//1528 1534//1534 1527//1527
f 1528//1528 1535//1535 1534//1534
f 1526//1526 1532//1532 1536//1536
f 1527//1527 1534//1534 1533//1533
f 1531//1531 1541//1541 1535//1535
f 1531//1531 1536//1536 1541//1541
f 1536//1536 1532//1532 1537//1537
f 1533//1533 1538//1538 1530//1530
f 1533//1533 1534//1534 1538//1538
f 1534//1534 1539//1539 1538//1538
f 1534//1534 1535//1535 1539//1539
f 1532//1532 1530//1530 1537//1537
f 1530//1530 1544//1544 1537//1537
f 1530//1530 1538//1538 1544//1544
f 1536//1536 1537//1537 1541//1541
f 1537//1537 1545//1545 1541//1541
f 1535//1535 1540//1540 1539//1539
f 1535//1535 1541//1541 1540//1540
f 1539//1539 1548//1548 1538//1538
f 1539//1539 1540//1540 1548//1548
f 1541//1541 1542//1542 1540//1540
f 1541//1541 1545//1545 1542//1542
f 1537//1537 1543//1543 1545//1545
f 1537//1537 1544//1544 1543//1543
f 1538//1538 1547//1547 1544//1544
f 1538//1538 1548//1548 1547//1547
f 1543//1543 1544//1544 1546//1546
f 1544//1544 1547//1547 1546//1546
f 1540//1540 1550//1550 1548//1548
f 1540//1540 1542//1542 1550//1550
f 1545//1545 1549//1549 1542//1542
f 1545//1545 1543//1543 1549//1549
f 1543//1543 1546//1546 1549//1549
f 1548//1548 1550//1550 1547//1547
f 1542//1542 1549//1549 1555//1555
f 1549//1549 1556//1556 1555//1555
f 1549//1549 1553//1553 1556//1556
f 1547//1547 1550//1550 1551//1551
f 1550//1550 1542//1542 1554//1554
f 1542//1542 1555//1555 1554//1554
f 1549//1549 1546//1546 1553//1553
f 1550//1550 1557//1557 1551//1551
f 1547//1547 1551//1551 1546//1546
f 1550//1550 1554//1554 1557//1557
f 1546//1546 1552//1552 1553//1553
f 1546//1546 1551//1551 1552//1552
f 1553//1553 1552//1552 1560//1560
f 1553//1553 1560//1560 1556//1556
f 1555//1555 1556//1556 1558//1558
f 1556//1556 1560//1560 1558//1558
f 1552//1552 1561//1561 1560//1560
f 1552//1552 1551//1551 1561//1561
f 1551//1551 1557//1557 1562//1562
f 1554//1554 1559//1559 1557//1557
f 1554//1554 1555//1555 1559//1559
f 1555//1555 1558//1558 1559//1559
f 1557//1557 1563//1563 1562//1562
f 1557//1557 1559//1559 1563//1563
f 1560//1560 1561//1561 1565//1565
f 1551//1551 1562//1562 1561//1561
f 1560//1560 1565//1565 1558//1558
f 1561//1561 1567//1567 1565//1565
f 1561//1561 1562//1562 1567//1567
f 1559//1559 1564//1564 1563//1563
f 1559//1559 1566//1566 1564//1564
f 1559//1559 1558//1558 1566//1566
f 1567//1567 1562//1562 1568//1568
f 1562//1562 1563//1563 1568//1568
f 1565//1565 1567//1567 1569//1569
f 1567//1567 1568//1568 1569//1569
f 1563//1563 1570//1570 1568//1568
f 1563//1563 1564//1564 1570//1570
f 1565//1565 1569//1569 1558//1558
f 1566//1566 1558//1558 1571//1571
f 1558//1558 1569//1569 1571//1571
f 1568//1568 1572//1572 1569//1569
f 1564//1564 1574//1574 1570//1570
f 1564//1564 1566//1566 1574//1574
f 1566//1566 1571//1571 1574//1574
f 1570//1570 1573//1573 1568//1568
f 1570//1570 1574//1574 1573//1573
f 1568//1568 1573//1573 1578//1578
f 1569//1569 1577//1577 1571//1571
f 1569//1569 1572//1572 1577//1577
f 1568//1568 1578//1578 1572//1572
f 1571//1571 1579//1579 1574//1574
f 1571//1571 1577//1577 1579//1579
f 1572//1572 1575//1575 1577//1577
f 1572//1572 1578//1578 1575//1575
f 1574//1574 1576//1576 1573//1573
f 1574//1574 1579//1579 1576//1576
f 1577//1577 1580//1580 1579//1579
f 1577//1577 1575//1575 1580//1580
f 1576//1576 1582//1582 1573//1573
f 1573//1573 1581//1581 1578//1578
f 1573//1573 1582//1582 1581//1581
f 1578//1578 1588//1588 1575//1575
f 1578//1578 1581//1581 1588//1588
f 1579//1579 1580//1580 1585//1585
f 1580//1580 1575//1575 1584//1584
f 1575//1575 1587//1587 1584//1584
f 1575//1575 1588//1588 1587//1587
f 1576//1576 1583//1583 1582//1582
f 1576//1576 1579//1579 1583//1583
f 1579//1579 1585//1585 1583//1583
f 1582//1582 1583//1583 1581//1581
f 1580//1580 1584//1584 1585//1585
f 1581//1581 1586//1586 1588//1588
f 1581//1581 1583//1583 1586//1586
f 1586//1586 1583//1583 1593//1593
f 1583//1583 1592//1592 1593//1593
f 1583//1583 1585//1585 1592//1592
f 1585//1585 1584//1584 1589//1589
f 1588//1588 1590//1590 1587//1587
f 1588//1588 1586//1586 1590//1590
f 1585//1585 1589//1589 1592//1592
f 1584//1584 1594//1594 1589//1589
f 1584//1584 1587//1587 1594//1594
f 1587//1587 1591//1591 1594//1594
f 1587//1587 1590//1590 1591//1591
f 1589//1589 1595//1595 1592//1592
f 1589//1589 1594//1594 1595//1595
f 1594//1594 1591//1591 1598//1598
f 1590//1590 1602//1602 1591//1591
f 1590//1590 1586//1586 1602//1602
f 1592//1592 1595//1595 1596//1596
f 1586//1586 1600//1600 1602//1602
f 1586//1586 1593//1593 1600//1600
f 1592//1592 1596//1596 1593//1593
f 1593//1593 1601//1601 1600//1600
f 1595//1595 1597//1597 1596//1596
f 1595//1595 1594//1594 1597//1597
f 1594//1594 1598//1598 1597//1597
f 1591//1591 1602//1602 1598//1598
f 1593//1593 1596//1596 1601//1601
f 1597//1597 1598//1598 1608//1608
f 1598//1598 1599//1599 1608//1608
f 1598//1598 1602//1602 1599//1599
f 1600//1600 1603//1603 1602//1602
f 1596//1596 1597//1597 1605//1605
f 1597//1597 1608//1608 1605//1605
f 1599//1599 1602//1602 1603//1603
f 1596//1596 1604//1604 1601//1601
f 1596//1596 1605//1605 1604//1604
f 1603//1603 1600//1600 1609//1609
f 1600//1600 1601//1601 1609//1609
f 1601//1601 1607//1607 1609//1609
f 1608//1608 1599//1599 1606//1606
f 1599//1599 1603//1603 1606//1606
f 1601//1601 1604//1604 1607//1607
f 1607//1607 1610//1610 1609//1609
f 1608//1608 1606//1606 1605//1605
f 1606//1606 1613//1613 1605//1605
f 1606//1606 1603//1603 1613//1613
f 1603//1603 1611//1611 1613//1613
f 1609//1609 1612//1612 1603//1603
f 1609//1609 1610//1610 1612//1612
f 1607//1607 1604//1604 1610//1610
f 1604//1604 1614//1614 1610//1610
f 1603//1603 1612//1612 1611//1611
f 1604//1604 1605//1605 1614//1614
f 1605//1605 1616//1616 1614//1614
f 1605//1605 1613//1613 1616//1616
f 1613//1613 1611//1611 1617//1617
f 1610//1610 1615//1615 1612//1612
f 1610//1610 1614//1614 1615//1615
f 1613//1613 1617//1617 1616//1616
f 1616//1616 1619//1619 1614//1614
f 1616//1616 1617//1617 1619//1619
f 1612//1612 1618//1618 1611//1611
f 1612//1612 1615//1615 1618//1618
f 1614//1614 1621//1621 1615//1615
f 1614//1614 1619//1619 1621//1621
f 1611//1611 1620//1620 1617//1617
f 1611//1611 1618//1618 1620//1620
f 1617//1617 1622//1622 1619//1619
f 1617//1617 1620//1620 1622//1622
f 1615//1615 1621//1621 1623//1623
f 1615//1615 1623//1623 1618//1618
f 1621//1621 1624//1624 1623//1623
f 1621//1621 1619//1619 1624//1624
f 1619//1619 1625//1625 1624//1624
f 1619//1619 1622//1622 1625//1625
f 1618//1618 1629//1629 1620//1620
f 1618//1618 1623//1623 1629//1629
f 1620//1620 1628//1628 1622//1622
f 1620//1620 1629//1629 1628//1628
f 1622//1622 1628//1628 1625//1625
f 1625//1625 1626//1626 1624//1624
f 1625//1625 1628//1628 1631//1631
f 1623//1623 1630//1630 1629//1629
f 1623//1623 1624//1624 1630//1630
f 1625//1625 1631//1631 1626//1626
f 1624//1624 1627//1627 1630//1630
f 1624//1624 1626//1626 1627//1627
f 1629//1629 1632//1632 1628//1628
f 1628//1628 1632//1632 1631//1631
f 1629//1629 1633//1633 1632//1632
f 1629//1629 1630//1630 1633//1633
f 1626//1626 1631//1631 1634//1634
f 1631//1631 1635//1635 1634//1634
f 1631//1631 1632//1632 1635//1635
f 1630//1630 1636//1636 1633//1633
f 1630//1630 1627//1627 1636//1636
f 1626//1626 1634//1634 1627//1627
f 1634//1634 1635//1635 1639//1639
f 1633//1633 1641//1641 1632//1632
f 1633//1633 1636//1636 1641//1641
f 1632//1632 1641//1641 1640//1640
f 1627//1627 1637//1637 1636//1636
f 1627//1627 1638//1638 1637//1637
f 1627//1627 1634//1634 1638//1638
f 1634//1634 1639//1639 1638//1638
f 1632//1632 1640//1640 1635//1635
f 1636//1636 1643//1643 1641//1641
f 1636//1636 1637//1637 1643//1643
f 1635//1635 1640//1640 1639//1639
f 1638//1638 1639//1639 1642//1642
f 1639//1639 1645//1645 1642//1642
f 1639//1639 1640//1640 1645//1645
f 1638//1638 1642//1642 1637//1637
f 1637//1637 1644//1644 1643//1643
f 1637//1637 1642//1642 1644//1644
f 1641//1641 1647//1647 1640//1640
f 1641//1641 1643//1643 1647//1647
f 1643//1643 1644//1644 1649//1649
f 1642//1642 1645//1645 1648//1648
f 1645//1645 1646//1646 1648//1648
f 1645//1645 1640//1640 1646//1646
f 1643//1643 1649//1649 1647//1647
f 1642//1642 1648//1648 1644//1644
f 1640//1640 1650//1650 1646//1646
f 1640//1640 1647//1647 1650//1650
f 1644//1644 1651//1651 1649//1649
f 1644//1644 1648//1648 1651//1651
f 1648//1648 1652//1652 1651//1651
f 1648//1648 1646//1646 1652//1652
f 1647//1647 1655//1655 1650//1650
f 1647//1647 1649//1649 1655//1655
f 1651//1651 1653//1653 1649//1649
f 1646//1646 1654//1654 1652//1652
f 1646//1646 1650//1650 1654//1654
f 1650//1650 1655//1655 1654//1654
f 1649//1649 1656//1656 1655//1655
f 1649//1649 1653//1653 1656//1656
f 1652//1652 1653//1653 1651//1651
f 1652//1652 1658//1658 1653//1653
f 1652//1652 1654//1654 1658//1658
f 1654//1654 1667//1667 1658//1658
f 1658//1658 1667//1667 1662//1662
f 1655//1655 1660//1660 1654//1654
f 1654//1654 1660//1660 1667//1667
f 1655//1655 1661//1661 1660//1660
f 1655//1655 1656//1656 1661//1661
f 1653//1653 1657//1657 1656//1656
f 1653//1653 1658//1658 1657//1657
f 1656//1656 1659//1659 1661//1661
f 1656//1656 1657//1657 1659//1659
f 1662//1662 1667//1667 1664//1664
f 1661//1661 1659//1659 1670//1670
f 1658//1658 1663//1663 1657//1657
f 1658//1658 1662//1662 1663//1663
f 1660//1660 1668//1668 1667//1667
f 1660//1660 1661//1661 1668//1668
f 1662//1662 1664//1664 1663//1663
f 1664//1664 1666//1666 1665//1665
f 1664//1664 1667//1667 1666//1666
f 1661//1661 1670//1670 1668//1668
f 1664//1664 1665//1665 1663//1663
f 1667//1667 1668//1668 1666//1666
f 1657//1657 1675//1675 1659//1659
f 1657//1657 1663//1663 1675//1675
f 1663//1663 1669//1669 1675//1675
f 1663//1663 1665//1665 1669//1669
f 1659//1659 1675//1675 1674//1674
f 1659//1659 1674//1674 1670//1670
f 1670//1670 1673//1673 1668//1668
f 1670//1670 1674//1674 1673//1673
f 1665//1665 1666//1666 1669//1669
f 1666//1666 1672//1672 1671//1671
f 1666//1666 1668//1668 1672//1672
f 1668//1668 1673//1673 1672//1672
f 1666//1666 1671//1671 1669//1669
f 1673//1673 1674//1674 1678//1678
f 1674//1674 1675//1675 1680//1680
f 1675//1675 1676//1676 1680//1680
f 1675//1675 1669//1669 1676//1676
f 1669//1669 1671//1671 1676//1676
f 1671//1671 1672//1672 1677//1677
f 1678//1678 1674//1674 1681//1681
f 1674//1674 1680//1680 1681//1681
f 1673//1673 1678//1678 1672//1672
f 1671//1671 1682//1682 1676//1676
f 1671//1671 1677//1677 1682//1682
f 1677//1677 1679//1679 1682//1682
f 1672//1672 1683//1683 1677//1677
f 1672//1672 1678//1678 1683//1683
f 1676//1676 1685//1685 1680//1680
f 1676//1676 1682//1682 1685//1685
f 1677//1677 1683//1683 1679//1679
f 1681//1681 1689//1689 1678//1678
f 1680//1680 1685//1685 1681//1681
f 1678//1678 1689//1689 1683//1683
f 1682//1682 1684//1684 1685//1685
f 1682//1682 1679//1679 1684//1684
f 1679//1679 1687//1687 1684//1684
f 1679//1679 1683//1683 1687//1687
f 1681//1681 1691//1691 1689//1689
f 1681//1681 1685//1685 1691//1691
f 1684//1684 1687//1687 1686//1686
f 1689//1689 1688//1688 1683//1683
f 1684//1684 1686//1686 1685//1685
f 1683//1683 1693//1693 1687//1687
f 1685//1685 1686//1686 1691//1691
f 1686//1686 1687//1687 1690//1690
f 1689//1689 1691//1691 1688//1688
f 1686//1686 1690//1690 1692//1692
f 1683//1683 1688//1688 1693//1693
f 1691//1691 1686//1686 1694//1694
f 1686//1686 1692//1692 1694//1694
f 1687//1687 1693//1693 1690//1690
f 1691//1691 1696//1696 1688//1688
f 1691//1691 1694//1694 1696//1696
f 1688//1688 1695//1695 1693//1693
f 1688//1688 1696//1696 1695//1695
f 1693//1693 1695//1695 1698//1698
f 1690//1690 1699//1699 1692//1692
f 1690//1690 1697//1697 1699//1699
f 1690//1690 1698//1698 1697//1697
f 1690//1690 1693//1693 1698//1698
f 1692//1692 1699//1699 1694//1694
f 1696//1696 1705//1705 1695//1695
f 1696//1696 1701//1701 1705//1705
f 1696//1696 1694//1694 1701//1701
f 1695//1695 1705//1705 1698//1698
f 1694//1694 1699//1699 1701//1701
f 1699//1699 1706//1706 1701//1701
f 1699//1699 1697//1697 1706//1706
f 1697//1697 1698//1698 1703//1703
f 1698//1698 1700//1700 1703//1703
f 1705//1705 1704//1704 1698//1698
f 1697//1697 1703//1703 1706//1706
f 1698//1698 1704//1704 1700//1700
f 1706//1706 1702//1702 1701//1701
f 1701//1701 1702//1702 1705//1705
f 1704//1704 1705//1705 1711//1711
f 1706//1706 1707//1707 1702//1702
f 1706//1706 1703//1703 1707//1707
f 1703//1703 1708//1708 1707//1707
f 1703//1703 1700//1700 1708//1708
f 1700//1700 1704//1704 1708//1708
f 1704//1704 1709//1709 1708//1708
f 1704//1704 1711//1711 1709//1709
f 1705//1705 1710//1710 1711//1711
f 1705//1705 1702//1702 1710//1710
f 1702//1702 1707//1707 1713//1713
f 1709//1709 1716//1716 1708//1708
f 1702//1702 1713//1713 1710//1710
f 1708//1708 1715//1715 1707//1707
f 1708//1708 1716//1716 1715//1715
f 1710//1710 1712//1712 1711//1711
f 1710//1710 1720//1720 1712//1712
f 1710//1710 1713//1713 1720//1720
f 1713//1713 1707//1707 1714//1714
f 1711//1711 1717//1717 1709//1709
f 1711//1711 1712//1712 1717//1717
f 1707//1707 1715//1715 1714//1714
f 1709//1709 1719//1719 1716//1716
f 1709//1709 1717//1717 1719//1719
f 1713//1713 1714//1714 1720//1720
f 1715//1715 1716//1716 1718//1718
f 1715//1715 1718//1718 1714//1714
f 1714//1714 1718//1718 1721//1721
f 1712//1712 1724//1724 1717//1717
f 1712//1712 1720//1720 1724//1724
f 1720//1720 1727//1727 1724//1724
f 1714//1714 1721//1721 1720//1720
f 1718//1718 1716//1716 1721//1721
f 1716//1716 1722//1722 1721//1721
f 1716//1716 1719//1719 1722//1722
f 1717//1717 1724//1724 1719//1719
f 1719//1719 1723//1723 1722//1722
f 1719//1719 1724//1724 1723//1723
f 1720//1720 1721//1721 1727//1727
f 1727//1727 1726//1726 1724//1724
f 1721//1721 1722//1722 1725//1725
f 1724//1724 1730//1730 1723//1723
f 1724//1724 1726//1726 1730//1730
f 1721//1721 1725//1725 1727//1727
f 1722//1722 1723//1723 1725//1725
f 1723//1723 1730//1730 1732//1732
f 1725//1725 1723//1723 1728//1728
f 1727//1727 1738//1738 1726//1726
f 1723//1723 1729//1729 1728//1728
f 1723//1723 1732//1732 1729//1729
f 1726//1726 1731//1731 1730//1730
f 1726//1726 1738//1738 1731//1731
f 1727//1727 1733//1733 1738//1738
f 1727//1727 1725//1725 1733//1733
f 1725//1725 1728//1728 1733//1733
f 1730//1730 1735//1735 1732//1732
f 1730//1730 1731//1731 1735//1735
f 1729//1729 1734//1734 1728//1728
f 1733//1733 1739//1739 1738//1738
f 1733//1733 1736//1736 1739//1739
f 1733//1733 1728//1728 1736//1736
f 1728//1728 1734//1734 1736//1736
f 1731//1731 1737//1737 1735//1735
f 1731//1731 1738//1738 1737//1737
f 1729//1729 1732//1732 1740//1740
f 1732//1732 1741//1741 1740//1740
f 1732//1732 1735//1735 1741//1741
f 1738//1738 1739//1739 1737//1737
f 1729//1729 1740//1740 1734//1734
f 1735//1735 1737//1737 1741//1741
f 1737//1737 1739//1739 1746//1746
f 1736//1736 1734//1734 1743//1743
f 1736//1736 1743//1743 1739//1739
f 1739//1739 1743//1743 1746//1746
f 1734//1734 1744//1744 1743//1743
f 1734//1734 1740//1740 1744//1744
f 1740//1740 1741//1741 1745//1745
f 1737//1737 1742//1742 1741//1741
f 1737//1737 1746//1746 1742//1742
f 1743//1743 1744//1744 1748//1748
f 1743//1743 1748//1748 1746//1746
f 1740//1740 1747//1747 1744//1744
f 1740//1740 1745//1745 1747//1747
f 1741//1741 1742//1742 1745//1745
f 1746//1746 1748//1748 1749//1749
f 1744//1744 1747//1747 1748//1748
f 1742//1742 1746//1746 1750//1750
f 1745//1745 1742//1742 1751//1751
f 1746//1746 1749//1749 1750//1750
f 1747//1747 1745//1745 1754//1754
f 1745//1745 1751//1751 1754//1754
f 1748//1748 1747//1747 1752//1752
f 1747//1747 1759//1759 1752//1752
f 1747//1747 1754//1754 1759//1759
f 1742//1742 1750//1750 1751//1751
f 1749//1749 1748//1748 1753//1753
f 1748//1748 1752//1752 1753//1753
f 1750//1750 1756//1756 1751//1751
f 1749//1749 1753//1753 1750//1750
f 1752//1752 1759//1759 1757//1757
f 1750//1750 1753//1753 1756//1756
f 1756//1756 1762//1762 1751//1751
f 1753//1753 1752//1752 1755//1755
f 1752//1752 1757//1757 1755//1755
f 1751//1751 1758//1758 1754//1754
f 1751//1751 1762//1762 1758//1758
f 1753//1753 1755//1755 1756//1756
f 1754//1754 1761//1761 1759//1759
f 1754//1754 1758//1758 1761//1761
f 1758//1758 1762//1762 1760//1760
f 1759//1759 1761//1761 1757//1757
f 1761//1761 1758//1758 1764//1764
f 1758//1758 1760//1760 1764//1764
f 1756//1756 1768//1768 1762//1762
f 1756//1756 1755//1755 1768//1768
f 1757//1757 1763//1763 1755//1755
f 1757//1757 1761//1761 1763//1763
f 1755//1755 1763//1763 1765//1765
f 1755//1755 1765//1765 1768//1768
f 1768//1768 1765//1765 1769//1769
f 1761//1761 1767//1767 1763//1763
f 1761//1761 1764//1764 1767//1767
f 1762//1762 1766//1766 1760//1760
f 1762//1762 1768//1768 1766//1766
f 1763//1763 1770//1770 1765//1765
f 1763//1763 1767//1767 1770//1770
f 1760//1760 1772//1772 1764//1764
f 1760//1760 1766//1766 1772//1772
f 1764//1764 1772//1772 1767//1767
f 1768//1768 1769//1769 1777//1777
f 1770//1770 1767//1767 1771//1771
f 1768//1768 1776//1776 1766//1766
f 1768//1768 1777//1777 1776//1776
f 1769//1769 1773//1773 1777//1777
f 1769//1769 1765//1765 1773//1773
f 1765//1765 1770//1770 1773//1773
f 1772//1772 1766//1766 1775//1775
f 1766//1766 1776//1776 1775//1775
f 1770//1770 1771//1771 1773//1773
f 1771//1771 1779//1779 1773//1773
f 1771//1771 1774//1774 1779//1779
f 1771//1771 1767//1767 1774//1774
f 1767//1767 1772//1772 1774//1774
f 1772//1772 1775//1775 1774//1774
f 1776//1776 1777//1777 1783//1783
f 1773//1773 1779//1779 1777//1777
f 1777//1777 1778//1778 1783//1783
f 1777//1777 1779//1779 1778//1778
f 1774//1774 1781//1781 1779//1779
f 1775//1775 1776//1776 1780//1780
f 1776//1776 1783//1783 1780//1780
f 1774//1774 1775//1775 1785//1785
f 1775//1775 1782//1782 1785//1785
f 1775//1775 1780//1780 1782//1782
f 1779//1779 1781//1781 1778//1778
f 1774//1774 1785//1785 1781//1781
f 1781//1781 1785//1785 1784//1784
f 1780//1780 1786//1786 1782//1782
f 1780//1780 1783//1783 1786//1786
f 1783//1783 1778//1778 1786//1786
f 1781//1781 1784//1784 1778//1778
f 1782//1782 1786//1786 1789//1789
f 1778//1778 1787//1787 1786//1786
f 1778//1778 1788//1788 1787//1787
f 1778//1778 1784//1784 1788//1788
f 1788//1788 1784//1784 1790//1790
f 1782//1782 1791//1791 1785//1785
f 1782//1782 1789//1789 1791//1791
f 1788//1788 1792//1792 1787//1787
f 1788//1788 1790//1790 1792//1792
f 1785//1785 1793//1793 1784//1784
f 1785//1785 1791//1791 1793//1793
f 1784//1784 1793//1793 1790//1790
f 1786//1786 1795//1795 1789//1789
f 1786//1786 1787//1787 1795//1795
f 1791//1791 1796//1796 1793//1793
f 1791//1791 1789//1789 1796//1796
f 1789//1789 1795//1795 1796//1796
f 1787//1787 1800//1800 1795//1795
f 1787//1787 1792//1792 1800//1800
f 1790//1790 1794//1794 1792//1792
f 1790//1790 1793//1793 1794//1794
f 1792//1792 1794//1794 1797//1797
f 1796//1796 1795//1795 1798//1798
f 1795//1795 1801//1801 1798//1798
f 1794//1794 1803//1803 1797//1797
f 1794//1794 1802//1802 1803//1803
f 1794//1794 1793//1793 1802//1802
f 1793//1793 1796//1796 1802//1802
f 1795//1795 1799//1799 1801//1801
f 1795//1795 1800//1800 1799//1799
f 1792//1792 1797//1797 1800//1800
f 1796//1796 1798//1798 1802//1802
f 1800//1800 1809//1809 1799//1799
f 1800//1800 1797//1797 1809//1809
f 1803//1803 1802//1802 1804//1804
f 1799//1799 1808//1808 1801//1801
f 1799//1799 1809//1809 1808//1808
f 1797//1797 1806//1806 1809//1809
f 1797//1797 1803//1803 1806//1806
f 1801//1801 1805//1805 1798//1798
f 1801//1801 1808//1808 1805//1805
f 1803//1803 1804//1804 1806//1806
f 1804//1804 1802//1802 1807//1807
f 1802//1802 1798//1798 1807//1807
f 1798//1798 1810//1810 1807//1807
f 1798//1798 1805//1805 1810//1810
f 1806//1806 1812//1812 1809//1809
f 1806//1806 1804//1804 1812//1812
f 1804//1804 1807//1807 1813//1813
f 1805//1805 1808//1808 1811//1811
f 1808//1808 1815//1815 1811//1811
f 1808//1808 1809//1809 1815//1815
f 1804//1804 1813//1813 1812//1812
f 1809//1809 1816//1816 1815//1815
f 1809//1809 1812//1812 1816//1816
f 1805//1805 1811//1811 1810//1810
f 1807//1807 1814//1814 1813//1813
f 1807//1807 1810//1810 1814//1814
f 1810//1810 1817//1817 1814//1814
f 1810//1810 1811//1811 1817//1817
f 1812//1812 1813//1813 1816//1816
f 1813//1813 1814//1814 1820//1820
f 1815//1815 1816//1816 1818//1818
f 1813//1813 1819//1819 1816//1816
f 1813//1813 1820//1820 1819//1819
f 1811//1811 1815//1815 1817//1817
f 1816//1816 1819//1819 1818//1818
f 1814//1814 1822//1822 1820//1820
f 1814//1814 1817//1817 1822//1822
f 1815//1815 1823//1823 1817//1817
f 1815//1815 1818//1818 1823//1823
f 1820//1820 1822//1822 1821//1821
f 1817//1817 1825//1825 1822//1822
f 1817//1817 1823//1823 1825//1825
f 1820//1820 1821//1821 1819//1819
f 1819//1819 1826//1826 1818//1818
f 1819//1819 1821//1821 1826//1826
f 1821//1821 1822//1822 1824//1824
f 1822//1822 1827//1827 1824//1824
f 1821//1821 1824//1824 1826//1826
f 1822//1822 1829//1829 1827//1827
f 1822//1822 1825//1825 1829//1829
f 1825//1825 1823//1823 1829//1829
f 1818//1818 1826//1826 1828//1828
f 1827//1827 1831//1831 1824//1824
f 1823//1823 1834//1834 1829//1829
f 1823//1823 1818//1818 1834//1834
f 1818//1818 1828//1828 1834//1834
f 1824//1824 1831//1831 1830//1830
f 1829//1829 1834//1834 1832//1832
f 1824//1824 1830//1830 1826//1826
f 1829//1829 1832//1832 1827//1827
f 1827//1827 1845//1845 1831//1831
f 1827//1827 1832//1832 1845//1845
f 1826//1826 1835//1835 1828//1828
f 1826//1826 1830//1830 1835//1835
f 1830//1830 1831//1831 1833//1833
f 1832//1832 1834//1834 1837//1837
f 1828//1828 1835//1835 1834//1834
f 1835//1835 1830//1830 1841//1841
f 1830//1830 1833//1833 1841//1841
f 1833//1833 1831//1831 1836//1836
f 1831//1831 1845//1845 1836//1836
f 1832//1832 1839//1839 1845//1845
f 1832//1832 1837//1837 1839//1839
f 1834//1834 1838//1838 1837//1837
f 1834//1834 1835//1835 1838//1838
f 1833//1833 1842//1842 1841//1841
f 1833//1833 1836//1836 1842//1842
f 1836//1836 1844//1844 1843//1843
f 1836//1836 1845//1845 1844//1844
f 1835//1835 1841//1841 1838//1838
f 1837//1837 1838//1838 1840//1840
f 1838//1838 1841//1841 1840//1840
f 1836//1836 1843//1843 1842//1842
f 1837//1837 1846//1846 1839//1839
f 1837//1837 1840//1840 1846//1846
f 1841//1841 1850//1850 1840//1840
f 1841//1841 1842//1842 1850//1850
f 1842//1842 1849//1849 1850//1850
f 1842//1842 1843//1843 1849//1849
f 1839//1839 1846//1846 1845//1845
f 1845//1845 1847//1847 1844//1844
f 1845//1845 1846//1846 1847//1847
f 1843//1843 1848//1848 1849//1849
f 1843//1843 1844//1844 1848//1848
f 1844//1844 1847//1847 1848//1848
f 1849//1849 1848//1848 1852//1852
f 1846//1846 1840//1840 1851//1851
f 1840//1840 1854//1854 1851//1851
f 1840//1840 1850//1850 1854//1854
f 1849//1849 1852//1852 1850//1850
f 1846//1846 1851//1851 1847//1847
f 1850//1850 1857//1857 1854//1854
f 1850//1850 1852//1852 1857//1857
f 1848//1848 1853//1853 1852//1852
f 1848//1848 1847//1847 1853//1853
f 1851//1851 1855//1855 1847//1847
f 1847//1847 1855//1855 1853//1853
f 1852//1852 1853//1853 1858//1858
f 1851//1851 1856//1856 1855//1855
f 1851//1851 1854//1854 1856//1856
f 1857//1857 1852//1852 1858//1858
f 1855//1855 1856//1856 1859//1859
f 1854//1854 1863//1863 1856//1856
f 1854//1854 1857//1857 1863//1863
f 1857//1857 1858//1858 1863//1863
f 1853//1853 1855//1855 1862//1862
f 1855//1855 1859//1859 1862//1862
f 1856//1856 1863//1863 1860//1860
f 1858//1858 1853//1853 1861//1861
f 1853//1853 1862//1862 1861//1861
f 1858//1858 1861//1861 1863//1863
f 1856//1856 1865//1865 1859//1859
f 1856//1856 1860//1860 1865//1865
f 1863//1863 1866//1866 1864//1864
f 1863//1863 1861//1861 1866//1866
f 1863//1863 1864//1864 1860//1860
f 1859//1859 1865//1865 1868//1868
f 1859//1859 1868//1868 1862//1862
f 1861//1861 1862//1862 1870//1870
f 1862//1862 1867//1867 1870//1870
f 1862//1862 1868//1868 1867//1867
f 1861//1861 1870//1870 1866//1866
f 1868//1868 1876//1876 1867//1867
f 1868//1868 1865//1865 1876//1876
f 1864//1864 1874//1874 1860//1860
f 1864//1864 1869//1869 1874//1874
f 1864//1864 1866//1866 1869//1869
f 1866//1866 1870//1870 1869//1869
f 1870//1870 1867//1867 1871//1871
f 1865//1865 1860//1860 1873//1873
f 1860//1860 1874//1874 1873//1873
f 1865//1865 1873//1873 1876//1876
f 1870//1870 1871//1871 1872//1872
f 1870//1870 1872//1872 1869//1869
f 1867//1867 1875//1875 1871//1871
f 1867//1867 1876//1876 1875//1875
f 1869//1869 1872//1872 1879//1879
f 1873//1873 1877//1877 1876//1876
f 1873//1873 1878//1878 1877//1877
f 1873//1873 1874//1874 1878//1878
f 1874//1874 1869//1869 1878//1878
f 1872//1872 1871//1871 1882//1882
f 1876//1876 1877//1877 1875//1875
f 1869//1869 1880//1880 1878//1878
f 1869//1869 1879//1879 1880//1880
f 1872//1872 1882//1882 1879//1879
f 1871//1871 1881//1881 1882//1882
f 1871//1871 1875//1875 1881//1881
f 1877//1877 1885//1885 1875//1875
f 1882//1882 1884//1884 1879//1879
f 1882//1882 1881//1881 1884//1884
f 1881//1881 1875//1875 1885//1885
f 1877//1877 1878//1878 1883//1883
f 1878//1878 1892//1892 1883//1883
f 1878//1878 1880//1880 1892//1892
f 1879//1879 1884//1884 1880//1880
f 1881//1881 1885//1885 1888//1888
f 1877//1877 1886//1886 1885//1885
f 1877//1877 1883//1883 1886//1886
f 1881//1881 1888//1888 1884//1884
f 1880//1880 1884//1884 1892//1892
f 1884//1884 1887//1887 1892//1892
f 1884//1884 1888//1888 1887//1887
f 1885//1885 1889//1889 1888//1888
f 1885//1885 1886//1886 1889//1889
f 1886//1886 1883//1883 1894//1894
f 1887//1887 1888//1888 1890//1890
f 1888//1888 1889//1889 1890//1890
f 1887//1887 1899//1899 1892//1892
f 1887//1887 1890//1890 1899//1899
f 1883//1883 1892//1892 1891//1891
f 1890//1890 1889//1889 1893//1893
f 1886//1886 1894//1894 1889//1889
f 1883//1883 1895//1895 1894//1894
f 1883//1883 1891//1891 1895//1895
f 1892//1892 1899//1899 1891//1891
f 1890//1890 1893//1893 1899//1899
f 1889//1889 1896//1896 1893//1893
f 1889//1889 1894//1894 1896//1896
f 1899//1899 1893//1893 1900//1900
f 1895//1895 1891//1891 1897//1897
f 1893//1893 1898//1898 1900//1900
f 1893//1893 1896//1896 1898//1898
f 1894//1894 1895//1895 1896//1896
f 1891//1891 1899//1899 1897//1897
f 1895//1895 1897//1897 1903//1903
f 1900//1900 1898//1898 1905//1905
f 1896//1896 1902//1902 1898//1898
f 1896//1896 1895//1895 1902//1902
f 1895//1895 1903//1903 1902//1902
f 1899//1899 1904//1904 1897//1897
f 1899//1899 1900//1900 1904//1904
f 1900//1900 1901//1901 1904//1904
f 1900//1900 1905//1905 1901//1901
f 1898//1898 1902//1902 1905//1905
f 1897//1897 1904//1904 1911//1911
f 1905//1905 1908//1908 1901//1901
f 1902//1902 1907//1907 1905//1905
f 1902//1902 1903//1903 1907//1907
f 1897//1897 1911//1911 1903//1903
f 1904//1904 1912//1912 1911//1911
f 1904//1904 1901//1901 1912//1912
f 1901//1901 1908//1908 1912//1912
f 1905//1905 1906//1906 1908//1908
f 1905//1905 1907//1907 1906//1906
f 1903//1903 1910//1910 1907//1907
f 1903//1903 1911//1911 1910//1910
f 1911//1911 1913//1913 1910//1910
f 1908//1908 1914//1914 1912//1912
f 1908//1908 1906//1906 1914//1914
f 1906//1906 1909//1909 1914//1914
f 1907//1907 1910//1910 1917//1917
f 1912//1912 1914//1914 1916//1916
f 1906//1906 1915//1915 1909//1909
f 1906//1906 1907//1907 1915//1915
f 1907//1907 1917//1917 1915//1915
f 1911//1911 1916//1916 1913//1913
f 1911//1911 1912//1912 1916//1916
f 1910//1910 1913//1913 1917//1917
f 1914//1914 1909//1909 1919//1919
f 1916//1916 1914//1914 1918//1918
f 1914//1914 1919//1919 1918//1918
f 1909//1909 1915//1915 1919//1919
f 1915//1915 1922//1922 1919//1919
f 1913//1913 1923//1923 1917//1917
f 1913//1913 1916//1916 1923//1923
f 1916//1916 1920//1920 1923//1923
f 1915//1915 1925//1925 1922//1922
f 1915//1915 1917//1917 1925//1925
f 1917//1917 1923//1923 1925//1925
f 1916//1916 1918//1918 1920//1920
f 1918//1918 1927//1927 1920//1920
f 1919//1919 1922//1922 1921//1921
f 1919//1919 1921//1921 1918//1918
f 1918//1918 1921//1921 1927//1927
f 1923//1923 1920//1920 1926//1926
f 1921//1921 1922//1922 1924//1924
f 1922//1922 1928//1928 1924//1924
f 1922//1922 1925//1925 1928//1928
f 1923//1923 1930//1930 1925//1925
f 1923//1923 1926//1926 1930//1930
f 1925//1925 1929//1929 1928//1928
f 1925//1925 1930//1930 1929//1929
f 1920//1920 1937//1937 1926//1926
f 1920//1920 1927//1927 1937//1937
f 1928//1928 1932//1932 1924//1924
f 1926//1926 1937//1937 1936//1936
f 1927//1927 1931//1931 1937//1937
f 1927//1927 1921//1921 1931//1931
f 1921//1921 1924//1924 1931//1931
f 1926//1926 1935//1935 1930//1930
f 1926//1926 1936//1936 1935//1935
f 1930//1930 1935//1935 1929//1929
f 1924//1924 1932//1932 1931//1931
f 1928//1928 1933//1933 1932//1932
f 1928//1928 1929//1929 1933//1933
f 1929//1929 1934//1934 1933//1933
f 1929//1929 1935//1935 1934//1934
f 1937//1937 1945//1945 1936//1936
f 1937//1937 1931//1931 1945//1945
f 1931//1931 1938//1938 1945//1945
f 1931//1931 1932//1932 1938//1938
f 1932//1932 1939//1939 1938//1938
f 1932//1932 1933//1933 1939//1939
f 1935//1935 1936//1936 1941//1941
f 1936//1936 1945//1945 1941//1941
f 1935//1935 1941//1941 1934//1934
f 1938//1938 1939//1939 1946//1946
f 1939//1939 1940//1940 1946//1946
f 1939//1939 1943//1943 1940//1940
f 1939//1939 1933//1933 1943//1943
f 1933//1933 1934//1934 1943//1943
f 1938//1938 1946//1946 1945//1945
f 1934//1934 1941//1941 1944//1944
f 1941//1941 1945//1945 1942//1942
f 1934//1934 1944//1944 1943//1943
f 1941//1941 1947//1947 1944//1944
f 1941//1941 1942//1942 1947//1947
f 1945//1945 1946//1946 1951//1951
f 1945//1945 1951//1951 1942//1942
f 1946//1946 1949//1949 1951//1951
f 1946//1946 1940//1940 1949//1949
f 1947//1947 1942//1942 1948//1948
f 1942//1942 1951//1951 1948//1948
f 1940//1940 1950//1950 1949//1949
f 1940//1940 1943//1943 1950//1950
f 1943//1943 1955//1955 1950//1950
f 1943//1943 1944//1944 1955//1955
f 1944//1944 1953//1953 1955//1955
f 1944//1944 1947//1947 1953//1953
f 1949//1949 1954//1954 1951//1951
f 1949//1949 1950//1950 1954//1954
f 1953//1953 1947//1947 1957//1957
f 1947//1947 1948//1948 1957//1957
f 1951//1951 1954//1954 1956//1956
f 1950//1950 1952//1952 1954//1954
f 1950//1950 1955//1955 1952//1952
f 1948//1948 1956//1956 1957//1957
f 1948//1948 1951//1951 1956//1956
f 1954//1954 1952//1952 1956//1956
f 1957//1957 1956//1956 1958//1958
f 1952//1952 1959//1959 1956//1956
f 1952//1952 1955//1955 1961//1961
f 1955//1955 1953//1953 1961//1961
f 1957//1957 1958//1958 1953//1953
f 1956//1956 1960//1960 1958//1958
f 1956//1956 1959//1959 1960//1960
f 1952//1952 1961//1961 1959//1959
f 1953//1953 1962//1962 1961//1961
f 1953//1953 1958//1958 1962//1962
f 1959//1959 1961//1961 1963//1963
f 1961//1961 1962//1962 1964//1964
f 1959//1959 1965//1965 1960//1960
f 1959//1959 1963//1963 1965//1965
f 1961//1961 1964//1964 1963//1963
f 1963//1963 1969//1969 1965//1965
f 1963//1963 1964//1964 1969//1969
f 1960//1960 1967//1967 1958//1958
f 1960//1960 1965//1965 1967//1967
f 1958//1958 1970//1970 1962//1962
f 1958//1958 1967//1967 1970//1970
f 1962//1962 1966//1966 1964//1964
f 1962//1962 1970//1970 1966//1966
f 1969//1969 1964//1964 1968//1968
f 1964//1964 1976//1976 1968//1968
f 1964//1964 1966//1966 1976//1976
f 1965//1965 1972//1972 1967//1967
f 1965//1965 1969//1969 1972//1972
f 1967//1967 1971//1971 1970//1970
f 1967//1967 1972//1972 1971//1971
f 1969//1969 1968//1968 1972//1972
f 1968//1968 1976//1976 1975//1975
f 1970//1970 1974//1974 1966//1966
f 1970//1970 1971//1971 1974//1974
f 1972//1972 1973//1973 1971//1971
f 1972//1972 1968//1968 1973//1973
f 1966//1966 1978//1978 1976//1976
f 1966//1966 1974//1974 1978//1978
f 1968//1968 1975//1975 1973//1973
f 1978//1978 1981//1981 1976//1976
f 1975//1975 1976//1976 1977//1977
f 1976//1976 1981//1981 1977//1977
f 1975//1975 1977//1977 1973//1973
f 1974//1974 1982//1982 1978//1978
f 1974//1974 1971//1971 1982//1982
f 1973//1973 1983//1983 1971//1971
f 1973//1973 1979//1979 1983//1983
f 1973//1973 1977//1977 1979//1979
f 1977//1977 1981//1981 1980//1980
f 1978//1978 1982//1982 1981//1981
f 1971//1971 1984//1984 1982//1982
f 1971//1971 1983//1983 1984//1984
f 1977//1977 1980//1980 1979//1979
f 1981//1981 1993//1993 1980//1980
f 1981//1981 1982//1982 1993//1993
f 1979//1979 1980//1980 1986//1986
f 1979//1979 1985//1985 1983//1983
f 1979//1979 1986//1986 1985//1985
f 1982//1982 1989//1989 1993//1993
f 1982//1982 1984//1984 1989//1989
f 1984//1984 1987//1987 1990//1990
f 1984//1984 1983//1983 1987//1987
f 1984//1984 1990//1990 1989//1989
f 1983//1983 1985//1985 1987//1987
f 1980//1980 1988//1988 1986//1986
f 1980//1980 1993//1993 1988//1988
f 1986//1986 1988//1988 1985//1985
f 1989//1989 1990//1990 1996//1996
f 1990//1990 1997//1997 1996//1996
f 1985//1985 1988//1988 1991//1991
f 1989//1989 1996//1996 1993//1993
f 1990//1990 1987//1987 1997//1997
f 1987//1987 1994//1994 1997//1997
f 1985//1985 1991//1991 1987//1987
f 1988//1988 1993//1993 1992//1992
f 1993//1993 1995//1995 1992//1992
f 1988//1988 1992//1992 1991//1991
f 1993//1993 1996//1996 1995//1995
f 1997//1997 1998//1998 1996//1996
f 1987//1987 2000//2000 1994//1994
f 1987//1987 1991//1991 2000//2000
f 1991//1991 1992//1992 1999//1999
f 1996//1996 1998//1998 1995//1995
f 1991//1991 1999//1999 2000//2000
f 1999//1999 1992//1992 2001//2001
f 1992//1992 2002//2002 2001//2001
f 1992//1992 1995//1995 2002//2002
f 1995//1995 2003//2003 2002//2002
f 1995//1995 2004//2004 2003//2003
f 1995//1995 1998//1998 2004//2004
f 1998//1998 2005//2005 2004//2004
f 1998//1998 2006//2006 2005//2005
f 1998//1998 2007//2007 2006//2006
f 1998//1998 1997//1997 2007//2007
f 1997//1997 2008//2008 2007//2007
f 1997//1997 1994//1994 2008//2008
f 1994//1994 2009//2009 2008//2008
f 1994//1994 2000//2000 2009//2009
f 2000//2000 2010//2010 2009//2009
f 2000//2000 2011//2011 2010//2010
f 2000//2000 1999//1999 2011//2011
f 1999//1999 2012//2012 2011//2011
f 1999//1999 2001//2001 2012//2012
# 4000 faces, 0 coords texture

# End of File
